repository,original_path,repository_path,content_bytes,sha256,storage,desktop_file_bytes,desktop_file_sha256
"chess4",".gitattributes","library/.gitattributes","171","c005fcf077ab7aefaa48ae9a74160b9366042b295fc5fe2b9b6704f3fa26b965","git","171","c005fcf077ab7aefaa48ae9a74160b9366042b295fc5fe2b9b6704f3fa26b965"
"chess6","group1/aipdf/older style/Complete Chess PDF Courses/01 - Ruy Lopez/00 - Complete Course Book.pdf","library/group1/aipdf/older style/Complete Chess PDF Courses/01 - Ruy Lopez/00 - Complete Course Book.pdf","2850596","5d42cb4cf38136944989f291983c26e3412ee835798b48115be7e9653610965f","git","2850596","5d42cb4cf38136944989f291983c26e3412ee835798b48115be7e9653610965f"
"chess6","group1/aipdf/older style/Complete Chess PDF Courses/01 - Ruy Lopez/01 - Active Training Workbook.pdf","library/group1/aipdf/older style/Complete Chess PDF Courses/01 - Ruy Lopez/01 - Active Training Workbook.pdf","2788279","ba2b60beddb681e0e582523bf6250c3843c534512496a4929bd289ca81dd38be","git","2788279","ba2b60beddb681e0e582523bf6250c3843c534512496a4929bd289ca81dd38be"
"chess6","group1/aipdf/older style/Complete Chess PDF Courses/02 - Kings Indian Defense/00 - Complete Course Book.pdf","library/group1/aipdf/older style/Complete Chess PDF Courses/02 - Kings Indian Defense/00 - Complete Course Book.pdf","2625747","36544889c2a4509fd8a37cf9b0e89c58cbc26b7109fc06dbc7bac154b9ea8859","git","2625747","36544889c2a4509fd8a37cf9b0e89c58cbc26b7109fc06dbc7bac154b9ea8859"
"chess6","group1/aipdf/older style/Complete Chess PDF Courses/02 - Kings Indian Defense/01 - Active Training Workbook.pdf","library/group1/aipdf/older style/Complete Chess PDF Courses/02 - Kings Indian Defense/01 - Active Training Workbook.pdf","2559006","71ba2dd5c962a776be6188c61b89279afec75866e6a5cb2b37b53fb7f118ba0d","git","2559006","71ba2dd5c962a776be6188c61b89279afec75866e6a5cb2b37b53fb7f118ba0d"
"chess6","group1/aipdf/older style/Complete Chess PDF Courses/03 - Kings Indian Attack/00 - Complete Course Book.pdf","library/group1/aipdf/older style/Complete Chess PDF Courses/03 - Kings Indian Attack/00 - Complete Course Book.pdf","4239028","303461fbe891c67ff96badd426a80d7a882963a4f82ddd878195d7bc8f8734c2","git","4239028","303461fbe891c67ff96badd426a80d7a882963a4f82ddd878195d7bc8f8734c2"
"chess6","group1/aipdf/older style/Complete Chess PDF Courses/03 - Kings Indian Attack/01 - Active Training Workbook.pdf","library/group1/aipdf/older style/Complete Chess PDF Courses/03 - Kings Indian Attack/01 - Active Training Workbook.pdf","4128757","4e3f0ae29a8ce47b2da26db56666724283d8bcc1a405ac8874e36b74161829b0","git","4128757","4e3f0ae29a8ce47b2da26db56666724283d8bcc1a405ac8874e36b74161829b0"
"chess6","group1/aipdf/older style/Complete Chess PDF Courses/04 - Queens Gambit/00 - Complete Course Book.pdf","library/group1/aipdf/older style/Complete Chess PDF Courses/04 - Queens Gambit/00 - Complete Course Book.pdf","3324429","04442048b764ba6b400ae276e4894f2e95da9b6196505a752db7a3e70fcadb3b","git","3324429","04442048b764ba6b400ae276e4894f2e95da9b6196505a752db7a3e70fcadb3b"
"chess6","group1/aipdf/older style/Complete Chess PDF Courses/04 - Queens Gambit/01 - Active Training Workbook.pdf","library/group1/aipdf/older style/Complete Chess PDF Courses/04 - Queens Gambit/01 - Active Training Workbook.pdf","3243687","9f9506b5fda11e745a5bb682eee5da4acdf2cf53bff2645940774f0c06ddc0c9","git","3243687","9f9506b5fda11e745a5bb682eee5da4acdf2cf53bff2645940774f0c06ddc0c9"
"chess6","group1/aipdf/older style/Complete Chess PDF Courses/05 - Kings Gambit/00 - Complete Course Book.pdf","library/group1/aipdf/older style/Complete Chess PDF Courses/05 - Kings Gambit/00 - Complete Course Book.pdf","4270793","7b94a4735d982a79faabeb47b6daf44cd07b075346066028cd9be8de326676bb","git","4270793","7b94a4735d982a79faabeb47b6daf44cd07b075346066028cd9be8de326676bb"
"chess6","group1/aipdf/older style/Complete Chess PDF Courses/05 - Kings Gambit/01 - Active Training Workbook.pdf","library/group1/aipdf/older style/Complete Chess PDF Courses/05 - Kings Gambit/01 - Active Training Workbook.pdf","4158362","9567de056434a7c67894ceb0644c3fa3fa594ee0966f8b434a9a1c1d54b4d88b","git","4158362","9567de056434a7c67894ceb0644c3fa3fa594ee0966f8b434a9a1c1d54b4d88b"
"chess6","group1/aipdf/older style/Complete Chess PDF Courses/06 - Sicilian Defense/00 - Complete Course Book.pdf","library/group1/aipdf/older style/Complete Chess PDF Courses/06 - Sicilian Defense/00 - Complete Course Book.pdf","2788356","5a8461f0455370d1155272586f4526308102e5157f1d8402d65148963dab62be","git","2788356","5a8461f0455370d1155272586f4526308102e5157f1d8402d65148963dab62be"
"chess6","group1/aipdf/older style/Complete Chess PDF Courses/06 - Sicilian Defense/01 - Active Training Workbook.pdf","library/group1/aipdf/older style/Complete Chess PDF Courses/06 - Sicilian Defense/01 - Active Training Workbook.pdf","2725127","01beac7e9c9843480172374f0d15aec263ad32b8e288cf6136a30fb93f5674ff","git","2725127","01beac7e9c9843480172374f0d15aec263ad32b8e288cf6136a30fb93f5674ff"
"chess6","group1/aipdf/older style/Complete Chess PDF Courses/07 - Caro-Kann Defense/00 - Complete Course Book.pdf","library/group1/aipdf/older style/Complete Chess PDF Courses/07 - Caro-Kann Defense/00 - Complete Course Book.pdf","2767121","78bbd1567b1e44a716652b44fba42b3dac0c5d73793658ff3f3d5c41c152a1ea","git","2767121","78bbd1567b1e44a716652b44fba42b3dac0c5d73793658ff3f3d5c41c152a1ea"
"chess6","group1/aipdf/older style/Complete Chess PDF Courses/07 - Caro-Kann Defense/01 - Active Training Workbook.pdf","library/group1/aipdf/older style/Complete Chess PDF Courses/07 - Caro-Kann Defense/01 - Active Training Workbook.pdf","2704077","c5b7be05a927272f567599c45e09fad6856013d1414e02c20441d0556fef4123","git","2704077","c5b7be05a927272f567599c45e09fad6856013d1414e02c20441d0556fef4123"
"chess6","group1/aipdf/older style/Complete Chess PDF Courses/08 - Hippopotamus Defense/00 - Complete Course Book.pdf","library/group1/aipdf/older style/Complete Chess PDF Courses/08 - Hippopotamus Defense/00 - Complete Course Book.pdf","4233742","c1fa137f37ff61e3991f51776b0febbdf0e11d987a48875bbfc6039d9b9ee71f","git","4233742","c1fa137f37ff61e3991f51776b0febbdf0e11d987a48875bbfc6039d9b9ee71f"
"chess6","group1/aipdf/older style/Complete Chess PDF Courses/08 - Hippopotamus Defense/01 - Active Training Workbook.pdf","library/group1/aipdf/older style/Complete Chess PDF Courses/08 - Hippopotamus Defense/01 - Active Training Workbook.pdf","4114865","dd772e7786033c7d2032d3a8e4caa2ae3d04d5ae726333b2e682713eb60a34db","git","4114865","dd772e7786033c7d2032d3a8e4caa2ae3d04d5ae726333b2e682713eb60a34db"
"chess6","group1/aipdf/older style/Complete Chess PDF Courses/09 - Positional Chess/00 - Complete Course Book.pdf","library/group1/aipdf/older style/Complete Chess PDF Courses/09 - Positional Chess/00 - Complete Course Book.pdf","2759355","8db0148298694e027c8bb3ba5bb02c5b3cb36ea9273518b77bfd99d53deae0b0","git","2759355","8db0148298694e027c8bb3ba5bb02c5b3cb36ea9273518b77bfd99d53deae0b0"
"chess6","group1/aipdf/older style/Complete Chess PDF Courses/09 - Positional Chess/01 - Active Training Workbook.pdf","library/group1/aipdf/older style/Complete Chess PDF Courses/09 - Positional Chess/01 - Active Training Workbook.pdf","2674241","851440b7887c752fa3a48c461bfd7cbc231e0269337d3ab7981ab45448cd2e76","git","2674241","851440b7887c752fa3a48c461bfd7cbc231e0269337d3ab7981ab45448cd2e76"
"chess6","group1/aipdf/older style/Complete Chess PDF Courses/1 d4 2 c4 Complete White Repertoire/00 - Course Index and Study Order.txt","library/group1/aipdf/older style/Complete Chess PDF Courses/1 d4 2 c4 Complete White Repertoire/00 - Course Index and Study Order.txt","1974","eed164db9847cd3a331d6621e62b1326cafd6c4fc8625f7e5709eb32a1e2de68","git","1974","eed164db9847cd3a331d6621e62b1326cafd6c4fc8625f7e5709eb32a1e2de68"
"chess6","group1/aipdf/older style/Complete Chess PDF Courses/1 d4 2 c4 Complete White Repertoire/00 - Course QA.txt","library/group1/aipdf/older style/Complete Chess PDF Courses/1 d4 2 c4 Complete White Repertoire/00 - Course QA.txt","787","e9f831af295263060d32580d156ee7a69ddcc0f86c56cc6fbaaedee2cee0832f","git","787","e9f831af295263060d32580d156ee7a69ddcc0f86c56cc6fbaaedee2cee0832f"
"chess6","group1/aipdf/older style/Complete Chess PDF Courses/1 d4 2 c4 Complete White Repertoire/01 - Start Here and Foundations/00 - Complete Course Book.pdf","library/group1/aipdf/older style/Complete Chess PDF Courses/1 d4 2 c4 Complete White Repertoire/01 - Start Here and Foundations/00 - Complete Course Book.pdf","816892","ecf85755ec31f6995e6a079cc05104aaaf30e41bd0d804b6cf253a20f50f32ba","git","816892","ecf85755ec31f6995e6a079cc05104aaaf30e41bd0d804b6cf253a20f50f32ba"
"chess6","group1/aipdf/older style/Complete Chess PDF Courses/1 d4 2 c4 Complete White Repertoire/01 - Start Here and Foundations/01 - Active Training Workbook.pdf","library/group1/aipdf/older style/Complete Chess PDF Courses/1 d4 2 c4 Complete White Repertoire/01 - Start Here and Foundations/01 - Active Training Workbook.pdf","771455","227f29d008db9b4503b136da46404a5dbef5fa4b5355390ddb79ad199f964e95","git","771455","227f29d008db9b4503b136da46404a5dbef5fa4b5355390ddb79ad199f964e95"
"chess6","group1/aipdf/older style/Complete Chess PDF Courses/1 d4 2 c4 Complete White Repertoire/02 - Queens Gambit Accepted/00 - Complete Course Book.pdf","library/group1/aipdf/older style/Complete Chess PDF Courses/1 d4 2 c4 Complete White Repertoire/02 - Queens Gambit Accepted/00 - Complete Course Book.pdf","471970","a1314e62957079d228693dee0932328afd70cf0859d5eccf912797b09ce91c3e","git","471970","a1314e62957079d228693dee0932328afd70cf0859d5eccf912797b09ce91c3e"
"chess6","group1/aipdf/older style/Complete Chess PDF Courses/1 d4 2 c4 Complete White Repertoire/02 - Queens Gambit Accepted/01 - Active Training Workbook.pdf","library/group1/aipdf/older style/Complete Chess PDF Courses/1 d4 2 c4 Complete White Repertoire/02 - Queens Gambit Accepted/01 - Active Training Workbook.pdf","428105","407279f4756bac2554661246f1c0d41d95d22fd3a2091ffb40e00f996337f513","git","428105","407279f4756bac2554661246f1c0d41d95d22fd3a2091ffb40e00f996337f513"
"chess6","group1/aipdf/older style/Complete Chess PDF Courses/1 d4 2 c4 Complete White Repertoire/03 - QGD Exchange and Carlsbad/00 - Complete Course Book.pdf","library/group1/aipdf/older style/Complete Chess PDF Courses/1 d4 2 c4 Complete White Repertoire/03 - QGD Exchange and Carlsbad/00 - Complete Course Book.pdf","310463","2e9ba10f7af6747a6119560e48b2e57c5eaa42bdab940977078c9e96146e92b1","git","310463","2e9ba10f7af6747a6119560e48b2e57c5eaa42bdab940977078c9e96146e92b1"
"chess6","group1/aipdf/older style/Complete Chess PDF Courses/1 d4 2 c4 Complete White Repertoire/03 - QGD Exchange and Carlsbad/01 - Active Training Workbook.pdf","library/group1/aipdf/older style/Complete Chess PDF Courses/1 d4 2 c4 Complete White Repertoire/03 - QGD Exchange and Carlsbad/01 - Active Training Workbook.pdf","265707","1546042d8ea61e8e5dbb56bff3f50339e7457f79b6b67f87fe301d0fa84dfd36","git","265707","1546042d8ea61e8e5dbb56bff3f50339e7457f79b6b67f87fe301d0fa84dfd36"
"chess6","group1/aipdf/older style/Complete Chess PDF Courses/1 d4 2 c4 Complete White Repertoire/04 - QGD Main Systems/00 - Complete Course Book.pdf","library/group1/aipdf/older style/Complete Chess PDF Courses/1 d4 2 c4 Complete White Repertoire/04 - QGD Main Systems/00 - Complete Course Book.pdf","564412","4a8198d0a02a876af0dca8c35d1a7b70d6dc1b67b5b9fdccdd49b581a580c577","git","564412","4a8198d0a02a876af0dca8c35d1a7b70d6dc1b67b5b9fdccdd49b581a580c577"
"chess6","group1/aipdf/older style/Complete Chess PDF Courses/1 d4 2 c4 Complete White Repertoire/04 - QGD Main Systems/01 - Active Training Workbook.pdf","library/group1/aipdf/older style/Complete Chess PDF Courses/1 d4 2 c4 Complete White Repertoire/04 - QGD Main Systems/01 - Active Training Workbook.pdf","521349","fca463b33b8df2e0bea6f0994757306044b353359f70a6bf007584eb9cca29b2","git","521349","fca463b33b8df2e0bea6f0994757306044b353359f70a6bf007584eb9cca29b2"
"chess6","group1/aipdf/older style/Complete Chess PDF Courses/1 d4 2 c4 Complete White Repertoire/05 - Ragozin Vienna and Tarrasch/00 - Complete Course Book.pdf","library/group1/aipdf/older style/Complete Chess PDF Courses/1 d4 2 c4 Complete White Repertoire/05 - Ragozin Vienna and Tarrasch/00 - Complete Course Book.pdf","636936","fd784040d286619431809b8c96f008a2aa686e2ecabacdc8bd22b47886842f2b","git","636936","fd784040d286619431809b8c96f008a2aa686e2ecabacdc8bd22b47886842f2b"
"chess6","group1/aipdf/older style/Complete Chess PDF Courses/1 d4 2 c4 Complete White Repertoire/05 - Ragozin Vienna and Tarrasch/01 - Active Training Workbook.pdf","library/group1/aipdf/older style/Complete Chess PDF Courses/1 d4 2 c4 Complete White Repertoire/05 - Ragozin Vienna and Tarrasch/01 - Active Training Workbook.pdf","593549","3b3b23a2f32461338b02c6efe75c08dd29b5e828c5a1500f959f6eefa657249d","git","593549","3b3b23a2f32461338b02c6efe75c08dd29b5e828c5a1500f959f6eefa657249d"
"chess6","group1/aipdf/older style/Complete Chess PDF Courses/1 d4 2 c4 Complete White Repertoire/06 - Slav Defense/00 - Complete Course Book.pdf","library/group1/aipdf/older style/Complete Chess PDF Courses/1 d4 2 c4 Complete White Repertoire/06 - Slav Defense/00 - Complete Course Book.pdf","568339","0451e46bbfa769d1f5938ae2e83ca438524a8af5d0e220cb496ea5bb6eb33aef","git","568339","0451e46bbfa769d1f5938ae2e83ca438524a8af5d0e220cb496ea5bb6eb33aef"
"chess6","group1/aipdf/older style/Complete Chess PDF Courses/1 d4 2 c4 Complete White Repertoire/06 - Slav Defense/01 - Active Training Workbook.pdf","library/group1/aipdf/older style/Complete Chess PDF Courses/1 d4 2 c4 Complete White Repertoire/06 - Slav Defense/01 - Active Training Workbook.pdf","524989","d9cac7c38eaf2935c6305967bf3cc20a2d2f7279b503135b22fa514a021c602b","git","524989","d9cac7c38eaf2935c6305967bf3cc20a2d2f7279b503135b22fa514a021c602b"
"chess6","group1/aipdf/older style/Complete Chess PDF Courses/1 d4 2 c4 Complete White Repertoire/07 - Semi-Slav Defense/00 - Complete Course Book.pdf","library/group1/aipdf/older style/Complete Chess PDF Courses/1 d4 2 c4 Complete White Repertoire/07 - Semi-Slav Defense/00 - Complete Course Book.pdf","486479","33ea7aa658a6019f51fb1420d091fd2e7cc234abd8251c178efde42ca23531f3","git","486479","33ea7aa658a6019f51fb1420d091fd2e7cc234abd8251c178efde42ca23531f3"
"chess6","group1/aipdf/older style/Complete Chess PDF Courses/1 d4 2 c4 Complete White Repertoire/07 - Semi-Slav Defense/01 - Active Training Workbook.pdf","library/group1/aipdf/older style/Complete Chess PDF Courses/1 d4 2 c4 Complete White Repertoire/07 - Semi-Slav Defense/01 - Active Training Workbook.pdf","442601","1fb2ba9a55dfdbd925a3b74dbd99944caf70372b12bad8958b88809fae947044","git","442601","1fb2ba9a55dfdbd925a3b74dbd99944caf70372b12bad8958b88809fae947044"
"chess6","group1/aipdf/older style/Complete Chess PDF Courses/1 d4 2 c4 Complete White Repertoire/08 - 1 d5 Sidelines/00 - Complete Course Book.pdf","library/group1/aipdf/older style/Complete Chess PDF Courses/1 d4 2 c4 Complete White Repertoire/08 - 1 d5 Sidelines/00 - Complete Course Book.pdf","476127","71bf9e34db1fd96cf87fc08e2a2994dad1c20583be026524e6849e18843d44a1","git","476127","71bf9e34db1fd96cf87fc08e2a2994dad1c20583be026524e6849e18843d44a1"
"chess6","group1/aipdf/older style/Complete Chess PDF Courses/1 d4 2 c4 Complete White Repertoire/08 - 1 d5 Sidelines/01 - Active Training Workbook.pdf","library/group1/aipdf/older style/Complete Chess PDF Courses/1 d4 2 c4 Complete White Repertoire/08 - 1 d5 Sidelines/01 - Active Training Workbook.pdf","432133","a9643b8ff313ca54349e80489e11e1a598944dcb3c024772d42e0abba4e52452","git","432133","a9643b8ff313ca54349e80489e11e1a598944dcb3c024772d42e0abba4e52452"
"chess6","group1/aipdf/older style/Complete Chess PDF Courses/1 d4 2 c4 Complete White Repertoire/09 - Kings Indian Defense/00 - Complete Course Book.pdf","library/group1/aipdf/older style/Complete Chess PDF Courses/1 d4 2 c4 Complete White Repertoire/09 - Kings Indian Defense/00 - Complete Course Book.pdf","851370","d63bb6d24c1e804cd91b9061ead83e61ba31debf74d80d488bb97f0b2c7f391a","git","851370","d63bb6d24c1e804cd91b9061ead83e61ba31debf74d80d488bb97f0b2c7f391a"
"chess6","group1/aipdf/older style/Complete Chess PDF Courses/1 d4 2 c4 Complete White Repertoire/09 - Kings Indian Defense/01 - Active Training Workbook.pdf","library/group1/aipdf/older style/Complete Chess PDF Courses/1 d4 2 c4 Complete White Repertoire/09 - Kings Indian Defense/01 - Active Training Workbook.pdf","806924","e7a8bcfa4911e6c1d8bdb25992359bb1a2500b2a245b70c4c6aa3179ac1739fb","git","806924","e7a8bcfa4911e6c1d8bdb25992359bb1a2500b2a245b70c4c6aa3179ac1739fb"
"chess6","group1/aipdf/older style/Complete Chess PDF Courses/1 d4 2 c4 Complete White Repertoire/10 - Gruenfeld Defense/00 - Complete Course Book.pdf","library/group1/aipdf/older style/Complete Chess PDF Courses/1 d4 2 c4 Complete White Repertoire/10 - Gruenfeld Defense/00 - Complete Course Book.pdf","1328659","dd727e2342174c8709428167553529526ea16a66aa5b156c451b50ba6791f6dc","git","1328659","dd727e2342174c8709428167553529526ea16a66aa5b156c451b50ba6791f6dc"
"chess6","group1/aipdf/older style/Complete Chess PDF Courses/1 d4 2 c4 Complete White Repertoire/10 - Gruenfeld Defense/01 - Active Training Workbook.pdf","library/group1/aipdf/older style/Complete Chess PDF Courses/1 d4 2 c4 Complete White Repertoire/10 - Gruenfeld Defense/01 - Active Training Workbook.pdf","1285854","b9858b5cf2fedf21e00635791e7cc1dee2a7cb8afa3bfd1b4436ac465a2d4fbe","git","1285854","b9858b5cf2fedf21e00635791e7cc1dee2a7cb8afa3bfd1b4436ac465a2d4fbe"
"chess6","group1/aipdf/older style/Complete Chess PDF Courses/1 d4 2 c4 Complete White Repertoire/11 - Queens Indian and Bogo/00 - Complete Course Book.pdf","library/group1/aipdf/older style/Complete Chess PDF Courses/1 d4 2 c4 Complete White Repertoire/11 - Queens Indian and Bogo/00 - Complete Course Book.pdf","1267417","fa731802dd2aad51a9d11f0e319a47fc9a3d1db9495b17133b544fd0b3da74dc","git","1267417","fa731802dd2aad51a9d11f0e319a47fc9a3d1db9495b17133b544fd0b3da74dc"
"chess6","group1/aipdf/older style/Complete Chess PDF Courses/1 d4 2 c4 Complete White Repertoire/11 - Queens Indian and Bogo/01 - Active Training Workbook.pdf","library/group1/aipdf/older style/Complete Chess PDF Courses/1 d4 2 c4 Complete White Repertoire/11 - Queens Indian and Bogo/01 - Active Training Workbook.pdf","1224033","8b7bf18c3ecd35eb941a06167429d9dd425a887b6ab4b36703ed9ab6397ab164","git","1224033","8b7bf18c3ecd35eb941a06167429d9dd425a887b6ab4b36703ed9ab6397ab164"
"chess6","group1/aipdf/older style/Complete Chess PDF Courses/1 d4 2 c4 Complete White Repertoire/12 - Benoni Systems/00 - Complete Course Book.pdf","library/group1/aipdf/older style/Complete Chess PDF Courses/1 d4 2 c4 Complete White Repertoire/12 - Benoni Systems/00 - Complete Course Book.pdf","1361768","8feba8f40f56903779a841dd44d50a0bfe7365b065fbb6a530c9ce08131013f2","git","1361768","8feba8f40f56903779a841dd44d50a0bfe7365b065fbb6a530c9ce08131013f2"
"chess6","group1/aipdf/older style/Complete Chess PDF Courses/1 d4 2 c4 Complete White Repertoire/12 - Benoni Systems/01 - Active Training Workbook.pdf","library/group1/aipdf/older style/Complete Chess PDF Courses/1 d4 2 c4 Complete White Repertoire/12 - Benoni Systems/01 - Active Training Workbook.pdf","1317915","2c0260258eb0809ecbee73ab9142f1f40e7b020c153dfa0df285971fb717b320","git","1317915","2c0260258eb0809ecbee73ab9142f1f40e7b020c153dfa0df285971fb717b320"
"chess6","group1/aipdf/older style/Complete Chess PDF Courses/1 d4 2 c4 Complete White Repertoire/13 - Benko Gambit/00 - Complete Course Book.pdf","library/group1/aipdf/older style/Complete Chess PDF Courses/1 d4 2 c4 Complete White Repertoire/13 - Benko Gambit/00 - Complete Course Book.pdf","1429480","d4270d4458f68f216cd432f8729e427d387bab64982faa2212042a9cb5fac6b2","git","1429480","d4270d4458f68f216cd432f8729e427d387bab64982faa2212042a9cb5fac6b2"
"chess6","group1/aipdf/older style/Complete Chess PDF Courses/1 d4 2 c4 Complete White Repertoire/13 - Benko Gambit/01 - Active Training Workbook.pdf","library/group1/aipdf/older style/Complete Chess PDF Courses/1 d4 2 c4 Complete White Repertoire/13 - Benko Gambit/01 - Active Training Workbook.pdf","1386320","40ee151ed8dd7c49afe6ba1f6b5eacb251b15d1fdbc81ecdc81ca3e9a378ecd4","git","1386320","40ee151ed8dd7c49afe6ba1f6b5eacb251b15d1fdbc81ecdc81ca3e9a378ecd4"
"chess6","group1/aipdf/older style/Complete Chess PDF Courses/1 d4 2 c4 Complete White Repertoire/14 - Dutch Defense/00 - Complete Course Book.pdf","library/group1/aipdf/older style/Complete Chess PDF Courses/1 d4 2 c4 Complete White Repertoire/14 - Dutch Defense/00 - Complete Course Book.pdf","1766347","feb65f31152c516ba611f1bff610f7753cc717e355365dfad0a8673985fc6a6b","git","1766347","feb65f31152c516ba611f1bff610f7753cc717e355365dfad0a8673985fc6a6b"
"chess6","group1/aipdf/older style/Complete Chess PDF Courses/1 d4 2 c4 Complete White Repertoire/14 - Dutch Defense/01 - Active Training Workbook.pdf","library/group1/aipdf/older style/Complete Chess PDF Courses/1 d4 2 c4 Complete White Repertoire/14 - Dutch Defense/01 - Active Training Workbook.pdf","1723357","cbfb3083c433c89f5eabadb9f9c5eb38bef8a930b9a14ad5d414bee8afbf95b9","git","1723357","cbfb3083c433c89f5eabadb9f9c5eb38bef8a930b9a14ad5d414bee8afbf95b9"
"chess6","group1/aipdf/older style/Complete Chess PDF Courses/1 d4 2 c4 Complete White Repertoire/15 - Rare Defenses/00 - Complete Course Book.pdf","library/group1/aipdf/older style/Complete Chess PDF Courses/1 d4 2 c4 Complete White Repertoire/15 - Rare Defenses/00 - Complete Course Book.pdf","1813938","a1b195d21523d7a5ea9eaa9c20ab9a047331c73fd244504b22454a653fdb485d","git","1813938","a1b195d21523d7a5ea9eaa9c20ab9a047331c73fd244504b22454a653fdb485d"
"chess6","group1/aipdf/older style/Complete Chess PDF Courses/1 d4 2 c4 Complete White Repertoire/15 - Rare Defenses/01 - Active Training Workbook.pdf","library/group1/aipdf/older style/Complete Chess PDF Courses/1 d4 2 c4 Complete White Repertoire/15 - Rare Defenses/01 - Active Training Workbook.pdf","1770456","a1af5e09f657571fdd777352c03a753575b18af77ca6594198afdf4ffc3a9d9a","git","1770456","a1af5e09f657571fdd777352c03a753575b18af77ca6594198afdf4ffc3a9d9a"
"chess6","group1/aipdf/older style/Complete Chess PDF Courses/1 d4 2 c4 Complete White Repertoire/16 - Repertoire Pawn Structures/00 - Complete Course Book.pdf","library/group1/aipdf/older style/Complete Chess PDF Courses/1 d4 2 c4 Complete White Repertoire/16 - Repertoire Pawn Structures/00 - Complete Course Book.pdf","1512770","6465c72a029e001bc68565371d095441adafe44fa108b059c570047dd959827c","git","1512770","6465c72a029e001bc68565371d095441adafe44fa108b059c570047dd959827c"
"chess6","group1/aipdf/older style/Complete Chess PDF Courses/1 d4 2 c4 Complete White Repertoire/16 - Repertoire Pawn Structures/01 - Active Training Workbook.pdf","library/group1/aipdf/older style/Complete Chess PDF Courses/1 d4 2 c4 Complete White Repertoire/16 - Repertoire Pawn Structures/01 - Active Training Workbook.pdf","1468124","f87e8a9d102a8ae361346319aa007460748ffc3ea31762772b00a7b76de72c92","git","1468124","f87e8a9d102a8ae361346319aa007460748ffc3ea31762772b00a7b76de72c92"
"chess6","group1/aipdf/older style/Complete Chess PDF Courses/1 d4 2 c4 Complete White Repertoire/17 - Middlegame Plans/00 - Complete Course Book.pdf","library/group1/aipdf/older style/Complete Chess PDF Courses/1 d4 2 c4 Complete White Repertoire/17 - Middlegame Plans/00 - Complete Course Book.pdf","1618975","acea8183fa4e6483ebb9daf2341ad4f1632283556bd6c78baa2110ce85c6b549","git","1618975","acea8183fa4e6483ebb9daf2341ad4f1632283556bd6c78baa2110ce85c6b549"
"chess6","group1/aipdf/older style/Complete Chess PDF Courses/1 d4 2 c4 Complete White Repertoire/17 - Middlegame Plans/01 - Active Training Workbook.pdf","library/group1/aipdf/older style/Complete Chess PDF Courses/1 d4 2 c4 Complete White Repertoire/17 - Middlegame Plans/01 - Active Training Workbook.pdf","1574589","6acf4ea3a4b4d45a57dadc4f7b9d89774c9d1a76259d1987280d6f0a15cf490b","git","1574589","6acf4ea3a4b4d45a57dadc4f7b9d89774c9d1a76259d1987280d6f0a15cf490b"
"chess6","group1/aipdf/older style/Complete Chess PDF Courses/1 d4 2 c4 Complete White Repertoire/18 - Tactics and Calculation/00 - Complete Course Book.pdf","library/group1/aipdf/older style/Complete Chess PDF Courses/1 d4 2 c4 Complete White Repertoire/18 - Tactics and Calculation/00 - Complete Course Book.pdf","1700101","55c56586024d83395027f225abf90882cdca48a4868b3a87cfe0cf82ea4f9c30","git","1700101","55c56586024d83395027f225abf90882cdca48a4868b3a87cfe0cf82ea4f9c30"
"chess6","group1/aipdf/older style/Complete Chess PDF Courses/1 d4 2 c4 Complete White Repertoire/18 - Tactics and Calculation/01 - Active Training Workbook.pdf","library/group1/aipdf/older style/Complete Chess PDF Courses/1 d4 2 c4 Complete White Repertoire/18 - Tactics and Calculation/01 - Active Training Workbook.pdf","1655883","e8a12b91fd963a90edea1786c685539081a771622b42c987074590e38a994707","git","1655883","e8a12b91fd963a90edea1786c685539081a771622b42c987074590e38a994707"
"chess6","group1/aipdf/older style/Complete Chess PDF Courses/1 d4 2 c4 Complete White Repertoire/19 - Endgames and Conversion/00 - Complete Course Book.pdf","library/group1/aipdf/older style/Complete Chess PDF Courses/1 d4 2 c4 Complete White Repertoire/19 - Endgames and Conversion/00 - Complete Course Book.pdf","1606307","b0f41eebdeea4127e0e5bca8c0734b345188f7380d8e4aa2a429863f7c2f5826","git","1606307","b0f41eebdeea4127e0e5bca8c0734b345188f7380d8e4aa2a429863f7c2f5826"
"chess6","group1/aipdf/older style/Complete Chess PDF Courses/1 d4 2 c4 Complete White Repertoire/19 - Endgames and Conversion/01 - Active Training Workbook.pdf","library/group1/aipdf/older style/Complete Chess PDF Courses/1 d4 2 c4 Complete White Repertoire/19 - Endgames and Conversion/01 - Active Training Workbook.pdf","1561789","acb2432a6950444487d4bdd625033fd1323109bd0a05b3debba6dd915d043c21","git","1561789","acb2432a6950444487d4bdd625033fd1323109bd0a05b3debba6dd915d043c21"
"chess6","group1/aipdf/older style/Complete Chess PDF Courses/1 d4 2 c4 Complete White Repertoire/20 - Theory Training/00 - Complete Course Book.pdf","library/group1/aipdf/older style/Complete Chess PDF Courses/1 d4 2 c4 Complete White Repertoire/20 - Theory Training/00 - Complete Course Book.pdf","1519069","82b047ebe9352bb98af339a71158367381320d0d251cb9aa11574dd802e595cb","git","1519069","82b047ebe9352bb98af339a71158367381320d0d251cb9aa11574dd802e595cb"
"chess6","group1/aipdf/older style/Complete Chess PDF Courses/1 d4 2 c4 Complete White Repertoire/20 - Theory Training/01 - Active Training Workbook.pdf","library/group1/aipdf/older style/Complete Chess PDF Courses/1 d4 2 c4 Complete White Repertoire/20 - Theory Training/01 - Active Training Workbook.pdf","1474429","503bf1842d065127851003516c6bd1bfa3604f827da95bb0cc75f38356ebcb83","git","1474429","503bf1842d065127851003516c6bd1bfa3604f827da95bb0cc75f38356ebcb83"
"chess6","group1/aipdf/older style/Complete Chess PDF Courses/10 - Solid Chess/00 - Complete Course Book.pdf","library/group1/aipdf/older style/Complete Chess PDF Courses/10 - Solid Chess/00 - Complete Course Book.pdf","2717511","f8d123f7eb7ae84c38a2d972b8b221a6e8d0eb8fa5911a2ca88d0895dad751a3","git","2717511","f8d123f7eb7ae84c38a2d972b8b221a6e8d0eb8fa5911a2ca88d0895dad751a3"
"chess6","group1/aipdf/older style/Complete Chess PDF Courses/10 - Solid Chess/01 - Active Training Workbook.pdf","library/group1/aipdf/older style/Complete Chess PDF Courses/10 - Solid Chess/01 - Active Training Workbook.pdf","2653025","27e600457a76d4ddb0caedc233ec6a91170159d9c2d066eef10c4a88b8d8d68a","git","2653025","27e600457a76d4ddb0caedc233ec6a91170159d9c2d066eef10c4a88b8d8d68a"
"chess6","group1/aipdf/older style/Complete Chess PDF Courses/11 - Getting to 2200 Elo/00 - Complete Course Book.pdf","library/group1/aipdf/older style/Complete Chess PDF Courses/11 - Getting to 2200 Elo/00 - Complete Course Book.pdf","2803195","a855df6ed31370c3a61b01906f80c30e5d3e5c023583a23e19695b13f40757d7","git","2803195","a855df6ed31370c3a61b01906f80c30e5d3e5c023583a23e19695b13f40757d7"
"chess6","group1/aipdf/older style/Complete Chess PDF Courses/11 - Getting to 2200 Elo/01 - Active Training Workbook.pdf","library/group1/aipdf/older style/Complete Chess PDF Courses/11 - Getting to 2200 Elo/01 - Active Training Workbook.pdf","2694853","c072617238374b7f0847ce82de432e2926c18740f6cbed157f2d1b2fbc420b71","git","2694853","c072617238374b7f0847ce82de432e2926c18740f6cbed157f2d1b2fbc420b71"
"chess6","group1/aipdf/older style/Complete Chess PDF Courses/12 - Italian Game/00 - Complete Course Book.pdf","library/group1/aipdf/older style/Complete Chess PDF Courses/12 - Italian Game/00 - Complete Course Book.pdf","2551976","27932be0084d111db312ae9ce7d0c38877786977a64aa2c0c33c5389f607341a","git","2551976","27932be0084d111db312ae9ce7d0c38877786977a64aa2c0c33c5389f607341a"
"chess6","group1/aipdf/older style/Complete Chess PDF Courses/12 - Italian Game/01 - Active Training Workbook.pdf","library/group1/aipdf/older style/Complete Chess PDF Courses/12 - Italian Game/01 - Active Training Workbook.pdf","2489632","08c77868f1550581a2d74e5f16bbdb7f9479d0eea65eb9d3d0fa2d3a0adac342","git","2489632","08c77868f1550581a2d74e5f16bbdb7f9479d0eea65eb9d3d0fa2d3a0adac342"
"chess6","group1/aipdf/older style/Complete Chess PDF Courses/13 - Scotch Game/00 - Complete Course Book.pdf","library/group1/aipdf/older style/Complete Chess PDF Courses/13 - Scotch Game/00 - Complete Course Book.pdf","1371004","348892d91823c917b8db6e37833250e1eb735e085976906b88d299569d8d872d","git","1371004","348892d91823c917b8db6e37833250e1eb735e085976906b88d299569d8d872d"
"chess6","group1/aipdf/older style/Complete Chess PDF Courses/13 - Scotch Game/01 - Active Training Workbook.pdf","library/group1/aipdf/older style/Complete Chess PDF Courses/13 - Scotch Game/01 - Active Training Workbook.pdf","1327580","ef648779e042bd98d9896345d8e657c7539108ba20647112350e9d570e7abc3f","git","1327580","ef648779e042bd98d9896345d8e657c7539108ba20647112350e9d570e7abc3f"
"chess6","group1/aipdf/older style/Complete Chess PDF Courses/14 - English Opening/00 - Complete Course Book.pdf","library/group1/aipdf/older style/Complete Chess PDF Courses/14 - English Opening/00 - Complete Course Book.pdf","1749888","66de41b28e609db4725fee9c2c6afd265fd52daec4d8e33bf4a1581a5b779c74","git","1749888","66de41b28e609db4725fee9c2c6afd265fd52daec4d8e33bf4a1581a5b779c74"
"chess6","group1/aipdf/older style/Complete Chess PDF Courses/14 - English Opening/01 - Active Training Workbook.pdf","library/group1/aipdf/older style/Complete Chess PDF Courses/14 - English Opening/01 - Active Training Workbook.pdf","1706762","09e56fce0791777394cf52fcdfacd7e2d224aed12b469e0e4613f63eccb17d02","git","1706762","09e56fce0791777394cf52fcdfacd7e2d224aed12b469e0e4613f63eccb17d02"
"chess6","group1/aipdf/older style/Complete Chess PDF Courses/15 - Catalan Opening/00 - Complete Course Book.pdf","library/group1/aipdf/older style/Complete Chess PDF Courses/15 - Catalan Opening/00 - Complete Course Book.pdf","1480033","7196811270891ad32a8b90c415a07f60d6477f88558d40f745feaa4caec12c48","git","1480033","7196811270891ad32a8b90c415a07f60d6477f88558d40f745feaa4caec12c48"
"chess6","group1/aipdf/older style/Complete Chess PDF Courses/15 - Catalan Opening/01 - Active Training Workbook.pdf","library/group1/aipdf/older style/Complete Chess PDF Courses/15 - Catalan Opening/01 - Active Training Workbook.pdf","1436869","adb8f9c4dcfc15934ee870470b12a33bfe3e10033a60ec83400b41d531987017","git","1436869","adb8f9c4dcfc15934ee870470b12a33bfe3e10033a60ec83400b41d531987017"
"chess6","group1/aipdf/older style/Complete Chess PDF Courses/16 - French Defense/00 - Complete Course Book.pdf","library/group1/aipdf/older style/Complete Chess PDF Courses/16 - French Defense/00 - Complete Course Book.pdf","2803128","04434a2388fc70fa52c479456f500c04862045963c6295a7fd6fc148573ec8c8","git","2803128","04434a2388fc70fa52c479456f500c04862045963c6295a7fd6fc148573ec8c8"
"chess6","group1/aipdf/older style/Complete Chess PDF Courses/16 - French Defense/01 - Active Training Workbook.pdf","library/group1/aipdf/older style/Complete Chess PDF Courses/16 - French Defense/01 - Active Training Workbook.pdf","2740221","a814c9913c4c751bd7c1f89d20e7b8c59a8eb26c676b87a13a2dd20f27af3b4b","git","2740221","a814c9913c4c751bd7c1f89d20e7b8c59a8eb26c676b87a13a2dd20f27af3b4b"
"chess6","group1/aipdf/older style/Complete Chess PDF Courses/17 - Scandinavian Defense/00 - Complete Course Book.pdf","library/group1/aipdf/older style/Complete Chess PDF Courses/17 - Scandinavian Defense/00 - Complete Course Book.pdf","2635503","841bf9d691efbba1f4173382eb961981cc480f775d1856bac9405486dae87adc","git","2635503","841bf9d691efbba1f4173382eb961981cc480f775d1856bac9405486dae87adc"
"chess6","group1/aipdf/older style/Complete Chess PDF Courses/17 - Scandinavian Defense/01 - Active Training Workbook.pdf","library/group1/aipdf/older style/Complete Chess PDF Courses/17 - Scandinavian Defense/01 - Active Training Workbook.pdf","2572698","b0a57b0c2be38c0a445c1cbc8b40856bf390252b16359bebe7c732503409880d","git","2572698","b0a57b0c2be38c0a445c1cbc8b40856bf390252b16359bebe7c732503409880d"
"chess6","group1/aipdf/older style/Complete Chess PDF Courses/18 - Bishops Opening/00 - Complete Course Book.pdf","library/group1/aipdf/older style/Complete Chess PDF Courses/18 - Bishops Opening/00 - Complete Course Book.pdf","2589549","e12e675f3d5a1d925b31e4f29deade31ec74ce14b49422635fb431171b472ad7","git","2589549","e12e675f3d5a1d925b31e4f29deade31ec74ce14b49422635fb431171b472ad7"
"chess6","group1/aipdf/older style/Complete Chess PDF Courses/18 - Bishops Opening/01 - Active Training Workbook.pdf","library/group1/aipdf/older style/Complete Chess PDF Courses/18 - Bishops Opening/01 - Active Training Workbook.pdf","2527174","4b1e14f3b6e12709a4981d4fc38828f31e3823e2790a3e43157e843c51c3d2c7","git","2527174","4b1e14f3b6e12709a4981d4fc38828f31e3823e2790a3e43157e843c51c3d2c7"
"chess6","group1/aipdf/older style/Complete Chess PDF Courses/19 - Slav and Semi-Slav/00 - Complete Course Book.pdf","library/group1/aipdf/older style/Complete Chess PDF Courses/19 - Slav and Semi-Slav/00 - Complete Course Book.pdf","1611282","84fd37a2189fc7b9ef033f9b95ae0d98e56f46b92dd1c559eed5b8cb1cc1e070","git","1611282","84fd37a2189fc7b9ef033f9b95ae0d98e56f46b92dd1c559eed5b8cb1cc1e070"
"chess6","group1/aipdf/older style/Complete Chess PDF Courses/19 - Slav and Semi-Slav/01 - Active Training Workbook.pdf","library/group1/aipdf/older style/Complete Chess PDF Courses/19 - Slav and Semi-Slav/01 - Active Training Workbook.pdf","1570679","e8d8d23152bf1638039b9d76c3814b8452d670a06fd19fc2110f1ba0d9c56f86","git","1570679","e8d8d23152bf1638039b9d76c3814b8452d670a06fd19fc2110f1ba0d9c56f86"
"chess6","group1/aipdf/older style/Complete Chess PDF Courses/20 - QGD for Black/00 - Complete Course Book.pdf","library/group1/aipdf/older style/Complete Chess PDF Courses/20 - QGD for Black/00 - Complete Course Book.pdf","1763928","3c92f7c59615240ade393d9af4efa50976aa5a5ae3f74fa2e83fcb95810a5597","git","1763928","3c92f7c59615240ade393d9af4efa50976aa5a5ae3f74fa2e83fcb95810a5597"
"chess6","group1/aipdf/older style/Complete Chess PDF Courses/20 - QGD for Black/01 - Active Training Workbook.pdf","library/group1/aipdf/older style/Complete Chess PDF Courses/20 - QGD for Black/01 - Active Training Workbook.pdf","1719104","4539f9a1c6d0c5692276cb29f2c04c48ff7e7964dfe226c52c2cfbb8b7e4f043","git","1719104","4539f9a1c6d0c5692276cb29f2c04c48ff7e7964dfe226c52c2cfbb8b7e4f043"
"chess6","group1/aipdf/older style/Complete Chess PDF Courses/21 - Nimzo-Indian Defense/00 - Complete Course Book.pdf","library/group1/aipdf/older style/Complete Chess PDF Courses/21 - Nimzo-Indian Defense/00 - Complete Course Book.pdf","1258941","695592d1e2d742d9a7e99ce4507b286f914a79b22883f70f2597d5e7858232f3","git","1258941","695592d1e2d742d9a7e99ce4507b286f914a79b22883f70f2597d5e7858232f3"
"chess6","group1/aipdf/older style/Complete Chess PDF Courses/21 - Nimzo-Indian Defense/01 - Active Training Workbook.pdf","library/group1/aipdf/older style/Complete Chess PDF Courses/21 - Nimzo-Indian Defense/01 - Active Training Workbook.pdf","1215542","0bca3b3c0879ab65c0176abdd7e58f57926daa311341bcb8f80e0a69c8210975","git","1215542","0bca3b3c0879ab65c0176abdd7e58f57926daa311341bcb8f80e0a69c8210975"
"chess6","group1/aipdf/older style/Complete Chess PDF Courses/22 - Queens Indian Defense/00 - Complete Course Book.pdf","library/group1/aipdf/older style/Complete Chess PDF Courses/22 - Queens Indian Defense/00 - Complete Course Book.pdf","1350561","3ea831353010c9128bf9413721e0f79e95b7bb5570fb1fed99435f2d1a44c011","git","1350561","3ea831353010c9128bf9413721e0f79e95b7bb5570fb1fed99435f2d1a44c011"
"chess6","group1/aipdf/older style/Complete Chess PDF Courses/22 - Queens Indian Defense/01 - Active Training Workbook.pdf","library/group1/aipdf/older style/Complete Chess PDF Courses/22 - Queens Indian Defense/01 - Active Training Workbook.pdf","1307444","15b2211318cd449ee0b92fd7c10cdb9c420a1467bb51624176a6d209169b82d0","git","1307444","15b2211318cd449ee0b92fd7c10cdb9c420a1467bb51624176a6d209169b82d0"
"chess6","group1/aipdf/older style/Complete Chess PDF Courses/23 - Gruenfeld Defense/00 - Complete Course Book.pdf","library/group1/aipdf/older style/Complete Chess PDF Courses/23 - Gruenfeld Defense/00 - Complete Course Book.pdf","1335745","f123ba6a236bdfdc75198c947c5c38d7ccfa04bab9d52a7e58c1d603105edb10","git","1335745","f123ba6a236bdfdc75198c947c5c38d7ccfa04bab9d52a7e58c1d603105edb10"
"chess6","group1/aipdf/older style/Complete Chess PDF Courses/23 - Gruenfeld Defense/01 - Active Training Workbook.pdf","library/group1/aipdf/older style/Complete Chess PDF Courses/23 - Gruenfeld Defense/01 - Active Training Workbook.pdf","1292888","fa3efda69ecf3e3ccbf941b9d901eeda36d4968c048b16d3fcb8574d1fd511d5","git","1292888","fa3efda69ecf3e3ccbf941b9d901eeda36d4968c048b16d3fcb8574d1fd511d5"
"chess6","group1/aipdf/older style/Complete Chess PDF Courses/24 - Pirc and Modern Defense/00 - Complete Course Book.pdf","library/group1/aipdf/older style/Complete Chess PDF Courses/24 - Pirc and Modern Defense/00 - Complete Course Book.pdf","1934384","64c1d1dec9e1c5853a3d99a572decda052d65a31c49a5aed4f092cc613a82623","git","1934384","64c1d1dec9e1c5853a3d99a572decda052d65a31c49a5aed4f092cc613a82623"
"chess6","group1/aipdf/older style/Complete Chess PDF Courses/24 - Pirc and Modern Defense/01 - Active Training Workbook.pdf","library/group1/aipdf/older style/Complete Chess PDF Courses/24 - Pirc and Modern Defense/01 - Active Training Workbook.pdf","1889747","b859472bd512767e8ed6d6f40fd60ce7e4d43609bc8cff399ce23811c4d102f5","git","1889747","b859472bd512767e8ed6d6f40fd60ce7e4d43609bc8cff399ce23811c4d102f5"
"chess6","group1/aipdf/older style/Complete Chess PDF Courses/25 - Petroff Defense/00 - Complete Course Book.pdf","library/group1/aipdf/older style/Complete Chess PDF Courses/25 - Petroff Defense/00 - Complete Course Book.pdf","1212088","211589b473740a807ff2eaf48bc57502262c546635c4e9377b0826acdcb54ac6","git","1212088","211589b473740a807ff2eaf48bc57502262c546635c4e9377b0826acdcb54ac6"
"chess6","group1/aipdf/older style/Complete Chess PDF Courses/25 - Petroff Defense/01 - Active Training Workbook.pdf","library/group1/aipdf/older style/Complete Chess PDF Courses/25 - Petroff Defense/01 - Active Training Workbook.pdf","1169170","72798c4d5f92331852c76efef7f54d9b85fe90ec2684696f8063afd2d15bd39f","git","1169170","72798c4d5f92331852c76efef7f54d9b85fe90ec2684696f8063afd2d15bd39f"
"chess6","group1/aipdf/older style/Complete Chess PDF Courses/26 - Dutch Defense/00 - Complete Course Book.pdf","library/group1/aipdf/older style/Complete Chess PDF Courses/26 - Dutch Defense/00 - Complete Course Book.pdf","1772395","019a1a18addfc77f8016bd1c8feccaecb9815856784b97a4400fd5aa6efd35d8","git","1772395","019a1a18addfc77f8016bd1c8feccaecb9815856784b97a4400fd5aa6efd35d8"
"chess6","group1/aipdf/older style/Complete Chess PDF Courses/26 - Dutch Defense/01 - Active Training Workbook.pdf","library/group1/aipdf/older style/Complete Chess PDF Courses/26 - Dutch Defense/01 - Active Training Workbook.pdf","1729361","abfc36d3ee1c37b1514332a395b1b289eb3d4e773586984eed2b116110b0b6e6","git","1729361","abfc36d3ee1c37b1514332a395b1b289eb3d4e773586984eed2b116110b0b6e6"
"chess6","group1/aipdf/older style/Complete Chess PDF Courses/27 - Tactical Pattern Recognition/00 - Complete Course Book.pdf","library/group1/aipdf/older style/Complete Chess PDF Courses/27 - Tactical Pattern Recognition/00 - Complete Course Book.pdf","1889421","6a5ce1aca7b514a8b51acdbb4afe4a95b9f391d192c227c7c79d6520c22fbc63","git","1889421","6a5ce1aca7b514a8b51acdbb4afe4a95b9f391d192c227c7c79d6520c22fbc63"
"chess6","group1/aipdf/older style/Complete Chess PDF Courses/27 - Tactical Pattern Recognition/01 - Active Training Workbook.pdf","library/group1/aipdf/older style/Complete Chess PDF Courses/27 - Tactical Pattern Recognition/01 - Active Training Workbook.pdf","1837441","7f2deb7902973059b8a7267a55313dcaeea3836d5957153a92b859c49feeac40","git","1837441","7f2deb7902973059b8a7267a55313dcaeea3836d5957153a92b859c49feeac40"
"chess6","group1/aipdf/older style/Complete Chess PDF Courses/28 - Calculation and Candidate Moves/00 - Complete Course Book.pdf","library/group1/aipdf/older style/Complete Chess PDF Courses/28 - Calculation and Candidate Moves/00 - Complete Course Book.pdf","1889583","5caaf3b18f82074e5ccd11343819463bff2b98ef71f7fea58a60d985f7348cb2","git","1889583","5caaf3b18f82074e5ccd11343819463bff2b98ef71f7fea58a60d985f7348cb2"
"chess6","group1/aipdf/older style/Complete Chess PDF Courses/28 - Calculation and Candidate Moves/01 - Active Training Workbook.pdf","library/group1/aipdf/older style/Complete Chess PDF Courses/28 - Calculation and Candidate Moves/01 - Active Training Workbook.pdf","1837459","2aca6890a87e7e36f4332de91f722fb0bf291a545e4f9ab9d7299c2e435f7fb8","git","1837459","2aca6890a87e7e36f4332de91f722fb0bf291a545e4f9ab9d7299c2e435f7fb8"
"chess6","group1/aipdf/older style/Complete Chess PDF Courses/29 - Pawn Structure Mastery/00 - Complete Course Book.pdf","library/group1/aipdf/older style/Complete Chess PDF Courses/29 - Pawn Structure Mastery/00 - Complete Course Book.pdf","1888621","98650752860b1dc37674218a7ab7ff0313ce4ce6d579a8aceae9ec094fe2a948","git","1888621","98650752860b1dc37674218a7ab7ff0313ce4ce6d579a8aceae9ec094fe2a948"
"chess6","group1/aipdf/older style/Complete Chess PDF Courses/29 - Pawn Structure Mastery/01 - Active Training Workbook.pdf","library/group1/aipdf/older style/Complete Chess PDF Courses/29 - Pawn Structure Mastery/01 - Active Training Workbook.pdf","1837191","309f70cda7b8e1c83461bb33f919d414a326ce9f17e724f66091c97973b1bf7f","git","1837191","309f70cda7b8e1c83461bb33f919d414a326ce9f17e724f66091c97973b1bf7f"
"chess6","group1/aipdf/older style/Complete Chess PDF Courses/30 - Positional Logic and Planning/00 - Complete Course Book.pdf","library/group1/aipdf/older style/Complete Chess PDF Courses/30 - Positional Logic and Planning/00 - Complete Course Book.pdf","1888824","cae5aef7fc453b395d3086c9d970e9d39af2c5dc3d79ce6dff30356db2694a6f","git","1888824","cae5aef7fc453b395d3086c9d970e9d39af2c5dc3d79ce6dff30356db2694a6f"
"chess6","group1/aipdf/older style/Complete Chess PDF Courses/30 - Positional Logic and Planning/01 - Active Training Workbook.pdf","library/group1/aipdf/older style/Complete Chess PDF Courses/30 - Positional Logic and Planning/01 - Active Training Workbook.pdf","1837185","77a3b0ea31a5b594d1e571e80d74cce58dad4834da5f6fba8f229625755a1c04","git","1837185","77a3b0ea31a5b594d1e571e80d74cce58dad4834da5f6fba8f229625755a1c04"
"chess6","group1/aipdf/older style/Complete Chess PDF Courses/31 - Piece Improvement and Exchanges/00 - Complete Course Book.pdf","library/group1/aipdf/older style/Complete Chess PDF Courses/31 - Piece Improvement and Exchanges/00 - Complete Course Book.pdf","1889230","4d60cf9f4ae374d0d0bf8dc2353e22fa9f7238932b15bc5a1717612c073a974a","git","1889230","4d60cf9f4ae374d0d0bf8dc2353e22fa9f7238932b15bc5a1717612c073a974a"
"chess6","group1/aipdf/older style/Complete Chess PDF Courses/31 - Piece Improvement and Exchanges/01 - Active Training Workbook.pdf","library/group1/aipdf/older style/Complete Chess PDF Courses/31 - Piece Improvement and Exchanges/01 - Active Training Workbook.pdf","1837391","82c9e1f0b0b602d9c4753d2a994d7fd26cd38bda71d27e8d45669a84eeea6adf","git","1837391","82c9e1f0b0b602d9c4753d2a994d7fd26cd38bda71d27e8d45669a84eeea6adf"
"chess6","group1/aipdf/older style/Complete Chess PDF Courses/32 - Attacking Chess and King Safety/00 - Complete Course Book.pdf","library/group1/aipdf/older style/Complete Chess PDF Courses/32 - Attacking Chess and King Safety/00 - Complete Course Book.pdf","1889565","c5bb548dbbc99857159c5ec6fe5d163a390d7cb81178892443d17af1c7a14a2c","git","1889565","c5bb548dbbc99857159c5ec6fe5d163a390d7cb81178892443d17af1c7a14a2c"
"chess6","group1/aipdf/older style/Complete Chess PDF Courses/32 - Attacking Chess and King Safety/01 - Active Training Workbook.pdf","library/group1/aipdf/older style/Complete Chess PDF Courses/32 - Attacking Chess and King Safety/01 - Active Training Workbook.pdf","1837589","1c0bd2fa06052212c63492bb6cf5fe90428b377686af9cfbdcd61f49f1b89760","git","1837589","1c0bd2fa06052212c63492bb6cf5fe90428b377686af9cfbdcd61f49f1b89760"
"chess6","group1/aipdf/older style/Complete Chess PDF Courses/33 - Defense Prophylaxis Counterplay/00 - Complete Course Book.pdf","library/group1/aipdf/older style/Complete Chess PDF Courses/33 - Defense Prophylaxis Counterplay/00 - Complete Course Book.pdf","1889985","88cbaf378a585e379cf6b97360832b9a8caa7a09a99b937177554549d1f18420","git","1889985","88cbaf378a585e379cf6b97360832b9a8caa7a09a99b937177554549d1f18420"
"chess6","group1/aipdf/older style/Complete Chess PDF Courses/33 - Defense Prophylaxis Counterplay/01 - Active Training Workbook.pdf","library/group1/aipdf/older style/Complete Chess PDF Courses/33 - Defense Prophylaxis Counterplay/01 - Active Training Workbook.pdf","1837750","bf7bce7d6141b37225167051fcec67d0aa5de4b68a45d35ad786fe09f6f7adaf","git","1837750","bf7bce7d6141b37225167051fcec67d0aa5de4b68a45d35ad786fe09f6f7adaf"
"chess6","group1/aipdf/older style/Complete Chess PDF Courses/34 - Initiative Dynamics Sacrifices/00 - Complete Course Book.pdf","library/group1/aipdf/older style/Complete Chess PDF Courses/34 - Initiative Dynamics Sacrifices/00 - Complete Course Book.pdf","1889766","0b127a9aa4ada953c9008bf97daa8767249aa669066b846f285ec2b0e6eecc3e","git","1889766","0b127a9aa4ada953c9008bf97daa8767249aa669066b846f285ec2b0e6eecc3e"
"chess6","group1/aipdf/older style/Complete Chess PDF Courses/34 - Initiative Dynamics Sacrifices/01 - Active Training Workbook.pdf","library/group1/aipdf/older style/Complete Chess PDF Courses/34 - Initiative Dynamics Sacrifices/01 - Active Training Workbook.pdf","1837665","8e488a8efb8c0d405c943bf913cdd05728b5f48cc6f0a705ccebce4b67e15243","git","1837665","8e488a8efb8c0d405c943bf913cdd05728b5f48cc6f0a705ccebce4b67e15243"
"chess6","group1/aipdf/older style/Complete Chess PDF Courses/35 - Endgame Fundamentals/00 - Complete Course Book.pdf","library/group1/aipdf/older style/Complete Chess PDF Courses/35 - Endgame Fundamentals/00 - Complete Course Book.pdf","1888363","9825cd243e6719a31eb04d4d6e11245837c2a8ff8a2d166076390fb4e6799963","git","1888363","9825cd243e6719a31eb04d4d6e11245837c2a8ff8a2d166076390fb4e6799963"
"chess6","group1/aipdf/older style/Complete Chess PDF Courses/35 - Endgame Fundamentals/01 - Active Training Workbook.pdf","library/group1/aipdf/older style/Complete Chess PDF Courses/35 - Endgame Fundamentals/01 - Active Training Workbook.pdf","1837165","5114f660b6cc5144c9d4007e81518aa853c878f921f10a3dc8fd252fda002af0","git","1837165","5114f660b6cc5144c9d4007e81518aa853c878f921f10a3dc8fd252fda002af0"
"chess6","group1/aipdf/older style/Complete Chess PDF Courses/36 - Rook Endgames/00 - Complete Course Book.pdf","library/group1/aipdf/older style/Complete Chess PDF Courses/36 - Rook Endgames/00 - Complete Course Book.pdf","601468","3ff6fe50fb30938dd3695cd096e6d4a61f33bb7ae0508003d4b22f752917251f","git","601468","3ff6fe50fb30938dd3695cd096e6d4a61f33bb7ae0508003d4b22f752917251f"
"chess6","group1/aipdf/older style/Complete Chess PDF Courses/36 - Rook Endgames/01 - Active Training Workbook.pdf","library/group1/aipdf/older style/Complete Chess PDF Courses/36 - Rook Endgames/01 - Active Training Workbook.pdf","557007","ed428bb14f48308275e8fc831fd53020daf138943dd394bb806271e6f1f4a3b9","git","557007","ed428bb14f48308275e8fc831fd53020daf138943dd394bb806271e6f1f4a3b9"
"chess6","group1/aipdf/older style/Complete Chess PDF Courses/37 - Pawn and Minor-Piece Endgames/00 - Complete Course Book.pdf","library/group1/aipdf/older style/Complete Chess PDF Courses/37 - Pawn and Minor-Piece Endgames/00 - Complete Course Book.pdf","601108","3a2ac32afea98520969414b526eaddcd236eaac3ad4c9ecfdf18208008ae7792","git","601108","3a2ac32afea98520969414b526eaddcd236eaac3ad4c9ecfdf18208008ae7792"
"chess6","group1/aipdf/older style/Complete Chess PDF Courses/37 - Pawn and Minor-Piece Endgames/01 - Active Training Workbook.pdf","library/group1/aipdf/older style/Complete Chess PDF Courses/37 - Pawn and Minor-Piece Endgames/01 - Active Training Workbook.pdf","556662","f0ce3ed872aef1c4ecd3ea2a172c76d757ceb7b36bc211b72b13b50964dcb962","git","556662","f0ce3ed872aef1c4ecd3ea2a172c76d757ceb7b36bc211b72b13b50964dcb962"
"chess6","group1/aipdf/older style/Complete Chess PDF Courses/38 - Conversion and Technical Chess/00 - Complete Course Book.pdf","library/group1/aipdf/older style/Complete Chess PDF Courses/38 - Conversion and Technical Chess/00 - Complete Course Book.pdf","1889075","d3cb7bec3a210a8aa39e95db0fc3f6d0ec986b14ce23a948b32772b3511ceb69","git","1889075","d3cb7bec3a210a8aa39e95db0fc3f6d0ec986b14ce23a948b32772b3511ceb69"
"chess6","group1/aipdf/older style/Complete Chess PDF Courses/38 - Conversion and Technical Chess/01 - Active Training Workbook.pdf","library/group1/aipdf/older style/Complete Chess PDF Courses/38 - Conversion and Technical Chess/01 - Active Training Workbook.pdf","1837515","9bcd0cf1c0769d11c7741ac808c4f142599ed820aaadcb5c49cef53042be80e9","git","1837515","9bcd0cf1c0769d11c7741ac808c4f142599ed820aaadcb5c49cef53042be80e9"
"chess6","group1/aipdf/older style/Complete Chess PDF Courses/39 - Time Management and Decisions/00 - Complete Course Book.pdf","library/group1/aipdf/older style/Complete Chess PDF Courses/39 - Time Management and Decisions/00 - Complete Course Book.pdf","1890091","1a7872a847534501c22d440cda74c41b7e4fdc804aa575819166effacbdfc0e2","git","1890091","1a7872a847534501c22d440cda74c41b7e4fdc804aa575819166effacbdfc0e2"
"chess6","group1/aipdf/older style/Complete Chess PDF Courses/39 - Time Management and Decisions/01 - Active Training Workbook.pdf","library/group1/aipdf/older style/Complete Chess PDF Courses/39 - Time Management and Decisions/01 - Active Training Workbook.pdf","1837816","e8cb5d3a72f6829d0facd2a8249e63bc089cdfbe080f6b6819faf0b475f5610f","git","1837816","e8cb5d3a72f6829d0facd2a8249e63bc089cdfbe080f6b6819faf0b475f5610f"
"chess6","group1/aipdf/older style/Complete Chess PDF Courses/40 - Game Analysis and Error Correction/00 - Complete Course Book.pdf","library/group1/aipdf/older style/Complete Chess PDF Courses/40 - Game Analysis and Error Correction/00 - Complete Course Book.pdf","1889876","ac8b2f967a84896e367b11a512e97db54b9884de7489df56dd00ca8f1ec39441","git","1889876","ac8b2f967a84896e367b11a512e97db54b9884de7489df56dd00ca8f1ec39441"
"chess6","group1/aipdf/older style/Complete Chess PDF Courses/40 - Game Analysis and Error Correction/01 - Active Training Workbook.pdf","library/group1/aipdf/older style/Complete Chess PDF Courses/40 - Game Analysis and Error Correction/01 - Active Training Workbook.pdf","1837668","5c8d7eb46d8d6c99d480b77abd53229a3582d051373ea8e3fcee356a26e50294","git","1837668","5c8d7eb46d8d6c99d480b77abd53229a3582d051373ea8e3fcee356a26e50294"
"chess6","group1/aipdf/older style/Complete Chess PDF Courses/41 - Tournament Preparation/00 - Complete Course Book.pdf","library/group1/aipdf/older style/Complete Chess PDF Courses/41 - Tournament Preparation/00 - Complete Course Book.pdf","1890806","acde941ee211562e2c4d9d2ddec451ea2d758ee2c1ff4789db61cdcc4101422e","git","1890806","acde941ee211562e2c4d9d2ddec451ea2d758ee2c1ff4789db61cdcc4101422e"
"chess6","group1/aipdf/older style/Complete Chess PDF Courses/41 - Tournament Preparation/01 - Active Training Workbook.pdf","library/group1/aipdf/older style/Complete Chess PDF Courses/41 - Tournament Preparation/01 - Active Training Workbook.pdf","1838069","643ffea9c55062b44b01bbfdde0b4aaed1c3398d4436a7629a3cc5050500f817","git","1838069","643ffea9c55062b44b01bbfdde0b4aaed1c3398d4436a7629a3cc5050500f817"
"chess6","group1/aipdf/older style/Complete Chess PDF Courses/Course Library Index.txt","library/group1/aipdf/older style/Complete Chess PDF Courses/Course Library Index.txt","2661","d6c5ef9eb8527bd1815f75d479b3e6b1e3b9c9ab66db9e4a5e210ff29835b9e0","git","2661","d6c5ef9eb8527bd1815f75d479b3e6b1e3b9c9ab66db9e4a5e210ff29835b9e0"
"chess6","group1/aipdf/older style/Complete Chess PDF Courses/Library QA.txt","library/group1/aipdf/older style/Complete Chess PDF Courses/Library QA.txt","797","66adca8743b9b80626e682fb9eb3df0e2f30055beb30b3087d189c7cf79f6504","git","797","66adca8743b9b80626e682fb9eb3df0e2f30055beb30b3087d189c7cf79f6504"
"chess6","group1/aipdf/older style/Complete Chess PDF Courses.zip","library/group1/aipdf/older style/Complete Chess PDF Courses.zip","158853550","1a01ec99acbe0e2b9b6153d6e546564fa50ce527544738cbab875f8e0e2216da","git-lfs","134","c7faf0edd8dcf054f4909bbbd17e221bbfcaecc13d3ee854dd2312cce82e57f4"
"chess5","group1/Chess Mastery Complete Course Library/01_The_Anti_Blunder_Course.pdf","library/group1/Chess Mastery Complete Course Library/01_The_Anti_Blunder_Course.pdf","412990","517ccc46be5b3a157eff3be3505a912a7f08bdaa1fb476d7daf08f3e7ca387ea","git","412990","517ccc46be5b3a157eff3be3505a912a7f08bdaa1fb476d7daf08f3e7ca387ea"
"chess5","group1/Chess Mastery Complete Course Library/02_Tactical_Patterns_Encyclopedia.pdf","library/group1/Chess Mastery Complete Course Library/02_Tactical_Patterns_Encyclopedia.pdf","599449","bc6c1bf3f6568685ad9c83837766378d89989c603c5b5201e6a5ad2d0c312b2a","git","599449","bc6c1bf3f6568685ad9c83837766378d89989c603c5b5201e6a5ad2d0c312b2a"
"chess5","group1/Chess Mastery Complete Course Library/03_Calculation_From_the_Ground_Up.pdf","library/group1/Chess Mastery Complete Course Library/03_Calculation_From_the_Ground_Up.pdf","444244","c0ae1cbf1933638c14f0092557ccb1d2078cbaa89ddbb33a4e5a666e76424e77","git","444244","c0ae1cbf1933638c14f0092557ccb1d2078cbaa89ddbb33a4e5a666e76424e77"
"chess5","group1/Chess Mastery Complete Course Library/04_Essential_Endgames.pdf","library/group1/Chess Mastery Complete Course Library/04_Essential_Endgames.pdf","774045","316ea6d2917c858f6758e7bdb03bade695e037c018eba262978be800c78ad049","git","774045","316ea6d2917c858f6758e7bdb03bade695e037c018eba262978be800c78ad049"
"chess5","group1/Chess Mastery Complete Course Library/05_Pawn_Structure_Atlas.pdf","library/group1/Chess Mastery Complete Course Library/05_Pawn_Structure_Atlas.pdf","744881","b54718c543fe883ab77348d0e0d65b630789e0f9d4e37ab24cf8f24fa3ff212b","git","744881","b54718c543fe883ab77348d0e0d65b630789e0f9d4e37ab24cf8f24fa3ff212b"
"chess5","group1/Chess Mastery Complete Course Library/06_How_to_Form_a_Plan.pdf","library/group1/Chess Mastery Complete Course Library/06_How_to_Form_a_Plan.pdf","585987","79e10c053fddb15bfe2ccd14daf26c10709d78d9c4121092b2a697fa1af21492","git","585987","79e10c053fddb15bfe2ccd14daf26c10709d78d9c4121092b2a697fa1af21492"
"chess5","group1/Chess Mastery Complete Course Library/07_Attacking_Chess.pdf","library/group1/Chess Mastery Complete Course Library/07_Attacking_Chess.pdf","484867","0ed3794c522e8d823803606f0c40c9f04d113af1236d6104dc654827712a4d28","git","484867","0ed3794c522e8d823803606f0c40c9f04d113af1236d6104dc654827712a4d28"
"chess5","group1/Chess Mastery Complete Course Library/08_Defensive_Chess_and_Prophylaxis.pdf","library/group1/Chess Mastery Complete Course Library/08_Defensive_Chess_and_Prophylaxis.pdf","455827","fc17cbccb3ce0b6c83aa691694f781bfb15d4bb0e240176fbe5d779e3b4e65c0","git","455827","fc17cbccb3ce0b6c83aa691694f781bfb15d4bb0e240176fbe5d779e3b4e65c0"
"chess5","group1/Chess Mastery Complete Course Library/09_Converting_an_Advantage.pdf","library/group1/Chess Mastery Complete Course Library/09_Converting_an_Advantage.pdf","523118","b24dd6e81ed2e87ca403b7affee3a343dd175f8c2ff597cf8be42adfcdec5103","git","523118","b24dd6e81ed2e87ca403b7affee3a343dd175f8c2ff597cf8be42adfcdec5103"
"chess5","group1/Chess Mastery Complete Course Library/10_Mastering_Exchanges.pdf","library/group1/Chess Mastery Complete Course Library/10_Mastering_Exchanges.pdf","547710","f2c5ebb1f1d7643442641a175c6c16b5a7c4609e56247d60ca3f6d98a5bc26d2","git","547710","f2c5ebb1f1d7643442641a175c6c16b5a7c4609e56247d60ca3f6d98a5bc26d2"
"chess5","group1/Chess Mastery Complete Course Library/11_Piece_by_Piece_Mastery.pdf","library/group1/Chess Mastery Complete Course Library/11_Piece_by_Piece_Mastery.pdf","465358","12c35a95e7b93921e871a35a7afb0c8c38eee26b409be85b7f2fa04b03f34c8c","git","465358","12c35a95e7b93921e871a35a7afb0c8c38eee26b409be85b7f2fa04b03f34c8c"
"chess5","group1/Chess Mastery Complete Course Library/12_Annotated_Model_Game_Laboratories.pdf","library/group1/Chess Mastery Complete Course Library/12_Annotated_Model_Game_Laboratories.pdf","300846","bec7a4725c7061728c91e8daba3df307481488b4faa1dcaba3b371f29ad2838a","git","300846","bec7a4725c7061728c91e8daba3df307481488b4faa1dcaba3b371f29ad2838a"
"chess5","group1/Chess Mastery Complete Course Library/13_Opening_to_Middlegame_Transitions.pdf","library/group1/Chess Mastery Complete Course Library/13_Opening_to_Middlegame_Transitions.pdf","806602","3db5ac3ae96308e09f66e69f25a1636f887a9ea53705efe499c2c739c00b16bb","git","806602","3db5ac3ae96308e09f66e69f25a1636f887a9ea53705efe499c2c739c00b16bb"
"chess5","group1/Chess Mastery Complete Course Library/14_Practical_Chess_Psychology.pdf","library/group1/Chess Mastery Complete Course Library/14_Practical_Chess_Psychology.pdf","734226","c85e072c04f52045232efbbb94b735128fa9f0da1dd32fd0a9c63914a377a614","git","734226","c85e072c04f52045232efbbb94b735128fa9f0da1dd32fd0a9c63914a377a614"
"chess5","group1/Chess Mastery Complete Course Library/15_Chess_Improvement_Workbook.pdf","library/group1/Chess Mastery Complete Course Library/15_Chess_Improvement_Workbook.pdf","364510","7b83e796c3517aadddf5f1cae818a71017bb63f2893581a1a953f07a60fd6fff","git","364510","7b83e796c3517aadddf5f1cae818a71017bb63f2893581a1a953f07a60fd6fff"
"chess5","group1/Chess Mastery Complete Course Library/LIBRARY_MANIFEST.csv","library/group1/Chess Mastery Complete Course Library/LIBRARY_MANIFEST.csv","1159","2c21c533c356d3e192203019218eaf3b31452ec94c4f2f28fd34bf93407d841a","git","1159","2c21c533c356d3e192203019218eaf3b31452ec94c4f2f28fd34bf93407d841a"
"chess5","group1/Chess Mastery Complete Course Library/START_HERE.txt","library/group1/Chess Mastery Complete Course Library/START_HERE.txt","1575","7d4042c63f9bcd081a841a2b96212cf6d491fb9c2e4e83db94134ba4295f1492","git","1575","7d4042c63f9bcd081a841a2b96212cf6d491fb9c2e4e83db94134ba4295f1492"
"chess5","group1/Chess Mastery Library/00 Start Here/00_Library_Guide.pdf","library/group1/Chess Mastery Library/00 Start Here/00_Library_Guide.pdf","18037","9b69497e921396c4880b0a0b49c7ac417097e341c29c0212928b99b538db1a16","git","18037","9b69497e921396c4880b0a0b49c7ac417097e341c29c0212928b99b538db1a16"
"chess5","group1/Chess Mastery Library/00 Start Here/01_Thinking_System.pdf","library/group1/Chess Mastery Library/00 Start Here/01_Thinking_System.pdf","25666","29fbf15026b524943abc95772024aa6bc550ebfd10a941698ec26b4a2c69ebc3","git","25666","29fbf15026b524943abc95772024aa6bc550ebfd10a941698ec26b4a2c69ebc3"
"chess5","group1/Chess Mastery Library/01 Tactical Vision and Calculation/01_Tactical_Patterns.pdf","library/group1/Chess Mastery Library/01 Tactical Vision and Calculation/01_Tactical_Patterns.pdf","24821","35be800927149375b9ab0856bbff3aa620fb17178b42f753b90fcc5a8ad1f646","git","24821","35be800927149375b9ab0856bbff3aa620fb17178b42f753b90fcc5a8ad1f646"
"chess5","group1/Chess Mastery Library/01 Tactical Vision and Calculation/02_Calculation_Method.pdf","library/group1/Chess Mastery Library/01 Tactical Vision and Calculation/02_Calculation_Method.pdf","22812","ef47c21db82f215c6107094b8bbe6f1664eec87da03105c3863f362f257f7e42","git","22812","ef47c21db82f215c6107094b8bbe6f1664eec87da03105c3863f362f257f7e42"
"chess5","group1/Chess Mastery Library/02 Positional Logic/01_Evaluation_and_Imbalances.pdf","library/group1/Chess Mastery Library/02 Positional Logic/01_Evaluation_and_Imbalances.pdf","26071","45d4cf5393596c88189c3d39456899e1afeb63115344510933e9d7235f33ee97","git","26071","45d4cf5393596c88189c3d39456899e1afeb63115344510933e9d7235f33ee97"
"chess5","group1/Chess Mastery Library/02 Positional Logic/02_Pieces_Squares_and_Prophylaxis.pdf","library/group1/Chess Mastery Library/02 Positional Logic/02_Pieces_Squares_and_Prophylaxis.pdf","23250","2489c3d63579600086616eec86fe5299d6a4416831d1dcd748c85ab4638c8450","git","23250","2489c3d63579600086616eec86fe5299d6a4416831d1dcd748c85ab4638c8450"
"chess5","group1/Chess Mastery Library/03 Pawn Structures/01_Pawn_Structure_Field_Guide.pdf","library/group1/Chess Mastery Library/03 Pawn Structures/01_Pawn_Structure_Field_Guide.pdf","24028","5ef80f5ae2aa14b473ca713df11a533e3f521f12bc8227d45426854ead4b89a3","git","24028","5ef80f5ae2aa14b473ca713df11a533e3f521f12bc8227d45426854ead4b89a3"
"chess5","group1/Chess Mastery Library/04 Attack and Defense/01_Attacking_the_King.pdf","library/group1/Chess Mastery Library/04 Attack and Defense/01_Attacking_the_King.pdf","25338","83a4801e67857564aa58ba6734084bc1301e08d5eff367d93f6fea3d6b07a4d0","git","25338","83a4801e67857564aa58ba6734084bc1301e08d5eff367d93f6fea3d6b07a4d0"
"chess5","group1/Chess Mastery Library/04 Attack and Defense/02_Defense_and_Counterplay.pdf","library/group1/Chess Mastery Library/04 Attack and Defense/02_Defense_and_Counterplay.pdf","19778","543b55b4abc8364cb83c51b1f890c43ba7b5eda57582021ba41c5566513cebd8","git","19778","543b55b4abc8364cb83c51b1f890c43ba7b5eda57582021ba41c5566513cebd8"
"chess5","group1/Chess Mastery Library/05 Openings/01_Opening_Principles_and_Repertoire.pdf","library/group1/Chess Mastery Library/05 Openings/01_Opening_Principles_and_Repertoire.pdf","25849","ecec74cad82d279c707e36cb7db03f7be24f94ff9ef7828208edc048e30050ef","git","25849","ecec74cad82d279c707e36cb7db03f7be24f94ff9ef7828208edc048e30050ef"
"chess5","group1/Chess Mastery Library/05 Openings/1.d4 2.c4 Complete Repertoire/00_Course_Guide_and_Repertoire_Map.pdf","library/group1/Chess Mastery Library/05 Openings/1.d4 2.c4 Complete Repertoire/00_Course_Guide_and_Repertoire_Map.pdf","109051","63a4ea347534e70b980ded7799c56492a793e7104687cf65e9f45778d36645cc","git","109051","63a4ea347534e70b980ded7799c56492a793e7104687cf65e9f45778d36645cc"
"chess5","group1/Chess Mastery Library/05 Openings/1.d4 2.c4 Complete Repertoire/01_Queens_Gambit_Declined_Exchange.pdf","library/group1/Chess Mastery Library/05 Openings/1.d4 2.c4 Complete Repertoire/01_Queens_Gambit_Declined_Exchange.pdf","108944","c78d4f673a77701cd73d484a0cc6ced5da902df4fd50bf51b45b9a5315b66c7e","git","108944","c78d4f673a77701cd73d484a0cc6ced5da902df4fd50bf51b45b9a5315b66c7e"
"chess5","group1/Chess Mastery Library/05 Openings/1.d4 2.c4 Complete Repertoire/02_Slav_and_Semi_Slav.pdf","library/group1/Chess Mastery Library/05 Openings/1.d4 2.c4 Complete Repertoire/02_Slav_and_Semi_Slav.pdf","109154","914d7d456e7206cfebf668094f95d2509e2050801f32f06ac466b2e9ebcc15c7","git","109154","914d7d456e7206cfebf668094f95d2509e2050801f32f06ac466b2e9ebcc15c7"
"chess5","group1/Chess Mastery Library/05 Openings/1.d4 2.c4 Complete Repertoire/03_QGA_Tarrasch_Chigorin_Albin_and_Rare_d5.pdf","library/group1/Chess Mastery Library/05 Openings/1.d4 2.c4 Complete Repertoire/03_QGA_Tarrasch_Chigorin_Albin_and_Rare_d5.pdf","108979","9bea9197cdd4fa54e0adf9fcb36910907bdeb2e5405ed5e5a0edf0eca8fe4791","git","108979","9bea9197cdd4fa54e0adf9fcb36910907bdeb2e5405ed5e5a0edf0eca8fe4791"
"chess5","group1/Chess Mastery Library/05 Openings/1.d4 2.c4 Complete Repertoire/04_Nimzo_Indian_Rubinstein.pdf","library/group1/Chess Mastery Library/05 Openings/1.d4 2.c4 Complete Repertoire/04_Nimzo_Indian_Rubinstein.pdf","107422","8e657897247470255048017913a41b84fd736488fb176f978a9971488bf01d07","git","107422","8e657897247470255048017913a41b84fd736488fb176f978a9971488bf01d07"
"chess5","group1/Chess Mastery Library/05 Openings/1.d4 2.c4 Complete Repertoire/05_Kings_Indian_and_Modern.pdf","library/group1/Chess Mastery Library/05 Openings/1.d4 2.c4 Complete Repertoire/05_Kings_Indian_and_Modern.pdf","109488","2fe3a6089517582d6e42cebcac4a973003400d0044ac906a957a154700176f15","git","109488","2fe3a6089517582d6e42cebcac4a973003400d0044ac906a957a154700176f15"
"chess5","group1/Chess Mastery Library/05 Openings/1.d4 2.c4 Complete Repertoire/06_Gruenfeld_Defense.pdf","library/group1/Chess Mastery Library/05 Openings/1.d4 2.c4 Complete Repertoire/06_Gruenfeld_Defense.pdf","107743","d3b649009b7ee2c63c81ffa145d8eed5efce1ec851f21b15ac1eb0d77ebdd28a","git","107743","d3b649009b7ee2c63c81ffa145d8eed5efce1ec851f21b15ac1eb0d77ebdd28a"
"chess5","group1/Chess Mastery Library/05 Openings/1.d4 2.c4 Complete Repertoire/07_Benoni_Benko_and_Old_Indian.pdf","library/group1/Chess Mastery Library/05 Openings/1.d4 2.c4 Complete Repertoire/07_Benoni_Benko_and_Old_Indian.pdf","108247","5c206df58b88471a76f1f9fa364e04323e2e6850d3042a24be959d0b7a3456b3","git","108247","5c206df58b88471a76f1f9fa364e04323e2e6850d3042a24be959d0b7a3456b3"
"chess5","group1/Chess Mastery Library/05 Openings/1.d4 2.c4 Complete Repertoire/08_Dutch_Englund_and_Rare_First_Moves.pdf","library/group1/Chess Mastery Library/05 Openings/1.d4 2.c4 Complete Repertoire/08_Dutch_Englund_and_Rare_First_Moves.pdf","108445","7f55c88ad611f039399a68df3c1d7d85a5d5c96b3b8b61b345fdadc7f8c9b866","git","108445","7f55c88ad611f039399a68df3c1d7d85a5d5c96b3b8b61b345fdadc7f8c9b866"
"chess5","group1/Chess Mastery Library/05 Openings/1.d4 2.c4 Complete Repertoire/09_Structures_Model_Plans_and_Training_Workbook.pdf","library/group1/Chess Mastery Library/05 Openings/1.d4 2.c4 Complete Repertoire/09_Structures_Model_Plans_and_Training_Workbook.pdf","133786","46ffa4a08d9744c478f433012b824125d65fda191436c413865771563faf601f","git","133786","46ffa4a08d9744c478f433012b824125d65fda191436c413865771563faf601f"
"chess5","group1/Chess Mastery Library/06 Endgames/01_Endgame_Foundations.pdf","library/group1/Chess Mastery Library/06 Endgames/01_Endgame_Foundations.pdf","22944","78f45f6c26eb1084a5ab57494b8f71d115eb8178328c0ebfffb8971d272789b5","git","22944","78f45f6c26eb1084a5ab57494b8f71d115eb8178328c0ebfffb8971d272789b5"
"chess5","group1/Chess Mastery Library/06 Endgames/02_Rook_and_Piece_Endgames.pdf","library/group1/Chess Mastery Library/06 Endgames/02_Rook_and_Piece_Endgames.pdf","21746","1ea8068e3624580240d75b9d0ac0c96e352e498fc8214ce2e879ac246bec9106","git","21746","1ea8068e3624580240d75b9d0ac0c96e352e498fc8214ce2e879ac246bec9106"
"chess5","group1/Chess Mastery Library/07 Practical Play/01_Time_Management_and_Decisions.pdf","library/group1/Chess Mastery Library/07 Practical Play/01_Time_Management_and_Decisions.pdf","19803","86abf5b8d32877180d5375ef972faf66689acb58bad23acb8b7f5372ebb6b674","git","19803","86abf5b8d32877180d5375ef972faf66689acb58bad23acb8b7f5372ebb6b674"
"chess5","group1/Chess Mastery Library/08 Training/01_How_to_Train_and_Review_Games.pdf","library/group1/Chess Mastery Library/08 Training/01_How_to_Train_and_Review_Games.pdf","19768","ce7ab1b747648d8f09bc22c20459448935f28540817503d0dd40bb3029c56317","git","19768","ce7ab1b747648d8f09bc22c20459448935f28540817503d0dd40bb3029c56317"
"chess5","group1/Chess Mastery Library/09 Reference/01_Checklists_Glossary_and_Study_Map.pdf","library/group1/Chess Mastery Library/09 Reference/01_Checklists_Glossary_and_Study_Map.pdf","21931","40efa0c4c2b5cb5865fedcd8d089217ba2b6c81707e03fc962f9b0ed12174f60","git","21931","40efa0c4c2b5cb5865fedcd8d089217ba2b6c81707e03fc962f9b0ed12174f60"
"chess5","group1/Chess Practice and Expansion Library/01_Checkmate_Pattern_Atlas.pdf","library/group1/Chess Practice and Expansion Library/01_Checkmate_Pattern_Atlas.pdf","571483","8b8b46c8c967037f024e4f897a86431c1f6c91c7805def75c85cfccf591c6ef6","git","571483","8b8b46c8c967037f024e4f897a86431c1f6c91c7805def75c85cfccf591c6ef6"
"chess5","group1/Chess Practice and Expansion Library/02_Tactics_by_Difficulty.pdf","library/group1/Chess Practice and Expansion Library/02_Tactics_by_Difficulty.pdf","732425","91dee0fa53ba3fdfa70dac941ec276d337cb6c3748dce84013fa3aea59f71fc2","git","732425","91dee0fa53ba3fdfa70dac941ec276d337cb6c3748dce84013fa3aea59f71fc2"
"chess5","group1/Chess Practice and Expansion Library/03_Defensive_Tactics_Workbook.pdf","library/group1/Chess Practice and Expansion Library/03_Defensive_Tactics_Workbook.pdf","577224","ca97d78a489fc7059df3dc8cc43af147ad9405471399c4ac20df893ddd6ab200","git","577224","ca97d78a489fc7059df3dc8cc43af147ad9405471399c4ac20df893ddd6ab200"
"chess5","group1/Chess Practice and Expansion Library/04_Calculation_Test_Laboratory.pdf","library/group1/Chess Practice and Expansion Library/04_Calculation_Test_Laboratory.pdf","581111","64f06325f6e978caef5355733c3cc49caae7b456cb963c43052ca1654539a157","git","581111","64f06325f6e978caef5355733c3cc49caae7b456cb963c43052ca1654539a157"
"chess5","group1/Chess Practice and Expansion Library/05_What_Did_the_Last_Move_Change.pdf","library/group1/Chess Practice and Expansion Library/05_What_Did_the_Last_Move_Change.pdf","952385","6f78cd71bf3f7eb78f69cd4c13189644e877529e0ac772d183bd10d443a1daa7","git","952385","6f78cd71bf3f7eb78f69cd4c13189644e877529e0ac772d183bd10d443a1daa7"
"chess5","group1/Chess Practice and Expansion Library/06_Positional_Evaluation_Tests.pdf","library/group1/Chess Practice and Expansion Library/06_Positional_Evaluation_Tests.pdf","823725","25f709903b1cf620d92b63506ab662e54c2a59c63b8ae57d1e6b23d6e0469081","git","823725","25f709903b1cf620d92b63506ab662e54c2a59c63b8ae57d1e6b23d6e0469081"
"chess5","group1/Chess Practice and Expansion Library/07_Essential_Endgame_Position_Workbook.pdf","library/group1/Chess Practice and Expansion Library/07_Essential_Endgame_Position_Workbook.pdf","708895","572bf83a45f4a4a52ce8a918e5b5d390243386fe5d25f8920a54a0be20706a59","git","708895","572bf83a45f4a4a52ce8a918e5b5d390243386fe5d25f8920a54a0be20706a59"
"chess5","group1/Chess Practice and Expansion Library/08_Guess_the_Move_Model_Games.pdf","library/group1/Chess Practice and Expansion Library/08_Guess_the_Move_Model_Games.pdf","637485","44a144eb4d03aaa66e2e0f1dde655e6df5a43dbbf1e9e81a2dac7dd35da6e6e9","git","637485","44a144eb4d03aaa66e2e0f1dde655e6df5a43dbbf1e9e81a2dac7dd35da6e6e9"
"chess5","group1/Chess Practice and Expansion Library/09_Common_Mistakes_by_Rating_Level.pdf","library/group1/Chess Practice and Expansion Library/09_Common_Mistakes_by_Rating_Level.pdf","246348","d26ea4f77083e721b0c3f2f40391d6d3849a56602e959cb548af0282ab12cde6","git","246348","d26ea4f77083e721b0c3f2f40391d6d3849a56602e959cb548af0282ab12cde6"
"chess5","group1/Chess Practice and Expansion Library/10_Opening_Traps_and_Their_Refutations.pdf","library/group1/Chess Practice and Expansion Library/10_Opening_Traps_and_Their_Refutations.pdf","589696","889c19f4350591abb5ca93eeea8870161d27717c5c147b998979b764413fb45b","git","589696","889c19f4350591abb5ca93eeea8870161d27717c5c147b998979b764413fb45b"
"chess5","group1/Chess Practice and Expansion Library/11_Visualization_and_Board_Vision_Training.pdf","library/group1/Chess Practice and Expansion Library/11_Visualization_and_Board_Vision_Training.pdf","166382","1ed4051eab49a4920957c6d25a4dc20662ffec9279521ef0be50a38adb2a72cf","git","166382","1ed4051eab49a4920957c6d25a4dc20662ffec9279521ef0be50a38adb2a72cf"
"chess5","group1/Chess Practice and Expansion Library/12_Chess_Vocabulary_and_Notation_Reference.pdf","library/group1/Chess Practice and Expansion Library/12_Chess_Vocabulary_and_Notation_Reference.pdf","197619","393f0eea48914fd56d45c448a22141ef81df37d9c4c1c2da52ee4e51990b3c82","git","197619","393f0eea48914fd56d45c448a22141ef81df37d9c4c1c2da52ee4e51990b3c82"
"chess5","group1/Chess Practice and Expansion Library/13_Player_Style_Collections.pdf","library/group1/Chess Practice and Expansion Library/13_Player_Style_Collections.pdf","824933","1af72a17e6afbfa8e3d67a7733b7e660d473976298543e754040b79e4fbe3456","git","824933","1af72a17e6afbfa8e3d67a7733b7e660d473976298543e754040b79e4fbe3456"
"chess5","group1/Chess Practice and Expansion Library/14_Tournament_Preparation_Manual.pdf","library/group1/Chess Practice and Expansion Library/14_Tournament_Preparation_Manual.pdf","163684","42bbb4cd7f2136e2a30deb5c315ba05793df98509fdc02c07ea11a664b762c5c","git","163684","42bbb4cd7f2136e2a30deb5c315ba05793df98509fdc02c07ea11a664b762c5c"
"chess5","group1/Chess Practice and Expansion Library/15_Fritz_21_Companion_Pack.pdf","library/group1/Chess Practice and Expansion Library/15_Fritz_21_Companion_Pack.pdf","147024","6d5250a7b4e1a5ea89c8a18d4bf819880e509bd8d2ca5b3ee37193f9c167d2d4","git","147024","6d5250a7b4e1a5ea89c8a18d4bf819880e509bd8d2ca5b3ee37193f9c167d2d4"
"chess5","group1/Chess Practice and Expansion Library/Constructed_Model_Games.pgn","library/group1/Chess Practice and Expansion Library/Constructed_Model_Games.pgn","7399","edccc9eb5144e39839a5fa8e644232a59be2a1e5bf5dc698c8ca141e8288ddd2","git","7399","edccc9eb5144e39839a5fa8e644232a59be2a1e5bf5dc698c8ca141e8288ddd2"
"chess5","group1/Chess Practice and Expansion Library/Fritz_Training_Positions.csv","library/group1/Chess Practice and Expansion Library/Fritz_Training_Positions.csv","60732","03213f9032273c0a70cce5c77f4bf6c992c66ce9e086b40ef25109dbc2f7097e","git","60732","03213f9032273c0a70cce5c77f4bf6c992c66ce9e086b40ef25109dbc2f7097e"
"chess5","group1/Chess Practice and Expansion Library/Fritz_Training_Positions.pgn","library/group1/Chess Practice and Expansion Library/Fritz_Training_Positions.pgn","102095","878856ad54e1b2a8dae36d5b4db4b7820d9765953b47c03e894ec982a61288ec","git","102095","878856ad54e1b2a8dae36d5b4db4b7820d9765953b47c03e894ec982a61288ec"
"chess5","group1/Chess Practice and Expansion Library/LIBRARY_MANIFEST.csv","library/group1/Chess Practice and Expansion Library/LIBRARY_MANIFEST.csv","1291","81f2bd751660f4fb3f974e449a06462a49405e68418e279a1cc39bdd49b91704","git","1291","81f2bd751660f4fb3f974e449a06462a49405e68418e279a1cc39bdd49b91704"
"chess5","group1/Chess Practice and Expansion Library/START_HERE.txt","library/group1/Chess Practice and Expansion Library/START_HERE.txt","1428","9d9a6da2295b2af60bed883ccdbaee40ef97f62f6caaaa512eaa25893dee6b71","git","1428","9d9a6da2295b2af60bed883ccdbaee40ef97f62f6caaaa512eaa25893dee6b71"
"chess5","group1/Chess Principles Encyclopedia/LIBRARY_INDEX.txt","library/group1/Chess Principles Encyclopedia/LIBRARY_INDEX.txt","1061","30ba2beae2820e7ddfe5dfdc69dbf3b1a0b26c64d5333fe305dc7f45e8126dc1","git","1061","30ba2beae2820e7ddfe5dfdc69dbf3b1a0b26c64d5333fe305dc7f45e8126dc1"
"chess5","group1/Chess Principles Encyclopedia/Volume 1 - 100 Principles/01_Thinking_and_Decision_Making/001_Tactics_Come_Before_Strategy.pdf","library/group1/Chess Principles Encyclopedia/Volume 1 - 100 Principles/01_Thinking_and_Decision_Making/001_Tactics_Come_Before_Strategy.pdf","133785","a1c59bec60bb32e41ae6a20ababc1f5180312c2f7c804f55b14dc1fde575cc1e","git","133785","a1c59bec60bb32e41ae6a20ababc1f5180312c2f7c804f55b14dc1fde575cc1e"
"chess5","group1/Chess Principles Encyclopedia/Volume 1 - 100 Principles/01_Thinking_and_Decision_Making/002_Scan_Checks_Captures_and_Threats.pdf","library/group1/Chess Principles Encyclopedia/Volume 1 - 100 Principles/01_Thinking_and_Decision_Making/002_Scan_Checks_Captures_and_Threats.pdf","133920","382752ae2891af5437a95c4a348650234e24ab729d21024baff434371f17db55","git","133920","382752ae2891af5437a95c4a348650234e24ab729d21024baff434371f17db55"
"chess5","group1/Chess Principles Encyclopedia/Volume 1 - 100 Principles/01_Thinking_and_Decision_Making/003_Identify_the_Opponents_Threat.pdf","library/group1/Chess Principles Encyclopedia/Volume 1 - 100 Principles/01_Thinking_and_Decision_Making/003_Identify_the_Opponents_Threat.pdf","133890","b8c3c39def4215b5e32a00484f8f8bbdb38aa6ff453961f30e5ddc3a1015684e","git","133890","b8c3c39def4215b5e32a00484f8f8bbdb38aa6ff453961f30e5ddc3a1015684e"
"chess5","group1/Chess Principles Encyclopedia/Volume 1 - 100 Principles/01_Thinking_and_Decision_Making/004_Generate_Multiple_Candidate_Moves.pdf","library/group1/Chess Principles Encyclopedia/Volume 1 - 100 Principles/01_Thinking_and_Decision_Making/004_Generate_Multiple_Candidate_Moves.pdf","133660","1e1718548eddc309586baf3b247d18ae1da2e867e53c381a06512e1ebeb8f4d1","git","133660","1e1718548eddc309586baf3b247d18ae1da2e867e53c381a06512e1ebeb8f4d1"
"chess5","group1/Chess Principles Encyclopedia/Volume 1 - 100 Principles/01_Thinking_and_Decision_Making/005_Compare_Moves_Do_Not_Defend_Your_First_Idea.pdf","library/group1/Chess Principles Encyclopedia/Volume 1 - 100 Principles/01_Thinking_and_Decision_Making/005_Compare_Moves_Do_Not_Defend_Your_First_Idea.pdf","133880","da38d72aad7d38b515efb2c3be74775edd807c7e5927d180cb5a3aed5689afaf","git","133880","da38d72aad7d38b515efb2c3be74775edd807c7e5927d180cb5a3aed5689afaf"
"chess5","group1/Chess Principles Encyclopedia/Volume 1 - 100 Principles/01_Thinking_and_Decision_Making/006_Evaluate_the_Resulting_Position.pdf","library/group1/Chess Principles Encyclopedia/Volume 1 - 100 Principles/01_Thinking_and_Decision_Making/006_Evaluate_the_Resulting_Position.pdf","133779","9165ea817a48c56ed1d6ebd994c75ecbdd60720d275b6dd526ed1d150293b24f","git","133779","9165ea817a48c56ed1d6ebd994c75ecbdd60720d275b6dd526ed1d150293b24f"
"chess5","group1/Chess Principles Encyclopedia/Volume 1 - 100 Principles/01_Thinking_and_Decision_Making/007_Improve_the_Worst_Placed_Piece.pdf","library/group1/Chess Principles Encyclopedia/Volume 1 - 100 Principles/01_Thinking_and_Decision_Making/007_Improve_the_Worst_Placed_Piece.pdf","133982","171f9346682a214ca02eba2863ac1158a75f58918ce3dbd2ae5a5aa68ca10161","git","133982","171f9346682a214ca02eba2863ac1158a75f58918ce3dbd2ae5a5aa68ca10161"
"chess5","group1/Chess Principles Encyclopedia/Volume 1 - 100 Principles/01_Thinking_and_Decision_Making/008_Ask_What_Changed.pdf","library/group1/Chess Principles Encyclopedia/Volume 1 - 100 Principles/01_Thinking_and_Decision_Making/008_Ask_What_Changed.pdf","133496","1e42b0f4cc4b7494e7a71c2cf20c6a27983a648b922c8c21aac3b3b9ddf4c05d","git","133496","1e42b0f4cc4b7494e7a71c2cf20c6a27983a648b922c8c21aac3b3b9ddf4c05d"
"chess5","group1/Chess Principles Encyclopedia/Volume 1 - 100 Principles/01_Thinking_and_Decision_Making/009_Prefer_Reversible_Moves_Before_Irreversible_Ones.pdf","library/group1/Chess Principles Encyclopedia/Volume 1 - 100 Principles/01_Thinking_and_Decision_Making/009_Prefer_Reversible_Moves_Before_Irreversible_Ones.pdf","133850","aa7a6719d20ca92af9a0ba9c75c774dc051c8d8aa8dea83621f38b6b44822aac","git","133850","aa7a6719d20ca92af9a0ba9c75c774dc051c8d8aa8dea83621f38b6b44822aac"
"chess5","group1/Chess Principles Encyclopedia/Volume 1 - 100 Principles/01_Thinking_and_Decision_Making/010_Use_Principles_to_Narrow_and_Calculation_to_Decide.pdf","library/group1/Chess Principles Encyclopedia/Volume 1 - 100 Principles/01_Thinking_and_Decision_Making/010_Use_Principles_to_Narrow_and_Calculation_to_Decide.pdf","133787","d338e83d81e68febdd4a59a1b08deafd2956dfc4c57afa5e9c03643b6edb3712","git","133787","d338e83d81e68febdd4a59a1b08deafd2956dfc4c57afa5e9c03643b6edb3712"
"chess5","group1/Chess Principles Encyclopedia/Volume 1 - 100 Principles/02_Calculation_and_Tactical_Awareness/011_Calculate_Forcing_Lines_First.pdf","library/group1/Chess Principles Encyclopedia/Volume 1 - 100 Principles/02_Calculation_and_Tactical_Awareness/011_Calculate_Forcing_Lines_First.pdf","133717","8eb5907e3f17a1021aaff6ae5c9f10bdc5dabb183ade20770bf74846bfca1d99","git","133717","8eb5907e3f17a1021aaff6ae5c9f10bdc5dabb183ade20770bf74846bfca1d99"
"chess5","group1/Chess Principles Encyclopedia/Volume 1 - 100 Principles/02_Calculation_and_Tactical_Awareness/012_Stop_at_Quiet_Positions_and_Evaluate.pdf","library/group1/Chess Principles Encyclopedia/Volume 1 - 100 Principles/02_Calculation_and_Tactical_Awareness/012_Stop_at_Quiet_Positions_and_Evaluate.pdf","133818","f355d1ee1554d264778b479771a2c82962cbf5a7c4942c255b39995c9d265d5d","git","133818","f355d1ee1554d264778b479771a2c82962cbf5a7c4942c255b39995c9d265d5d"
"chess5","group1/Chess Principles Encyclopedia/Volume 1 - 100 Principles/02_Calculation_and_Tactical_Awareness/013_Track_Loose_Pieces.pdf","library/group1/Chess Principles Encyclopedia/Volume 1 - 100 Principles/02_Calculation_and_Tactical_Awareness/013_Track_Loose_Pieces.pdf","133622","bdf9357064f30c9655acb31b275c8fcb4843a79e011f508102542209a4111655","git","133622","bdf9357064f30c9655acb31b275c8fcb4843a79e011f508102542209a4111655"
"chess5","group1/Chess Principles Encyclopedia/Volume 1 - 100 Principles/02_Calculation_and_Tactical_Awareness/014_Count_Attackers_and_Defenders.pdf","library/group1/Chess Principles Encyclopedia/Volume 1 - 100 Principles/02_Calculation_and_Tactical_Awareness/014_Count_Attackers_and_Defenders.pdf","133891","2a13627e93ed762b2e1e6eda8cd96f1bcf1ff9c7289410f47deba8dcb083a02d","git","133891","2a13627e93ed762b2e1e6eda8cd96f1bcf1ff9c7289410f47deba8dcb083a02d"
"chess5","group1/Chess Principles Encyclopedia/Volume 1 - 100 Principles/02_Calculation_and_Tactical_Awareness/015_Search_for_Zwischenzugs.pdf","library/group1/Chess Principles Encyclopedia/Volume 1 - 100 Principles/02_Calculation_and_Tactical_Awareness/015_Search_for_Zwischenzugs.pdf","133905","6cb1173b85590a2686088796853b7ad3ad11feea29b841c9cddc435405d7b547","git","133905","6cb1173b85590a2686088796853b7ad3ad11feea29b841c9cddc435405d7b547"
"chess5","group1/Chess Principles Encyclopedia/Volume 1 - 100 Principles/02_Calculation_and_Tactical_Awareness/016_Find_Overloaded_Defenders.pdf","library/group1/Chess Principles Encyclopedia/Volume 1 - 100 Principles/02_Calculation_and_Tactical_Awareness/016_Find_Overloaded_Defenders.pdf","133492","857874e63393ac32f74707f64ed3c76549c063e6381be4c21c3601c6e82162ad","git","133492","857874e63393ac32f74707f64ed3c76549c063e6381be4c21c3601c6e82162ad"
"chess5","group1/Chess Principles Encyclopedia/Volume 1 - 100 Principles/02_Calculation_and_Tactical_Awareness/017_Remove_the_Defender.pdf","library/group1/Chess Principles Encyclopedia/Volume 1 - 100 Principles/02_Calculation_and_Tactical_Awareness/017_Remove_the_Defender.pdf","133732","0b0c77083fd171a594722f5695b33af5acc315b2d4773c0f902e3c9a5a8fd0bc","git","133732","0b0c77083fd171a594722f5695b33af5acc315b2d4773c0f902e3c9a5a8fd0bc"
"chess5","group1/Chess Principles Encyclopedia/Volume 1 - 100 Principles/02_Calculation_and_Tactical_Awareness/018_Use_Deflection_and_Decoy.pdf","library/group1/Chess Principles Encyclopedia/Volume 1 - 100 Principles/02_Calculation_and_Tactical_Awareness/018_Use_Deflection_and_Decoy.pdf","133626","da5bcab35bcfd01b4d716b0d0aaf7761636ae34ddd41f0ab7ab1d2aef4172f92","git","133626","da5bcab35bcfd01b4d716b0d0aaf7761636ae34ddd41f0ab7ab1d2aef4172f92"
"chess5","group1/Chess Principles Encyclopedia/Volume 1 - 100 Principles/02_Calculation_and_Tactical_Awareness/019_Respect_Back_Rank_Geometry.pdf","library/group1/Chess Principles Encyclopedia/Volume 1 - 100 Principles/02_Calculation_and_Tactical_Awareness/019_Respect_Back_Rank_Geometry.pdf","133630","3ea0f4cc690885a32212851e19d48d85b68a58e60c177093762a9e33ecc7ab2a","git","133630","3ea0f4cc690885a32212851e19d48d85b68a58e60c177093762a9e33ecc7ab2a"
"chess5","group1/Chess Principles Encyclopedia/Volume 1 - 100 Principles/02_Calculation_and_Tactical_Awareness/020_Verify_the_Best_Defense.pdf","library/group1/Chess Principles Encyclopedia/Volume 1 - 100 Principles/02_Calculation_and_Tactical_Awareness/020_Verify_the_Best_Defense.pdf","133646","158903dab3b061966390320da285e0e4e416befea6d3b5e694681637bfc7bc84","git","133646","158903dab3b061966390320da285e0e4e416befea6d3b5e694681637bfc7bc84"
"chess5","group1/Chess Principles Encyclopedia/Volume 1 - 100 Principles/03_Opening_and_Development/021_Control_the_Center.pdf","library/group1/Chess Principles Encyclopedia/Volume 1 - 100 Principles/03_Opening_and_Development/021_Control_the_Center.pdf","133611","05e021fec319bdafad4961a154923626639c8ef350d71802ffa597d2f5e00176","git","133611","05e021fec319bdafad4961a154923626639c8ef350d71802ffa597d2f5e00176"
"chess5","group1/Chess Principles Encyclopedia/Volume 1 - 100 Principles/03_Opening_and_Development/022_Develop_Minor_Pieces_Efficiently.pdf","library/group1/Chess Principles Encyclopedia/Volume 1 - 100 Principles/03_Opening_and_Development/022_Develop_Minor_Pieces_Efficiently.pdf","133582","15114c93d9a21cbf34be64ef494ef61ab6daf39512b4dacc06b44e2e40edc900","git","133582","15114c93d9a21cbf34be64ef494ef61ab6daf39512b4dacc06b44e2e40edc900"
"chess5","group1/Chess Principles Encyclopedia/Volume 1 - 100 Principles/03_Opening_and_Development/023_Knights_Often_Develop_Before_Bishops.pdf","library/group1/Chess Principles Encyclopedia/Volume 1 - 100 Principles/03_Opening_and_Development/023_Knights_Often_Develop_Before_Bishops.pdf","133707","92b01f21a3f8b5f057e1eb7746c4fdea610af61aa4a766ec6a8146e8d19a9ab7","git","133707","92b01f21a3f8b5f057e1eb7746c4fdea610af61aa4a766ec6a8146e8d19a9ab7"
"chess5","group1/Chess Principles Encyclopedia/Volume 1 - 100 Principles/03_Opening_and_Development/024_Castle_Before_Launching_an_Attack.pdf","library/group1/Chess Principles Encyclopedia/Volume 1 - 100 Principles/03_Opening_and_Development/024_Castle_Before_Launching_an_Attack.pdf","133587","0b0c9b77ae8b9a4048a59e723c546fcb5c9ecf0c8b69417faa819ff5523b669f","git","133587","0b0c9b77ae8b9a4048a59e723c546fcb5c9ecf0c8b69417faa819ff5523b669f"
"chess5","group1/Chess Principles Encyclopedia/Volume 1 - 100 Principles/03_Opening_and_Development/025_Avoid_Early_Queen_Adventures.pdf","library/group1/Chess Principles Encyclopedia/Volume 1 - 100 Principles/03_Opening_and_Development/025_Avoid_Early_Queen_Adventures.pdf","133613","fe5ec1c6b2251607b416efd302507847be5224ffc60a43edfb184d0f7dae7850","git","133613","fe5ec1c6b2251607b416efd302507847be5224ffc60a43edfb184d0f7dae7850"
"chess5","group1/Chess Principles Encyclopedia/Volume 1 - 100 Principles/03_Opening_and_Development/026_Connect_the_Rooks.pdf","library/group1/Chess Principles Encyclopedia/Volume 1 - 100 Principles/03_Opening_and_Development/026_Connect_the_Rooks.pdf","133579","27f48553f5bd205c3b4b85853dd96b1961c884a4a9459cb67edbb09eb2713ae3","git","133579","27f48553f5bd205c3b4b85853dd96b1961c884a4a9459cb67edbb09eb2713ae3"
"chess5","group1/Chess Principles Encyclopedia/Volume 1 - 100 Principles/03_Opening_and_Development/027_Do_Not_Hunt_Pawns_While_Behind_in_Development.pdf","library/group1/Chess Principles Encyclopedia/Volume 1 - 100 Principles/03_Opening_and_Development/027_Do_Not_Hunt_Pawns_While_Behind_in_Development.pdf","133741","5ca6a1373456d454b59ea93d68ab68a1cc6675e948b370a52ded1b5078d2fdfb","git","133741","5ca6a1373456d454b59ea93d68ab68a1cc6675e948b370a52ded1b5078d2fdfb"
"chess5","group1/Chess Principles Encyclopedia/Volume 1 - 100 Principles/03_Opening_and_Development/028_Open_the_Center_When_Better_Developed.pdf","library/group1/Chess Principles Encyclopedia/Volume 1 - 100 Principles/03_Opening_and_Development/028_Open_the_Center_When_Better_Developed.pdf","133544","fbf456988e71d64b701678cbae23eb6f89cefc601b934587f54aba157f6c9c48","git","133544","fbf456988e71d64b701678cbae23eb6f89cefc601b934587f54aba157f6c9c48"
"chess5","group1/Chess Principles Encyclopedia/Volume 1 - 100 Principles/03_Opening_and_Development/029_Preserve_Move_Order_Flexibility.pdf","library/group1/Chess Principles Encyclopedia/Volume 1 - 100 Principles/03_Opening_and_Development/029_Preserve_Move_Order_Flexibility.pdf","133656","bce1afd2ae93c7d18de84806e679ab1c89534dc1bed516b653b60ef027a3fce3","git","133656","bce1afd2ae93c7d18de84806e679ab1c89534dc1bed516b653b60ef027a3fce3"
"chess5","group1/Chess Principles Encyclopedia/Volume 1 - 100 Principles/03_Opening_and_Development/030_Learn_Opening_Plans_More_Than_Moves.pdf","library/group1/Chess Principles Encyclopedia/Volume 1 - 100 Principles/03_Opening_and_Development/030_Learn_Opening_Plans_More_Than_Moves.pdf","133574","cfb643e53ef870c95f6a839b6da47b96cf66c21478c59895d5d3aaf51ce75c2b","git","133574","cfb643e53ef870c95f6a839b6da47b96cf66c21478c59895d5d3aaf51ce75c2b"
"chess5","group1/Chess Principles Encyclopedia/Volume 1 - 100 Principles/04_Center_and_Space/031_A_Pawn_Center_Is_Both_Asset_and_Target.pdf","library/group1/Chess Principles Encyclopedia/Volume 1 - 100 Principles/04_Center_and_Space/031_A_Pawn_Center_Is_Both_Asset_and_Target.pdf","133561","1a5a06c14d3bc4c2db0c5afd9f0cdf9c0afd3763909575667f54d3ab6934e2db","git","133561","1a5a06c14d3bc4c2db0c5afd9f0cdf9c0afd3763909575667f54d3ab6934e2db"
"chess5","group1/Chess Principles Encyclopedia/Volume 1 - 100 Principles/04_Center_and_Space/032_Attack_a_Pawn_Chain_at_Its_Base.pdf","library/group1/Chess Principles Encyclopedia/Volume 1 - 100 Principles/04_Center_and_Space/032_Attack_a_Pawn_Chain_at_Its_Base.pdf","133508","84017574c2673fa48ea6355f429550a953919e146058ade6745438d35f3f9cb4","git","133508","84017574c2673fa48ea6355f429550a953919e146058ade6745438d35f3f9cb4"
"chess5","group1/Chess Principles Encyclopedia/Volume 1 - 100 Principles/04_Center_and_Space/033_Attack_Where_Your_Pawn_Chain_Points.pdf","library/group1/Chess Principles Encyclopedia/Volume 1 - 100 Principles/04_Center_and_Space/033_Attack_Where_Your_Pawn_Chain_Points.pdf","133504","b4e45b63fc9abcc335720a517184a83b9ebb27cf90dad8fe65b3bf760792b2cb","git","133504","b4e45b63fc9abcc335720a517184a83b9ebb27cf90dad8fe65b3bf760792b2cb"
"chess5","group1/Chess Principles Encyclopedia/Volume 1 - 100 Principles/04_Center_and_Space/034_Counter_a_Flank_Attack_in_the_Center.pdf","library/group1/Chess Principles Encyclopedia/Volume 1 - 100 Principles/04_Center_and_Space/034_Counter_a_Flank_Attack_in_the_Center.pdf","133355","e16d17f2d391e7d626cf4a4b8f365ff1bddb5873daa9413349c1b663ce548f8e","git","133355","e16d17f2d391e7d626cf4a4b8f365ff1bddb5873daa9413349c1b663ce548f8e"
"chess5","group1/Chess Principles Encyclopedia/Volume 1 - 100 Principles/04_Center_and_Space/035_Trade_Pieces_When_Cramped.pdf","library/group1/Chess Principles Encyclopedia/Volume 1 - 100 Principles/04_Center_and_Space/035_Trade_Pieces_When_Cramped.pdf","133552","db0b77bfa7d1d39ae62cc3c00ac12a72af61b724f2995a4ae66a8dceb51d4257","git","133552","db0b77bfa7d1d39ae62cc3c00ac12a72af61b724f2995a4ae66a8dceb51d4257"
"chess5","group1/Chess Principles Encyclopedia/Volume 1 - 100 Principles/04_Center_and_Space/036_Do_Not_Close_the_Center_Without_a_Plan.pdf","library/group1/Chess Principles Encyclopedia/Volume 1 - 100 Principles/04_Center_and_Space/036_Do_Not_Close_the_Center_Without_a_Plan.pdf","133670","1ea619079e9d435f33db13d8a168306a50e0b0e8b3ed4d49fd3ec03b5b538eb6","git","133670","1ea619079e9d435f33db13d8a168306a50e0b0e8b3ed4d49fd3ec03b5b538eb6"
"chess5","group1/Chess Principles Encyclopedia/Volume 1 - 100 Principles/04_Center_and_Space/037_Convert_Space_Into_Piece_Improvement.pdf","library/group1/Chess Principles Encyclopedia/Volume 1 - 100 Principles/04_Center_and_Space/037_Convert_Space_Into_Piece_Improvement.pdf","133662","42a5997276e0002e16ecc7bd2f7fffe89f70c702d32a970277457dc79bf7051c","git","133662","42a5997276e0002e16ecc7bd2f7fffe89f70c702d32a970277457dc79bf7051c"
"chess5","group1/Chess Principles Encyclopedia/Volume 1 - 100 Principles/04_Center_and_Space/038_Use_Outposts_Behind_Fixed_Pawns.pdf","library/group1/Chess Principles Encyclopedia/Volume 1 - 100 Principles/04_Center_and_Space/038_Use_Outposts_Behind_Fixed_Pawns.pdf","133340","73a594fd10cb8be099310d56c324aca8d6ecbfde7c2b3bb8b1810b550ea36ec9","git","133340","73a594fd10cb8be099310d56c324aca8d6ecbfde7c2b3bb8b1810b550ea36ec9"
"chess5","group1/Chess Principles Encyclopedia/Volume 1 - 100 Principles/04_Center_and_Space/039_Open_Lines_When_Your_Pieces_Are_Better.pdf","library/group1/Chess Principles Encyclopedia/Volume 1 - 100 Principles/04_Center_and_Space/039_Open_Lines_When_Your_Pieces_Are_Better.pdf","133459","afa47e1193faf7ff5dccc96e0c215838533d392fc99a46684f0e04a257869451","git","133459","afa47e1193faf7ff5dccc96e0c215838533d392fc99a46684f0e04a257869451"
"chess5","group1/Chess Principles Encyclopedia/Volume 1 - 100 Principles/04_Center_and_Space/040_Maintain_Useful_Tension.pdf","library/group1/Chess Principles Encyclopedia/Volume 1 - 100 Principles/04_Center_and_Space/040_Maintain_Useful_Tension.pdf","133578","3f318ff227853ef5ef2eaeaa84d4cc1d93e244794e99cd6b013a9fa97c6520c7","git","133578","3f318ff227853ef5ef2eaeaa84d4cc1d93e244794e99cd6b013a9fa97c6520c7"
"chess5","group1/Chess Principles Encyclopedia/Volume 1 - 100 Principles/05_Pawn_Structure/041_Pawns_Cannot_Move_Backward.pdf","library/group1/Chess Principles Encyclopedia/Volume 1 - 100 Principles/05_Pawn_Structure/041_Pawns_Cannot_Move_Backward.pdf","133413","0af4ec5ff5c5cc395800fcb624fb3cbd0ecced940b28c34562fcd90a9eba6bf8","git","133413","0af4ec5ff5c5cc395800fcb624fb3cbd0ecced940b28c34562fcd90a9eba6bf8"
"chess5","group1/Chess Principles Encyclopedia/Volume 1 - 100 Principles/05_Pawn_Structure/042_Avoid_Unnecessary_Pawn_Weaknesses.pdf","library/group1/Chess Principles Encyclopedia/Volume 1 - 100 Principles/05_Pawn_Structure/042_Avoid_Unnecessary_Pawn_Weaknesses.pdf","133647","f2b367f85f0aba69e4762c13fde51562aaa7ea66faefbef1cfc30bea50378ee4","git","133647","f2b367f85f0aba69e4762c13fde51562aaa7ea66faefbef1cfc30bea50378ee4"
"chess5","group1/Chess Principles Encyclopedia/Volume 1 - 100 Principles/05_Pawn_Structure/043_Passed_Pawns_Must_Be_Advanced_With_Support.pdf","library/group1/Chess Principles Encyclopedia/Volume 1 - 100 Principles/05_Pawn_Structure/043_Passed_Pawns_Must_Be_Advanced_With_Support.pdf","133532","b586e9aa7c9da2fc7eb53bc138a94266ae1989a912aa7bc93fd3839fd06c0073","git","133532","b586e9aa7c9da2fc7eb53bc138a94266ae1989a912aa7bc93fd3839fd06c0073"
"chess5","group1/Chess Principles Encyclopedia/Volume 1 - 100 Principles/05_Pawn_Structure/044_Blockade_a_Passed_Pawn.pdf","library/group1/Chess Principles Encyclopedia/Volume 1 - 100 Principles/05_Pawn_Structure/044_Blockade_a_Passed_Pawn.pdf","133484","51974b4e17d23a3a3f1f699dd29a456e3a5d7e1d0552a4a226c7517c2c181e2a","git","133484","51974b4e17d23a3a3f1f699dd29a456e3a5d7e1d0552a4a226c7517c2c181e2a"
"chess5","group1/Chess Principles Encyclopedia/Volume 1 - 100 Principles/05_Pawn_Structure/045_Create_a_Passed_Pawn_From_a_Majority.pdf","library/group1/Chess Principles Encyclopedia/Volume 1 - 100 Principles/05_Pawn_Structure/045_Create_a_Passed_Pawn_From_a_Majority.pdf","133425","59db56a399ad653425d1888c92f3f1ab3adfde5b5523572086cb192f382dc7db","git","133425","59db56a399ad653425d1888c92f3f1ab3adfde5b5523572086cb192f382dc7db"
"chess5","group1/Chess Principles Encyclopedia/Volume 1 - 100 Principles/05_Pawn_Structure/046_An_Isolated_Queen_Pawn_Is_Dynamic_and_Static.pdf","library/group1/Chess Principles Encyclopedia/Volume 1 - 100 Principles/05_Pawn_Structure/046_An_Isolated_Queen_Pawn_Is_Dynamic_and_Static.pdf","133652","2c3ed1038b221450240f7027c76c8931f2e649fddf9e4277eea712d6567e0a0f","git","133652","2c3ed1038b221450240f7027c76c8931f2e649fddf9e4277eea712d6567e0a0f"
"chess5","group1/Chess Principles Encyclopedia/Volume 1 - 100 Principles/05_Pawn_Structure/047_A_Backward_Pawn_Is_Weak_Only_If_It_Can_Be_Attacked.pdf","library/group1/Chess Principles Encyclopedia/Volume 1 - 100 Principles/05_Pawn_Structure/047_A_Backward_Pawn_Is_Weak_Only_If_It_Can_Be_Attacked.pdf","133648","267e235a0b24a86679184e96b8402d53a99428f18d17d111bd3109d3e4d4a7e5","git","133648","267e235a0b24a86679184e96b8402d53a99428f18d17d111bd3109d3e4d4a7e5"
"chess5","group1/Chess Principles Encyclopedia/Volume 1 - 100 Principles/05_Pawn_Structure/048_Doubled_Pawns_Can_Give_Useful_Lines.pdf","library/group1/Chess Principles Encyclopedia/Volume 1 - 100 Principles/05_Pawn_Structure/048_Doubled_Pawns_Can_Give_Useful_Lines.pdf","133498","6b636509bb7d52f2bb17e7d4fe204750828dfe459e98e6c4b4bd21eec0541afb","git","133498","6b636509bb7d52f2bb17e7d4fe204750828dfe459e98e6c4b4bd21eec0541afb"
"chess5","group1/Chess Principles Encyclopedia/Volume 1 - 100 Principles/05_Pawn_Structure/049_Prepare_Pawn_Breaks.pdf","library/group1/Chess Principles Encyclopedia/Volume 1 - 100 Principles/05_Pawn_Structure/049_Prepare_Pawn_Breaks.pdf","133496","80eecaa7987b04064ceb421e50d1eb18f32b4307a86a7bef8c7f4c82e3343fe9","git","133496","80eecaa7987b04064ceb421e50d1eb18f32b4307a86a7bef8c7f4c82e3343fe9"
"chess5","group1/Chess Principles Encyclopedia/Volume 1 - 100 Principles/05_Pawn_Structure/050_King_Pawn_Moves_Create_Lasting_Holes.pdf","library/group1/Chess Principles Encyclopedia/Volume 1 - 100 Principles/05_Pawn_Structure/050_King_Pawn_Moves_Create_Lasting_Holes.pdf","133565","d13f3aaf17b0fdd25cdd4c3f4bcb08c22160775d29c6ea3ae8324c703b97cea2","git","133565","d13f3aaf17b0fdd25cdd4c3f4bcb08c22160775d29c6ea3ae8324c703b97cea2"
"chess5","group1/Chess Principles Encyclopedia/Volume 1 - 100 Principles/06_Piece_Play_and_Coordination/051_Knights_Need_Stable_Outposts.pdf","library/group1/Chess Principles Encyclopedia/Volume 1 - 100 Principles/06_Piece_Play_and_Coordination/051_Knights_Need_Stable_Outposts.pdf","133636","a836ffb5bdf2e9557cd15ad2a28a93a3a1ac4317bb21c0e70d7a862346fe01be","git","133636","a836ffb5bdf2e9557cd15ad2a28a93a3a1ac4317bb21c0e70d7a862346fe01be"
"chess5","group1/Chess Principles Encyclopedia/Volume 1 - 100 Principles/06_Piece_Play_and_Coordination/052_Bishops_Need_Open_Diagonals.pdf","library/group1/Chess Principles Encyclopedia/Volume 1 - 100 Principles/06_Piece_Play_and_Coordination/052_Bishops_Need_Open_Diagonals.pdf","133559","25147be7e712fee25e0e590bc4944b6a77bd5f51181292aa38fbc99beabeb2c3","git","133559","25147be7e712fee25e0e590bc4944b6a77bd5f51181292aa38fbc99beabeb2c3"
"chess5","group1/Chess Principles Encyclopedia/Volume 1 - 100 Principles/06_Piece_Play_and_Coordination/053_The_Bishop_Pair_Prefers_Open_Positions.pdf","library/group1/Chess Principles Encyclopedia/Volume 1 - 100 Principles/06_Piece_Play_and_Coordination/053_The_Bishop_Pair_Prefers_Open_Positions.pdf","133618","cc4195827244bae299491be42e35cf3eb11b29d86d329353a77a9d73980ac09d","git","133618","cc4195827244bae299491be42e35cf3eb11b29d86d329353a77a9d73980ac09d"
"chess5","group1/Chess Principles Encyclopedia/Volume 1 - 100 Principles/06_Piece_Play_and_Coordination/054_Good_and_Bad_Bishops_Depend_on_Pawn_Placement.pdf","library/group1/Chess Principles Encyclopedia/Volume 1 - 100 Principles/06_Piece_Play_and_Coordination/054_Good_and_Bad_Bishops_Depend_on_Pawn_Placement.pdf","133629","95fc566e020094f7a211faebe0ac1d994947f43efb9a102d0d3a4de36ad2d1a3","git","133629","95fc566e020094f7a211faebe0ac1d994947f43efb9a102d0d3a4de36ad2d1a3"
"chess5","group1/Chess Principles Encyclopedia/Volume 1 - 100 Principles/06_Piece_Play_and_Coordination/055_Place_Rooks_on_Open_Files.pdf","library/group1/Chess Principles Encyclopedia/Volume 1 - 100 Principles/06_Piece_Play_and_Coordination/055_Place_Rooks_on_Open_Files.pdf","133546","f090bbadac0ce7faea8d6b3995db605f498d14cf9063221029b1874ed7a66b37","git","133546","f090bbadac0ce7faea8d6b3995db605f498d14cf9063221029b1874ed7a66b37"
"chess5","group1/Chess Principles Encyclopedia/Volume 1 - 100 Principles/06_Piece_Play_and_Coordination/056_Double_Rooks_Before_Invading.pdf","library/group1/Chess Principles Encyclopedia/Volume 1 - 100 Principles/06_Piece_Play_and_Coordination/056_Double_Rooks_Before_Invading.pdf","133505","7044dc588c6b71ed98c73fb38dede43da6314561d7f030c430b84e399ca5a11c","git","133505","7044dc588c6b71ed98c73fb38dede43da6314561d7f030c430b84e399ca5a11c"
"chess5","group1/Chess Principles Encyclopedia/Volume 1 - 100 Principles/06_Piece_Play_and_Coordination/057_Coordinate_the_Queen_With_Minor_Pieces.pdf","library/group1/Chess Principles Encyclopedia/Volume 1 - 100 Principles/06_Piece_Play_and_Coordination/057_Coordinate_the_Queen_With_Minor_Pieces.pdf","133569","e63aaa6e61feb73b83fbae373ebadeb855811ceca36abdd461d04384f239aa37","git","133569","e63aaa6e61feb73b83fbae373ebadeb855811ceca36abdd461d04384f239aa37"
"chess5","group1/Chess Principles Encyclopedia/Volume 1 - 100 Principles/06_Piece_Play_and_Coordination/058_Exchange_the_Opponents_Most_Active_Piece.pdf","library/group1/Chess Principles Encyclopedia/Volume 1 - 100 Principles/06_Piece_Play_and_Coordination/058_Exchange_the_Opponents_Most_Active_Piece.pdf","133698","0183aa56f2929e8f8e10b1d4ce8273d93b2a852b39b8341b43e338c67e849e58","git","133698","0183aa56f2929e8f8e10b1d4ce8273d93b2a852b39b8341b43e338c67e849e58"
"chess5","group1/Chess Principles Encyclopedia/Volume 1 - 100 Principles/06_Piece_Play_and_Coordination/059_Do_Not_Trade_Your_Best_Piece_Without_Compensation.pdf","library/group1/Chess Principles Encyclopedia/Volume 1 - 100 Principles/06_Piece_Play_and_Coordination/059_Do_Not_Trade_Your_Best_Piece_Without_Compensation.pdf","133772","220461936796babb27ce83309cb8012c9a69a19ba0a32dff8d00119cb59427db","git","133772","220461936796babb27ce83309cb8012c9a69a19ba0a32dff8d00119cb59427db"
"chess5","group1/Chess Principles Encyclopedia/Volume 1 - 100 Principles/06_Piece_Play_and_Coordination/060_Reroute_a_Misplaced_Piece.pdf","library/group1/Chess Principles Encyclopedia/Volume 1 - 100 Principles/06_Piece_Play_and_Coordination/060_Reroute_a_Misplaced_Piece.pdf","133613","55dd7ddf566b2f91dbeb71fca68223612f3e8a20c756941aef9caa3c513e7af4","git","133613","55dd7ddf566b2f91dbeb71fca68223612f3e8a20c756941aef9caa3c513e7af4"
"chess5","group1/Chess Principles Encyclopedia/Volume 1 - 100 Principles/07_Attacking_Play/061_Bring_More_Pieces_Than_the_Defender.pdf","library/group1/Chess Principles Encyclopedia/Volume 1 - 100 Principles/07_Attacking_Play/061_Bring_More_Pieces_Than_the_Defender.pdf","133569","1f11d3e5b198cc4cf837a8cbaea533f1ce663b791168b3b8dde5b058cdd1c30b","git","133569","1f11d3e5b198cc4cf837a8cbaea533f1ce663b791168b3b8dde5b058cdd1c30b"
"chess5","group1/Chess Principles Encyclopedia/Volume 1 - 100 Principles/07_Attacking_Play/062_Open_Lines_Toward_the_King.pdf","library/group1/Chess Principles Encyclopedia/Volume 1 - 100 Principles/07_Attacking_Play/062_Open_Lines_Toward_the_King.pdf","133467","5ac27fe776632fd1395aeb7b747a9fffca11c1d240574fce465efb5df555ffe3","git","133467","5ac27fe776632fd1395aeb7b747a9fffca11c1d240574fce465efb5df555ffe3"
"chess5","group1/Chess Principles Encyclopedia/Volume 1 - 100 Principles/07_Attacking_Play/063_Opposite_Side_Castling_Makes_Time_Critical.pdf","library/group1/Chess Principles Encyclopedia/Volume 1 - 100 Principles/07_Attacking_Play/063_Opposite_Side_Castling_Makes_Time_Critical.pdf","133636","6350dcbb8e87dd45334346f9ded94cafc0ceba8db68bb57c639e138964e9f79e","git","133636","6350dcbb8e87dd45334346f9ded94cafc0ceba8db68bb57c639e138964e9f79e"
"chess5","group1/Chess Principles Encyclopedia/Volume 1 - 100 Principles/07_Attacking_Play/064_Exchange_the_Strongest_Defender.pdf","library/group1/Chess Principles Encyclopedia/Volume 1 - 100 Principles/07_Attacking_Play/064_Exchange_the_Strongest_Defender.pdf","133514","e44125b4358da87dcfa867a713be0fbe612472aacaf264a766791f98f68bfdec","git","133514","e44125b4358da87dcfa867a713be0fbe612472aacaf264a766791f98f68bfdec"
"chess5","group1/Chess Principles Encyclopedia/Volume 1 - 100 Principles/07_Attacking_Play/065_Fix_a_Weakness_Before_Attacking_It.pdf","library/group1/Chess Principles Encyclopedia/Volume 1 - 100 Principles/07_Attacking_Play/065_Fix_a_Weakness_Before_Attacking_It.pdf","133331","e62b1862d31a1e4759580029b1a670064884a00e5b16f8a37f036e61709c8f4b","git","133331","e62b1862d31a1e4759580029b1a670064884a00e5b16f8a37f036e61709c8f4b"
"chess5","group1/Chess Principles Encyclopedia/Volume 1 - 100 Principles/07_Attacking_Play/066_Create_a_Second_Weakness.pdf","library/group1/Chess Principles Encyclopedia/Volume 1 - 100 Principles/07_Attacking_Play/066_Create_a_Second_Weakness.pdf","133526","4d0907613239aa8c341d2be5b2af871fe7accbdfadd4a19df5c824b034b70524","git","133526","4d0907613239aa8c341d2be5b2af871fe7accbdfadd4a19df5c824b034b70524"
"chess5","group1/Chess Principles Encyclopedia/Volume 1 - 100 Principles/07_Attacking_Play/067_Launch_a_Pawn_Storm_Only_With_Central_Security.pdf","library/group1/Chess Principles Encyclopedia/Volume 1 - 100 Principles/07_Attacking_Play/067_Launch_a_Pawn_Storm_Only_With_Central_Security.pdf","133582","37b9b66e9aceb4249db511a6aba18b5919c9867a3a2d1a4a1eaed774329dec29","git","133582","37b9b66e9aceb4249db511a6aba18b5919c9867a3a2d1a4a1eaed774329dec29"
"chess5","group1/Chess Principles Encyclopedia/Volume 1 - 100 Principles/07_Attacking_Play/068_Demand_Concrete_Compensation_for_a_Sacrifice.pdf","library/group1/Chess Principles Encyclopedia/Volume 1 - 100 Principles/07_Attacking_Play/068_Demand_Concrete_Compensation_for_a_Sacrifice.pdf","133885","be462bd7baa0a5846ca2eb7f7d4b46156f1a321aa9d78f5d4ab28cbca5b76fe5","git","133885","be462bd7baa0a5846ca2eb7f7d4b46156f1a321aa9d78f5d4ab28cbca5b76fe5"
"chess5","group1/Chess Principles Encyclopedia/Volume 1 - 100 Principles/07_Attacking_Play/069_Keep_Queens_When_the_King_Is_the_Main_Target.pdf","library/group1/Chess Principles Encyclopedia/Volume 1 - 100 Principles/07_Attacking_Play/069_Keep_Queens_When_the_King_Is_the_Main_Target.pdf","133540","770821de2b5448604aa46a0c6568e925a62d9b85d07bd5d6cad2c4166a32d9ac","git","133540","770821de2b5448604aa46a0c6568e925a62d9b85d07bd5d6cad2c4166a32d9ac"
"chess5","group1/Chess Principles Encyclopedia/Volume 1 - 100 Principles/07_Attacking_Play/070_Use_Threats_to_Gain_Tempi.pdf","library/group1/Chess Principles Encyclopedia/Volume 1 - 100 Principles/07_Attacking_Play/070_Use_Threats_to_Gain_Tempi.pdf","133409","2e6004051b9d81055c03ed0c02906a31d9f2ba0bc9abf0d37473cbab0d88d88e","git","133409","2e6004051b9d81055c03ed0c02906a31d9f2ba0bc9abf0d37473cbab0d88d88e"
"chess5","group1/Chess Principles Encyclopedia/Volume 1 - 100 Principles/08_Defense_and_Prophylaxis/071_Identify_the_Real_Threat.pdf","library/group1/Chess Principles Encyclopedia/Volume 1 - 100 Principles/08_Defense_and_Prophylaxis/071_Identify_the_Real_Threat.pdf","133587","8f89c015eabaf39385cfd1fcdaba8b3d525e82a524d087fa53d0a29e87362072","git","133587","8f89c015eabaf39385cfd1fcdaba8b3d525e82a524d087fa53d0a29e87362072"
"chess5","group1/Chess Principles Encyclopedia/Volume 1 - 100 Principles/08_Defense_and_Prophylaxis/072_Meet_a_Wing_Attack_in_the_Center.pdf","library/group1/Chess Principles Encyclopedia/Volume 1 - 100 Principles/08_Defense_and_Prophylaxis/072_Meet_a_Wing_Attack_in_the_Center.pdf","133440","a0434727cd5acead733727980bea249d9b9438a773954f8c65506355823f04ab","git","133440","a0434727cd5acead733727980bea249d9b9438a773954f8c65506355823f04ab"
"chess5","group1/Chess Principles Encyclopedia/Volume 1 - 100 Principles/08_Defense_and_Prophylaxis/073_Trade_Attacking_Pieces.pdf","library/group1/Chess Principles Encyclopedia/Volume 1 - 100 Principles/08_Defense_and_Prophylaxis/073_Trade_Attacking_Pieces.pdf","133630","cde13907b80b027a045a468e7968b11c29141d164a0d8e248bcf6128a6ef683f","git","133630","cde13907b80b027a045a468e7968b11c29141d164a0d8e248bcf6128a6ef683f"
"chess5","group1/Chess Principles Encyclopedia/Volume 1 - 100 Principles/08_Defense_and_Prophylaxis/074_Return_Material_to_Neutralize_the_Initiative.pdf","library/group1/Chess Principles Encyclopedia/Volume 1 - 100 Principles/08_Defense_and_Prophylaxis/074_Return_Material_to_Neutralize_the_Initiative.pdf","133754","72d2432b8da85088613209b6e0f4fc4fc29e267ddd3f0ddbae08686ed3d88381","git","133754","72d2432b8da85088613209b6e0f4fc4fc29e267ddd3f0ddbae08686ed3d88381"
"chess5","group1/Chess Principles Encyclopedia/Volume 1 - 100 Principles/08_Defense_and_Prophylaxis/075_Create_a_Flight_Square.pdf","library/group1/Chess Principles Encyclopedia/Volume 1 - 100 Principles/08_Defense_and_Prophylaxis/075_Create_a_Flight_Square.pdf","133430","399c17472a6077d32fb2a7396c9326124011f7d3ebe004504011d606b9d35b5f","git","133430","399c17472a6077d32fb2a7396c9326124011f7d3ebe004504011d606b9d35b5f"
"chess5","group1/Chess Principles Encyclopedia/Volume 1 - 100 Principles/08_Defense_and_Prophylaxis/076_Defend_Actively_With_Counter_Threats.pdf","library/group1/Chess Principles Encyclopedia/Volume 1 - 100 Principles/08_Defense_and_Prophylaxis/076_Defend_Actively_With_Counter_Threats.pdf","133594","3440b6c0af290a9559fd70221f845b2b7e90c69f2cacb41d50d49cfe18c18c5c","git","133594","3440b6c0af290a9559fd70221f845b2b7e90c69f2cacb41d50d49cfe18c18c5c"
"chess5","group1/Chess Principles Encyclopedia/Volume 1 - 100 Principles/08_Defense_and_Prophylaxis/077_Avoid_Weakening_a_Color_Complex.pdf","library/group1/Chess Principles Encyclopedia/Volume 1 - 100 Principles/08_Defense_and_Prophylaxis/077_Avoid_Weakening_a_Color_Complex.pdf","133680","9cf8fbd723e37758e7884e8733034a25a28bea4611da2f1e7d3258dd5384a8c5","git","133680","9cf8fbd723e37758e7884e8733034a25a28bea4611da2f1e7d3258dd5384a8c5"
"chess5","group1/Chess Principles Encyclopedia/Volume 1 - 100 Principles/08_Defense_and_Prophylaxis/078_Simplify_Pressure_Into_a_Defensible_Ending.pdf","library/group1/Chess Principles Encyclopedia/Volume 1 - 100 Principles/08_Defense_and_Prophylaxis/078_Simplify_Pressure_Into_a_Defensible_Ending.pdf","133700","0e9b3954c38e6282a02222d510fca0a4bed499237e81f9f84121b84631559415","git","133700","0e9b3954c38e6282a02222d510fca0a4bed499237e81f9f84121b84631559415"
"chess5","group1/Chess Principles Encyclopedia/Volume 1 - 100 Principles/08_Defense_and_Prophylaxis/079_Ask_What_the_Opponent_Wants.pdf","library/group1/Chess Principles Encyclopedia/Volume 1 - 100 Principles/08_Defense_and_Prophylaxis/079_Ask_What_the_Opponent_Wants.pdf","133655","3303752111241f0d89740a56b5e843585242d34579dd9717ca050fce4fa8e4cb","git","133655","3303752111241f0d89740a56b5e843585242d34579dd9717ca050fce4fa8e4cb"
"chess5","group1/Chess Principles Encyclopedia/Volume 1 - 100 Principles/08_Defense_and_Prophylaxis/080_Overprotect_a_Critical_Square.pdf","library/group1/Chess Principles Encyclopedia/Volume 1 - 100 Principles/08_Defense_and_Prophylaxis/080_Overprotect_a_Critical_Square.pdf","133725","4564b89dd126dc2e3f54794afcc4e33fcd1dd06f7b933e8389581ee18524d167","git","133725","4564b89dd126dc2e3f54794afcc4e33fcd1dd06f7b933e8389581ee18524d167"
"chess5","group1/Chess Principles Encyclopedia/Volume 1 - 100 Principles/09_Endgame_Technique/081_Activate_the_King.pdf","library/group1/Chess Principles Encyclopedia/Volume 1 - 100 Principles/09_Endgame_Technique/081_Activate_the_King.pdf","128114","7e3e9326075b61dc286ced73d2cf071d09524c52fb3c60ac1db64b66c9caaac7","git","128114","7e3e9326075b61dc286ced73d2cf071d09524c52fb3c60ac1db64b66c9caaac7"
"chess5","group1/Chess Principles Encyclopedia/Volume 1 - 100 Principles/09_Endgame_Technique/082_Put_the_Rook_Behind_a_Passed_Pawn.pdf","library/group1/Chess Principles Encyclopedia/Volume 1 - 100 Principles/09_Endgame_Technique/082_Put_the_Rook_Behind_a_Passed_Pawn.pdf","128248","3cfed8e388005aabc28702a45478a099ff1b09e378d6eed31fb78bbc45c3d6df","git","128248","3cfed8e388005aabc28702a45478a099ff1b09e378d6eed31fb78bbc45c3d6df"
"chess5","group1/Chess Principles Encyclopedia/Volume 1 - 100 Principles/09_Endgame_Technique/083_Use_the_Opposition.pdf","library/group1/Chess Principles Encyclopedia/Volume 1 - 100 Principles/09_Endgame_Technique/083_Use_the_Opposition.pdf","128160","3764e0a726fd0c25938df397fbf448c1c290e6194fe7e97b7922d4b6dd2ead7a","git","128160","3764e0a726fd0c25938df397fbf448c1c290e6194fe7e97b7922d4b6dd2ead7a"
"chess5","group1/Chess Principles Encyclopedia/Volume 1 - 100 Principles/09_Endgame_Technique/084_Create_an_Outside_Passed_Pawn.pdf","library/group1/Chess Principles Encyclopedia/Volume 1 - 100 Principles/09_Endgame_Technique/084_Create_an_Outside_Passed_Pawn.pdf","128175","56dda1e47371a0a3cb5d65ef7c36c4a1ed42578aeb294c56c43252b7ec2067af","git","128175","56dda1e47371a0a3cb5d65ef7c36c4a1ed42578aeb294c56c43252b7ec2067af"
"chess5","group1/Chess Principles Encyclopedia/Volume 1 - 100 Principles/09_Endgame_Technique/085_Create_a_Distant_Passed_Pawn_Before_Cashing_It_In.pdf","library/group1/Chess Principles Encyclopedia/Volume 1 - 100 Principles/09_Endgame_Technique/085_Create_a_Distant_Passed_Pawn_Before_Cashing_It_In.pdf","128383","aa6126b37f926da6db82804eeb36a1e37d7f74bec08a28acf22ded9b429fbdae","git","128383","aa6126b37f926da6db82804eeb36a1e37d7f74bec08a28acf22ded9b429fbdae"
"chess5","group1/Chess Principles Encyclopedia/Volume 1 - 100 Principles/09_Endgame_Technique/086_Centralize_Before_Starting_a_Pawn_Race.pdf","library/group1/Chess Principles Encyclopedia/Volume 1 - 100 Principles/09_Endgame_Technique/086_Centralize_Before_Starting_a_Pawn_Race.pdf","128309","a10937d52e1463e1bc90b1dd2af7d989e98dab7308b3fc34ae7c1a1915cdd823","git","128309","a10937d52e1463e1bc90b1dd2af7d989e98dab7308b3fc34ae7c1a1915cdd823"
"chess5","group1/Chess Principles Encyclopedia/Volume 1 - 100 Principles/09_Endgame_Technique/087_Do_Not_Rush_Pawn_Moves.pdf","library/group1/Chess Principles Encyclopedia/Volume 1 - 100 Principles/09_Endgame_Technique/087_Do_Not_Rush_Pawn_Moves.pdf","128096","eb4f56f68f5ebe2acf01688b1ca35aa135f0642ffee46815592083579b373ab1","git","128096","eb4f56f68f5ebe2acf01688b1ca35aa135f0642ffee46815592083579b373ab1"
"chess5","group1/Chess Principles Encyclopedia/Volume 1 - 100 Principles/09_Endgame_Technique/088_Trade_Pieces_Not_Pawns_When_Ahead.pdf","library/group1/Chess Principles Encyclopedia/Volume 1 - 100 Principles/09_Endgame_Technique/088_Trade_Pieces_Not_Pawns_When_Ahead.pdf","128302","ecd28fb86ef035d59faa6ef13b6cc3865854898a4edc1d453d8f01868de60f71","git","128302","ecd28fb86ef035d59faa6ef13b6cc3865854898a4edc1d453d8f01868de60f71"
"chess5","group1/Chess Principles Encyclopedia/Volume 1 - 100 Principles/09_Endgame_Technique/089_Choose_Rook_Activity_Over_Pawn_Grabbing.pdf","library/group1/Chess Principles Encyclopedia/Volume 1 - 100 Principles/09_Endgame_Technique/089_Choose_Rook_Activity_Over_Pawn_Grabbing.pdf","128350","aabe0a222858441bf0da3f81858d63dda667ace193960784bce9bd5f6911dae3","git","128350","aabe0a222858441bf0da3f81858d63dda667ace193960784bce9bd5f6911dae3"
"chess5","group1/Chess Principles Encyclopedia/Volume 1 - 100 Principles/09_Endgame_Technique/090_Calculate_Pawn_Races_Exactly.pdf","library/group1/Chess Principles Encyclopedia/Volume 1 - 100 Principles/09_Endgame_Technique/090_Calculate_Pawn_Races_Exactly.pdf","128278","35f3cb0031ac8a587bad4383914fbaf0a0184fcbeadc188a357fa4cb75db9b40","git","128278","35f3cb0031ac8a587bad4383914fbaf0a0184fcbeadc188a357fa4cb75db9b40"
"chess5","group1/Chess Principles Encyclopedia/Volume 1 - 100 Principles/10_Improvement_and_Practical_Performance/091_Perform_a_Blunder_Check.pdf","library/group1/Chess Principles Encyclopedia/Volume 1 - 100 Principles/10_Improvement_and_Practical_Performance/091_Perform_a_Blunder_Check.pdf","133755","28ffde8ef0629463752fe0a7b7d7432f6a1d5f3c93503df2c7567a79ff452f93","git","133755","28ffde8ef0629463752fe0a7b7d7432f6a1d5f3c93503df2c7567a79ff452f93"
"chess5","group1/Chess Principles Encyclopedia/Volume 1 - 100 Principles/10_Improvement_and_Practical_Performance/092_Spend_Time_at_Critical_Moments.pdf","library/group1/Chess Principles Encyclopedia/Volume 1 - 100 Principles/10_Improvement_and_Practical_Performance/092_Spend_Time_at_Critical_Moments.pdf","133854","68b0cb652f52335f46ae3f98f42d625bc0588d464432006b452033b363c51499","git","133854","68b0cb652f52335f46ae3f98f42d625bc0588d464432006b452033b363c51499"
"chess5","group1/Chess Principles Encyclopedia/Volume 1 - 100 Principles/10_Improvement_and_Practical_Performance/093_Analyze_Before_Using_an_Engine.pdf","library/group1/Chess Principles Encyclopedia/Volume 1 - 100 Principles/10_Improvement_and_Practical_Performance/093_Analyze_Before_Using_an_Engine.pdf","133701","8dd2b0921fec62a1f6f2ed2a9436a129f47edcb5c51dc397cfe66583ea9b580e","git","133701","8dd2b0921fec62a1f6f2ed2a9436a129f47edcb5c51dc397cfe66583ea9b580e"
"chess5","group1/Chess Principles Encyclopedia/Volume 1 - 100 Principles/10_Improvement_and_Practical_Performance/094_Classify_Mistakes_by_Cause.pdf","library/group1/Chess Principles Encyclopedia/Volume 1 - 100 Principles/10_Improvement_and_Practical_Performance/094_Classify_Mistakes_by_Cause.pdf","133632","ada22f41ccc525b18083b18d5f8d7ef3bfff4be6d9ae3bdb584dcee27af82c7e","git","133632","ada22f41ccc525b18083b18d5f8d7ef3bfff4be6d9ae3bdb584dcee27af82c7e"
"chess5","group1/Chess Principles Encyclopedia/Volume 1 - 100 Principles/10_Improvement_and_Practical_Performance/095_Build_Pattern_Chunks.pdf","library/group1/Chess Principles Encyclopedia/Volume 1 - 100 Principles/10_Improvement_and_Practical_Performance/095_Build_Pattern_Chunks.pdf","133764","4e823366c5d8f132dceb80e35a72b5afe1bcc62ac60aeed19a06cd7146359af9","git","133764","4e823366c5d8f132dceb80e35a72b5afe1bcc62ac60aeed19a06cd7146359af9"
"chess5","group1/Chess Principles Encyclopedia/Volume 1 - 100 Principles/10_Improvement_and_Practical_Performance/096_Use_Spaced_Repetition.pdf","library/group1/Chess Principles Encyclopedia/Volume 1 - 100 Principles/10_Improvement_and_Practical_Performance/096_Use_Spaced_Repetition.pdf","133425","5123add946a786f19387e949b1d88269b87d144d3074d8c3edd3cfb8f1fa8e8d","git","133425","5123add946a786f19387e949b1d88269b87d144d3074d8c3edd3cfb8f1fa8e8d"
"chess5","group1/Chess Principles Encyclopedia/Volume 1 - 100 Principles/10_Improvement_and_Practical_Performance/097_Play_Slow_Games_to_Train_Calculation.pdf","library/group1/Chess Principles Encyclopedia/Volume 1 - 100 Principles/10_Improvement_and_Practical_Performance/097_Play_Slow_Games_to_Train_Calculation.pdf","133847","d40833de7dfa86e37e08226c97c004a7dce9e62a8dcdd2660db01e6e2ba9879e","git","133847","d40833de7dfa86e37e08226c97c004a7dce9e62a8dcdd2660db01e6e2ba9879e"
"chess5","group1/Chess Principles Encyclopedia/Volume 1 - 100 Principles/10_Improvement_and_Practical_Performance/098_Turn_Principles_Into_Questions.pdf","library/group1/Chess Principles Encyclopedia/Volume 1 - 100 Principles/10_Improvement_and_Practical_Performance/098_Turn_Principles_Into_Questions.pdf","133555","6826ccfd42c6b5b676a71c83c010765c53f6afbb6299b21451f5ee6e2e190170","git","133555","6826ccfd42c6b5b676a71c83c010765c53f6afbb6299b21451f5ee6e2e190170"
"chess5","group1/Chess Principles Encyclopedia/Volume 1 - 100 Principles/10_Improvement_and_Practical_Performance/099_Practice_at_the_Edge_of_Your_Ability.pdf","library/group1/Chess Principles Encyclopedia/Volume 1 - 100 Principles/10_Improvement_and_Practical_Performance/099_Practice_at_the_Edge_of_Your_Ability.pdf","133769","711243cc41209ac46c06c879fba4ff866e7548f63741d72af3a9091e70c619d0","git","133769","711243cc41209ac46c06c879fba4ff866e7548f63741d72af3a9091e70c619d0"
"chess5","group1/Chess Principles Encyclopedia/Volume 1 - 100 Principles/10_Improvement_and_Practical_Performance/100_Consistency_Beats_Occasional_Brilliance.pdf","library/group1/Chess Principles Encyclopedia/Volume 1 - 100 Principles/10_Improvement_and_Practical_Performance/100_Consistency_Beats_Occasional_Brilliance.pdf","133797","2213820be611b9009a47e98940c0d8d9cfefafdf6e8b7fd221b78b864457cb28","git","133797","2213820be611b9009a47e98940c0d8d9cfefafdf6e8b7fd221b78b864457cb28"
"chess5","group1/Chess Principles Encyclopedia/Volume 1 - 100 Principles/PRINCIPLES_MANIFEST.csv","library/group1/Chess Principles Encyclopedia/Volume 1 - 100 Principles/PRINCIPLES_MANIFEST.csv","22750","004a75e9d89226c7e4376af0f2e806d1bbfef4e2cbe2b1e253e6378d747d8550","git","22750","004a75e9d89226c7e4376af0f2e806d1bbfef4e2cbe2b1e253e6378d747d8550"
"chess5","group1/Chess Principles Encyclopedia/Volume 1 - 100 Principles/START_HERE.txt","library/group1/Chess Principles Encyclopedia/Volume 1 - 100 Principles/START_HERE.txt","11699","7fde54b0a748a7a20bdd3f8b683d59ba4a680b7e6cb80931339ba26adaab7f95","git","11699","7fde54b0a748a7a20bdd3f8b683d59ba4a680b7e6cb80931339ba26adaab7f95"
"chess5","group1/Chess Principles Encyclopedia/Volume 2 - Principles 101-200/11_Advanced_Tactical_Geometry/101_A_Pin_Gains_Value_From_the_Target_Behind_It.pdf","library/group1/Chess Principles Encyclopedia/Volume 2 - Principles 101-200/11_Advanced_Tactical_Geometry/101_A_Pin_Gains_Value_From_the_Target_Behind_It.pdf","134007","329614260bbc5698753dafa179005ee35eaf2e07bf0045d5bfc07c65e6fdf55b","git","134007","329614260bbc5698753dafa179005ee35eaf2e07bf0045d5bfc07c65e6fdf55b"
"chess5","group1/Chess Principles Encyclopedia/Volume 2 - Principles 101-200/11_Advanced_Tactical_Geometry/102_Use_Skewers_Against_High_Value_Front_Pieces.pdf","library/group1/Chess Principles Encyclopedia/Volume 2 - Principles 101-200/11_Advanced_Tactical_Geometry/102_Use_Skewers_Against_High_Value_Front_Pieces.pdf","133924","131a07f5685f3577ae43a3d027fafe95064153b06562e70290140d4abf3d65ff","git","133924","131a07f5685f3577ae43a3d027fafe95064153b06562e70290140d4abf3d65ff"
"chess5","group1/Chess Principles Encyclopedia/Volume 2 - Principles 101-200/11_Advanced_Tactical_Geometry/103_Discovered_Attacks_Release_Hidden_Force.pdf","library/group1/Chess Principles Encyclopedia/Volume 2 - Principles 101-200/11_Advanced_Tactical_Geometry/103_Discovered_Attacks_Release_Hidden_Force.pdf","133872","3d08ff98997810444bbef49e5adf3149ec2e8299f4d6c88611730a7139eb2120","git","133872","3d08ff98997810444bbef49e5adf3149ec2e8299f4d6c88611730a7139eb2120"
"chess5","group1/Chess Principles Encyclopedia/Volume 2 - Principles 101-200/11_Advanced_Tactical_Geometry/104_Double_Attacks_Win_Through_Reply_Shortage.pdf","library/group1/Chess Principles Encyclopedia/Volume 2 - Principles 101-200/11_Advanced_Tactical_Geometry/104_Double_Attacks_Win_Through_Reply_Shortage.pdf","133832","6d3ff5a82bf17ed5bc68a2ae86382ba1cc03c15af4bdf29f7556e09181095d53","git","133832","6d3ff5a82bf17ed5bc68a2ae86382ba1cc03c15af4bdf29f7556e09181095d53"
"chess5","group1/Chess Principles Encyclopedia/Volume 2 - Principles 101-200/11_Advanced_Tactical_Geometry/105_Clearance_Creates_Access.pdf","library/group1/Chess Principles Encyclopedia/Volume 2 - Principles 101-200/11_Advanced_Tactical_Geometry/105_Clearance_Creates_Access.pdf","133770","8614e703a042d30a21228cc08391de08b3bfc387dd04172a9522117f9375ea01","git","133770","8614e703a042d30a21228cc08391de08b3bfc387dd04172a9522117f9375ea01"
"chess5","group1/Chess Principles Encyclopedia/Volume 2 - Principles 101-200/11_Advanced_Tactical_Geometry/106_Interference_Breaks_Defensive_Communication.pdf","library/group1/Chess Principles Encyclopedia/Volume 2 - Principles 101-200/11_Advanced_Tactical_Geometry/106_Interference_Breaks_Defensive_Communication.pdf","133683","eca7402dccf7e3c851820c755f10c0765d2dfcb656ae80035fa6f367741a1969","git","133683","eca7402dccf7e3c851820c755f10c0765d2dfcb656ae80035fa6f367741a1969"
"chess5","group1/Chess Principles Encyclopedia/Volume 2 - Principles 101-200/11_Advanced_Tactical_Geometry/107_X_Ray_Pressure_Persists_Through_an_Occupied_Line.pdf","library/group1/Chess Principles Encyclopedia/Volume 2 - Principles 101-200/11_Advanced_Tactical_Geometry/107_X_Ray_Pressure_Persists_Through_an_Occupied_Line.pdf","133879","86c8f87fbbd66b603d7fb7139f163f0b94eea7f6299c767a04f31951b5802a62","git","133879","86c8f87fbbd66b603d7fb7139f163f0b94eea7f6299c767a04f31951b5802a62"
"chess5","group1/Chess Principles Encyclopedia/Volume 2 - Principles 101-200/11_Advanced_Tactical_Geometry/108_Attract_a_Piece_Onto_a_Tactical_Line.pdf","library/group1/Chess Principles Encyclopedia/Volume 2 - Principles 101-200/11_Advanced_Tactical_Geometry/108_Attract_a_Piece_Onto_a_Tactical_Line.pdf","133894","41c43609f1fd277b787d84399517958536ee3590bff5ca964d36dcf62795737e","git","133894","41c43609f1fd277b787d84399517958536ee3590bff5ca964d36dcf62795737e"
"chess5","group1/Chess Principles Encyclopedia/Volume 2 - Principles 101-200/11_Advanced_Tactical_Geometry/109_Use_the_Desperado_Before_Losing_a_Trapped_Piece.pdf","library/group1/Chess Principles Encyclopedia/Volume 2 - Principles 101-200/11_Advanced_Tactical_Geometry/109_Use_the_Desperado_Before_Losing_a_Trapped_Piece.pdf","133921","169fe065077c99fe1eaeb655e622908aa0014d06a7a179bb88b49c371f4b470a","git","133921","169fe065077c99fe1eaeb655e622908aa0014d06a7a179bb88b49c371f4b470a"
"chess5","group1/Chess Principles Encyclopedia/Volume 2 - Principles 101-200/11_Advanced_Tactical_Geometry/110_Consider_Underpromotion_When_Queen_Promotion_Fails.pdf","library/group1/Chess Principles Encyclopedia/Volume 2 - Principles 101-200/11_Advanced_Tactical_Geometry/110_Consider_Underpromotion_When_Queen_Promotion_Fails.pdf","133986","8be048261a118800ee2cfb9c60e2503ec0563f44f1e6437428d3f38cec294e84","git","133986","8be048261a118800ee2cfb9c60e2503ec0563f44f1e6437428d3f38cec294e84"
"chess5","group1/Chess Principles Encyclopedia/Volume 2 - Principles 101-200/12_Advanced_Calculation_Method/111_Visualize_the_Position_After_Every_Forcing_Move.pdf","library/group1/Chess Principles Encyclopedia/Volume 2 - Principles 101-200/12_Advanced_Calculation_Method/111_Visualize_the_Position_After_Every_Forcing_Move.pdf","133899","48beb5d3856001d1b7c849a7647a9372e51db18a35e1eb6e8c34d9d736210aa8","git","133899","48beb5d3856001d1b7c849a7647a9372e51db18a35e1eb6e8c34d9d736210aa8"
"chess5","group1/Chess Principles Encyclopedia/Volume 2 - Principles 101-200/12_Advanced_Calculation_Method/112_Branch_Where_the_Opponent_Has_Real_Choices.pdf","library/group1/Chess Principles Encyclopedia/Volume 2 - Principles 101-200/12_Advanced_Calculation_Method/112_Branch_Where_the_Opponent_Has_Real_Choices.pdf","133821","43dc927b6294f6035f1034de953fc54c7ccea89c156361837224238557f4daaf","git","133821","43dc927b6294f6035f1034de953fc54c7ccea89c156361837224238557f4daaf"
"chess5","group1/Chess Principles Encyclopedia/Volume 2 - Principles 101-200/12_Advanced_Calculation_Method/113_Prune_Dominated_Candidates.pdf","library/group1/Chess Principles Encyclopedia/Volume 2 - Principles 101-200/12_Advanced_Calculation_Method/113_Prune_Dominated_Candidates.pdf","133775","9acbf7e7af922880fea621780a23a0b028e916777b35605e3cf894b711d22f96","git","133775","9acbf7e7af922880fea621780a23a0b028e916777b35605e3cf894b711d22f96"
"chess5","group1/Chess Principles Encyclopedia/Volume 2 - Principles 101-200/12_Advanced_Calculation_Method/114_Use_Elimination_When_No_Move_Looks_Best.pdf","library/group1/Chess Principles Encyclopedia/Volume 2 - Principles 101-200/12_Advanced_Calculation_Method/114_Use_Elimination_When_No_Move_Looks_Best.pdf","133717","a03df5518664ff3fe3bccb244d978a8484397c8774b3950876dda538f9ad2793","git","133717","a03df5518664ff3fe3bccb244d978a8484397c8774b3950876dda538f9ad2793"
"chess5","group1/Chess Principles Encyclopedia/Volume 2 - Principles 101-200/12_Advanced_Calculation_Method/115_Calculate_Capture_Order_Precisely.pdf","library/group1/Chess Principles Encyclopedia/Volume 2 - Principles 101-200/12_Advanced_Calculation_Method/115_Calculate_Capture_Order_Precisely.pdf","133776","6b7ddf807f50a6ab7d1dfa9849281ad93a0e5578abbc5a297c93c7407a309f1d","git","133776","6b7ddf807f50a6ab7d1dfa9849281ad93a0e5578abbc5a297c93c7407a309f1d"
"chess5","group1/Chess Principles Encyclopedia/Volume 2 - Principles 101-200/12_Advanced_Calculation_Method/116_Maintain_a_Material_Ledger.pdf","library/group1/Chess Principles Encyclopedia/Volume 2 - Principles 101-200/12_Advanced_Calculation_Method/116_Maintain_a_Material_Ledger.pdf","133694","c44b66b1698345106abaacfe294f79f04178b38b84bcaa7c2c640a740a8ad35e","git","133694","c44b66b1698345106abaacfe294f79f04178b38b84bcaa7c2c640a740a8ad35e"
"chess5","group1/Chess Principles Encyclopedia/Volume 2 - Principles 101-200/12_Advanced_Calculation_Method/117_Recognize_Transpositions_in_the_Tree.pdf","library/group1/Chess Principles Encyclopedia/Volume 2 - Principles 101-200/12_Advanced_Calculation_Method/117_Recognize_Transpositions_in_the_Tree.pdf","133723","267abb07f7509a24ab950b75aae9792d228e898c63869485bb7b9574721c29f9","git","133723","267abb07f7509a24ab950b75aae9792d228e898c63869485bb7b9574721c29f9"
"chess5","group1/Chess Principles Encyclopedia/Volume 2 - Principles 101-200/12_Advanced_Calculation_Method/118_Calculate_Backward_From_the_Desired_Result.pdf","library/group1/Chess Principles Encyclopedia/Volume 2 - Principles 101-200/12_Advanced_Calculation_Method/118_Calculate_Backward_From_the_Desired_Result.pdf","133940","a9797f7711d2118d6fe6187782720f501eaefeb8ebbb7bdce5ed082a7780ed72","git","133940","a9797f7711d2118d6fe6187782720f501eaefeb8ebbb7bdce5ed082a7780ed72"
"chess5","group1/Chess Principles Encyclopedia/Volume 2 - Principles 101-200/12_Advanced_Calculation_Method/119_Distinguish_Forced_Moves_From_Merely_Natural_Moves.pdf","library/group1/Chess Principles Encyclopedia/Volume 2 - Principles 101-200/12_Advanced_Calculation_Method/119_Distinguish_Forced_Moves_From_Merely_Natural_Moves.pdf","133763","c1745ad64a0c7db802ee46f8772186c95b9191c55d253381e0289000d0a3a3f9","git","133763","c1745ad64a0c7db802ee46f8772186c95b9191c55d253381e0289000d0a3a3f9"
"chess5","group1/Chess Principles Encyclopedia/Volume 2 - Principles 101-200/12_Advanced_Calculation_Method/120_Use_a_Verification_Pass_Before_Committing.pdf","library/group1/Chess Principles Encyclopedia/Volume 2 - Principles 101-200/12_Advanced_Calculation_Method/120_Use_a_Verification_Pass_Before_Committing.pdf","133722","e6a41199fbb4f43385406a606e917b329c3af9abe80646965fd8dd53cd5c7af9","git","133722","e6a41199fbb4f43385406a606e917b329c3af9abe80646965fd8dd53cd5c7af9"
"chess5","group1/Chess Principles Encyclopedia/Volume 2 - Principles 101-200/13_Positional_Evaluation/121_Material_Is_Only_One_Evaluation_Factor.pdf","library/group1/Chess Principles Encyclopedia/Volume 2 - Principles 101-200/13_Positional_Evaluation/121_Material_Is_Only_One_Evaluation_Factor.pdf","133785","cf57be3e53c66655ddf90b8bc52286bbf25b8f27e4edb2d01b7b728baabe721c","git","133785","cf57be3e53c66655ddf90b8bc52286bbf25b8f27e4edb2d01b7b728baabe721c"
"chess5","group1/Chess Principles Encyclopedia/Volume 2 - Principles 101-200/13_Positional_Evaluation/122_King_Safety_Is_a_Dynamic_Quantity.pdf","library/group1/Chess Principles Encyclopedia/Volume 2 - Principles 101-200/13_Positional_Evaluation/122_King_Safety_Is_a_Dynamic_Quantity.pdf","133751","c73f040379a8c59e8587ed32a710dbfd36c27bf1c452374b57ca75718c3cd124","git","133751","c73f040379a8c59e8587ed32a710dbfd36c27bf1c452374b57ca75718c3cd124"
"chess5","group1/Chess Principles Encyclopedia/Volume 2 - Principles 101-200/13_Positional_Evaluation/123_Activity_Can_Outweigh_Structural_Damage.pdf","library/group1/Chess Principles Encyclopedia/Volume 2 - Principles 101-200/13_Positional_Evaluation/123_Activity_Can_Outweigh_Structural_Damage.pdf","133771","082cb903f699a05a2c11c9c63bd839ec67f1ae360030f3356aa2d351fde3ddc1","git","133771","082cb903f699a05a2c11c9c63bd839ec67f1ae360030f3356aa2d351fde3ddc1"
"chess5","group1/Chess Principles Encyclopedia/Volume 2 - Principles 101-200/13_Positional_Evaluation/124_Space_Needs_a_Conversion_Method.pdf","library/group1/Chess Principles Encyclopedia/Volume 2 - Principles 101-200/13_Positional_Evaluation/124_Space_Needs_a_Conversion_Method.pdf","133573","3bdc8a907f8ad49be12c04fd69469daf4de4485f29328ff47d507bbf75be90ed","git","133573","3bdc8a907f8ad49be12c04fd69469daf4de4485f29328ff47d507bbf75be90ed"
"chess5","group1/Chess Principles Encyclopedia/Volume 2 - Principles 101-200/13_Positional_Evaluation/125_The_Initiative_Belongs_to_the_Side_Asking_Questions.pdf","library/group1/Chess Principles Encyclopedia/Volume 2 - Principles 101-200/13_Positional_Evaluation/125_The_Initiative_Belongs_to_the_Side_Asking_Questions.pdf","133690","534d19712f7add3bb4dc08a6859a565e7317552fff862c5d17feef67baa88620","git","133690","534d19712f7add3bb4dc08a6859a565e7317552fff862c5d17feef67baa88620"
"chess5","group1/Chess Principles Encyclopedia/Volume 2 - Principles 101-200/13_Positional_Evaluation/126_Separate_Static_and_Dynamic_Advantages.pdf","library/group1/Chess Principles Encyclopedia/Volume 2 - Principles 101-200/13_Positional_Evaluation/126_Separate_Static_and_Dynamic_Advantages.pdf","133770","550629efbe2ed24fd956b4e1df3c2bdf213e4b4082402773a8a71800d34b11d5","git","133770","550629efbe2ed24fd956b4e1df3c2bdf213e4b4082402773a8a71800d34b11d5"
"chess5","group1/Chess Principles Encyclopedia/Volume 2 - Principles 101-200/13_Positional_Evaluation/127_Choose_Which_Imbalance_to_Play_Around.pdf","library/group1/Chess Principles Encyclopedia/Volume 2 - Principles 101-200/13_Positional_Evaluation/127_Choose_Which_Imbalance_to_Play_Around.pdf","133735","835949c6180e496db973fd4e7f71692ee1e8a95f26cf08b05dedfe166c77cb66","git","133735","835949c6180e496db973fd4e7f71692ee1e8a95f26cf08b05dedfe166c77cb66"
"chess5","group1/Chess Principles Encyclopedia/Volume 2 - Principles 101-200/13_Positional_Evaluation/128_Evaluate_Both_Sides_Worst_Pieces.pdf","library/group1/Chess Principles Encyclopedia/Volume 2 - Principles 101-200/13_Positional_Evaluation/128_Evaluate_Both_Sides_Worst_Pieces.pdf","133652","b722d1de950f9310cd23f2f8d3dec14bbe2eee63004a4dea708ca66b0324c6da","git","133652","b722d1de950f9310cd23f2f8d3dec14bbe2eee63004a4dea708ca66b0324c6da"
"chess5","group1/Chess Principles Encyclopedia/Volume 2 - Principles 101-200/13_Positional_Evaluation/129_A_Weakness_Requires_Access.pdf","library/group1/Chess Principles Encyclopedia/Volume 2 - Principles 101-200/13_Positional_Evaluation/129_A_Weakness_Requires_Access.pdf","133654","aae4edd025f48be1d03a17ceb0f23f399544d00e546b3567f7de8e6a10f5c3d7","git","133654","aae4edd025f48be1d03a17ceb0f23f399544d00e546b3567f7de8e6a10f5c3d7"
"chess5","group1/Chess Principles Encyclopedia/Volume 2 - Principles 101-200/13_Positional_Evaluation/130_Compare_Plans_by_Their_Counterplay.pdf","library/group1/Chess Principles Encyclopedia/Volume 2 - Principles 101-200/13_Positional_Evaluation/130_Compare_Plans_by_Their_Counterplay.pdf","133588","92bcc41f3f00c15b8744662e062304329dfb4620c8a933c71596c5b903182fe8","git","133588","92bcc41f3f00c15b8744662e062304329dfb4620c8a933c71596c5b903182fe8"
"chess5","group1/Chess Principles Encyclopedia/Volume 2 - Principles 101-200/14_Strategic_Transformations/131_Trade_One_Advantage_for_a_More_Usable_One.pdf","library/group1/Chess Principles Encyclopedia/Volume 2 - Principles 101-200/14_Strategic_Transformations/131_Trade_One_Advantage_for_a_More_Usable_One.pdf","133835","62c03240ed74922cac57510e6cf68289212c4698bf97f666c2dca004305f7f01","git","133835","62c03240ed74922cac57510e6cf68289212c4698bf97f666c2dca004305f7f01"
"chess5","group1/Chess Principles Encyclopedia/Volume 2 - Principles 101-200/14_Strategic_Transformations/132_Simplify_Into_the_Right_Endgame.pdf","library/group1/Chess Principles Encyclopedia/Volume 2 - Principles 101-200/14_Strategic_Transformations/132_Simplify_Into_the_Right_Endgame.pdf","133785","1cc5ef793585e5cc4a19d38aa39581bb54a19c01a807b0612542ee7b62c33b68","git","133785","1cc5ef793585e5cc4a19d38aa39581bb54a19c01a807b0612542ee7b62c33b68"
"chess5","group1/Chess Principles Encyclopedia/Volume 2 - Principles 101-200/14_Strategic_Transformations/133_Change_the_Pawn_Structure_to_Favor_Your_Pieces.pdf","library/group1/Chess Principles Encyclopedia/Volume 2 - Principles 101-200/14_Strategic_Transformations/133_Change_the_Pawn_Structure_to_Favor_Your_Pieces.pdf","133782","051bc02f6133758a7189703c07b174ac3bbf949df287fa7cf5d29552def5fda9","git","133782","051bc02f6133758a7189703c07b174ac3bbf949df287fa7cf5d29552def5fda9"
"chess5","group1/Chess Principles Encyclopedia/Volume 2 - Principles 101-200/14_Strategic_Transformations/134_Convert_an_Attack_Into_a_Positional_Gain.pdf","library/group1/Chess Principles Encyclopedia/Volume 2 - Principles 101-200/14_Strategic_Transformations/134_Convert_an_Attack_Into_a_Positional_Gain.pdf","133816","e8ca18a4704588f7a05eea3a5ec170488a1314fc5246f29081e685b8fae8f9dc","git","133816","e8ca18a4704588f7a05eea3a5ec170488a1314fc5246f29081e685b8fae8f9dc"
"chess5","group1/Chess Principles Encyclopedia/Volume 2 - Principles 101-200/14_Strategic_Transformations/135_Switch_Wings_When_the_Defender_Overconcentrates.pdf","library/group1/Chess Principles Encyclopedia/Volume 2 - Principles 101-200/14_Strategic_Transformations/135_Switch_Wings_When_the_Defender_Overconcentrates.pdf","133798","ec693aba1b5af8ce2a86aa2f86d7e74e855f9b938c498fec790c5b6bee720025","git","133798","ec693aba1b5af8ce2a86aa2f86d7e74e855f9b938c498fec790c5b6bee720025"
"chess5","group1/Chess Principles Encyclopedia/Volume 2 - Principles 101-200/14_Strategic_Transformations/136_Restrain_Before_You_Blockade.pdf","library/group1/Chess Principles Encyclopedia/Volume 2 - Principles 101-200/14_Strategic_Transformations/136_Restrain_Before_You_Blockade.pdf","133639","0428b882be1eadb8c40dc858af76333bd1993d712e169ffe07d8e4e00cb9a2c3","git","133639","0428b882be1eadb8c40dc858af76333bd1993d712e169ffe07d8e4e00cb9a2c3"
"chess5","group1/Chess Principles Encyclopedia/Volume 2 - Principles 101-200/14_Strategic_Transformations/137_Blockade_Before_You_Attack_the_Base.pdf","library/group1/Chess Principles Encyclopedia/Volume 2 - Principles 101-200/14_Strategic_Transformations/137_Blockade_Before_You_Attack_the_Base.pdf","133736","8927f5fc52e4033a06138e25e7bfbeae02792f53beb1a6f347d17bfa76ed3785","git","133736","8927f5fc52e4033a06138e25e7bfbeae02792f53beb1a6f347d17bfa76ed3785"
"chess5","group1/Chess Principles Encyclopedia/Volume 2 - Principles 101-200/14_Strategic_Transformations/138_Accumulate_Advantages_That_Support_Each_Other.pdf","library/group1/Chess Principles Encyclopedia/Volume 2 - Principles 101-200/14_Strategic_Transformations/138_Accumulate_Advantages_That_Support_Each_Other.pdf","133668","c3bbc6d46f1544e84c9d7b08043312e33478ff7b378f1c0bf12786cd70df9855","git","133668","c3bbc6d46f1544e84c9d7b08043312e33478ff7b378f1c0bf12786cd70df9855"
"chess5","group1/Chess Principles Encyclopedia/Volume 2 - Principles 101-200/14_Strategic_Transformations/139_Remove_Counterplay_Before_Converting.pdf","library/group1/Chess Principles Encyclopedia/Volume 2 - Principles 101-200/14_Strategic_Transformations/139_Remove_Counterplay_Before_Converting.pdf","133798","9a47e510865c864b7e424292b3f8bdb7380bf4abc09574776ef01fb2b46b4b2e","git","133798","9a47e510865c864b7e424292b3f8bdb7380bf4abc09574776ef01fb2b46b4b2e"
"chess5","group1/Chess Principles Encyclopedia/Volume 2 - Principles 101-200/14_Strategic_Transformations/140_Choose_Multipurpose_Improving_Moves.pdf","library/group1/Chess Principles Encyclopedia/Volume 2 - Principles 101-200/14_Strategic_Transformations/140_Choose_Multipurpose_Improving_Moves.pdf","133701","990404c8516db9f615ceffb26d95836e457f430694aa6bf2a5d99392d44b2978","git","133701","990404c8516db9f615ceffb26d95836e457f430694aa6bf2a5d99392d44b2978"
"chess5","group1/Chess Principles Encyclopedia/Volume 2 - Principles 101-200/15_Recurring_Pawn_Structures/141_Use_the_Minority_Attack_in_the_Carlsbad_Structure.pdf","library/group1/Chess Principles Encyclopedia/Volume 2 - Principles 101-200/15_Recurring_Pawn_Structures/141_Use_the_Minority_Attack_in_the_Carlsbad_Structure.pdf","133861","9f2ffbb7b2bedf1a33e07808923e2aa0c417e634560c6b488c104c1dde5d1c37","git","133861","9f2ffbb7b2bedf1a33e07808923e2aa0c417e634560c6b488c104c1dde5d1c37"
"chess5","group1/Chess Principles Encyclopedia/Volume 2 - Principles 101-200/15_Recurring_Pawn_Structures/142_Use_the_Isolated_Pawns_Break_Before_Exchanges.pdf","library/group1/Chess Principles Encyclopedia/Volume 2 - Principles 101-200/15_Recurring_Pawn_Structures/142_Use_the_Isolated_Pawns_Break_Before_Exchanges.pdf","133961","b39a19b414c02048c1d1d99c4fcbe2262304d426b8f407adefcda9c104297693","git","133961","b39a19b414c02048c1d1d99c4fcbe2262304d426b8f407adefcda9c104297693"
"chess5","group1/Chess Principles Encyclopedia/Volume 2 - Principles 101-200/15_Recurring_Pawn_Structures/143_Hanging_Pawns_Need_Mobility.pdf","library/group1/Chess Principles Encyclopedia/Volume 2 - Principles 101-200/15_Recurring_Pawn_Structures/143_Hanging_Pawns_Need_Mobility.pdf","133715","8f4aa40ee3c0120843a0ae6aa871fd1d88c2d08a0656eadb04c7aa1f4a76134f","git","133715","8f4aa40ee3c0120843a0ae6aa871fd1d88c2d08a0656eadb04c7aa1f4a76134f"
"chess5","group1/Chess Principles Encyclopedia/Volume 2 - Principles 101-200/15_Recurring_Pawn_Structures/144_The_Maroczy_Bind_Restrains_Pawn_Breaks.pdf","library/group1/Chess Principles Encyclopedia/Volume 2 - Principles 101-200/15_Recurring_Pawn_Structures/144_The_Maroczy_Bind_Restrains_Pawn_Breaks.pdf","133831","5475f5a3fd37a80d6af67ac018513f586695d103f71dab99563cd7a8bd6a05e9","git","133831","5475f5a3fd37a80d6af67ac018513f586695d103f71dab99563cd7a8bd6a05e9"
"chess5","group1/Chess Principles Encyclopedia/Volume 2 - Principles 101-200/15_Recurring_Pawn_Structures/145_French_Chains_Create_Opposite_Wing_Plans.pdf","library/group1/Chess Principles Encyclopedia/Volume 2 - Principles 101-200/15_Recurring_Pawn_Structures/145_French_Chains_Create_Opposite_Wing_Plans.pdf","133833","fcb0fc59beeccfbd93a5ffe31573d757dcf608df7fbf88ea90db78ce9d65b6fb","git","133833","fcb0fc59beeccfbd93a5ffe31573d757dcf608df7fbf88ea90db78ce9d65b6fb"
"chess5","group1/Chess Principles Encyclopedia/Volume 2 - Principles 101-200/15_Recurring_Pawn_Structures/146_Kings_Indian_Centers_Create_a_Race.pdf","library/group1/Chess Principles Encyclopedia/Volume 2 - Principles 101-200/15_Recurring_Pawn_Structures/146_Kings_Indian_Centers_Create_a_Race.pdf","133916","93cc304d88523b9d4b8e956f3e77626c225bb85008774c0076cf2782e23c2c81","git","133916","93cc304d88523b9d4b8e956f3e77626c225bb85008774c0076cf2782e23c2c81"
"chess5","group1/Chess Principles Encyclopedia/Volume 2 - Principles 101-200/15_Recurring_Pawn_Structures/147_Hedgehog_Positions_Depend_on_Timed_Breaks.pdf","library/group1/Chess Principles Encyclopedia/Volume 2 - Principles 101-200/15_Recurring_Pawn_Structures/147_Hedgehog_Positions_Depend_on_Timed_Breaks.pdf","133824","d78eca83920db5d3a586009fba7751e49c21685ad17826a17f54b0d747751a74","git","133824","d78eca83920db5d3a586009fba7751e49c21685ad17826a17f54b0d747751a74"
"chess5","group1/Chess Principles Encyclopedia/Volume 2 - Principles 101-200/15_Recurring_Pawn_Structures/148_Stonewall_Structures_Trade_Squares_for_Stability.pdf","library/group1/Chess Principles Encyclopedia/Volume 2 - Principles 101-200/15_Recurring_Pawn_Structures/148_Stonewall_Structures_Trade_Squares_for_Stability.pdf","133906","b5eb897cfd211802300c53212a38f5a5ebe621df9a881b7b96b8cf95a0bac5df","git","133906","b5eb897cfd211802300c53212a38f5a5ebe621df9a881b7b96b8cf95a0bac5df"
"chess5","group1/Chess Principles Encyclopedia/Volume 2 - Principles 101-200/15_Recurring_Pawn_Structures/149_Opposite_Wing_Majorities_Create_Two_Fronts.pdf","library/group1/Chess Principles Encyclopedia/Volume 2 - Principles 101-200/15_Recurring_Pawn_Structures/149_Opposite_Wing_Majorities_Create_Two_Fronts.pdf","133779","81eee74985640bd13b1707f70335a370a2026894e706a558d23107a9679222c4","git","133779","81eee74985640bd13b1707f70335a370a2026894e706a558d23107a9679222c4"
"chess5","group1/Chess Principles Encyclopedia/Volume 2 - Principles 101-200/15_Recurring_Pawn_Structures/150_Create_Piece_Imbalances_in_Symmetrical_Structures.pdf","library/group1/Chess Principles Encyclopedia/Volume 2 - Principles 101-200/15_Recurring_Pawn_Structures/150_Create_Piece_Imbalances_in_Symmetrical_Structures.pdf","133899","124ba8c3961edb5897ee9775504a1501da64fd2d180ca1e430d2e94b5ba980b6","git","133899","124ba8c3961edb5897ee9775504a1501da64fd2d180ca1e430d2e94b5ba980b6"
"chess5","group1/Chess Principles Encyclopedia/Volume 2 - Principles 101-200/16_Advanced_Attack_and_Defense/151_Challenge_the_Base_of_a_Fianchetto.pdf","library/group1/Chess Principles Encyclopedia/Volume 2 - Principles 101-200/16_Advanced_Attack_and_Defense/151_Challenge_the_Base_of_a_Fianchetto.pdf","133893","7620a12b3d4f21db09da889b7432db2dac4c53814a6c464e4921b3013da7f8a9","git","133893","7620a12b3d4f21db09da889b7432db2dac4c53814a6c464e4921b3013da7f8a9"
"chess5","group1/Chess Principles Encyclopedia/Volume 2 - Principles 101-200/16_Advanced_Attack_and_Defense/152_Exchange_Sacrifices_Need_Positional_Returns.pdf","library/group1/Chess Principles Encyclopedia/Volume 2 - Principles 101-200/16_Advanced_Attack_and_Defense/152_Exchange_Sacrifices_Need_Positional_Returns.pdf","133985","5a59bd09413936c8d95ab76e57146639728591394bc1802a249b6c935ba88b42","git","133985","5a59bd09413936c8d95ab76e57146639728591394bc1802a249b6c935ba88b42"
"chess5","group1/Chess Principles Encyclopedia/Volume 2 - Principles 101-200/16_Advanced_Attack_and_Defense/153_Use_an_Open_Rook_Pawn_File_Against_the_King.pdf","library/group1/Chess Principles Encyclopedia/Volume 2 - Principles 101-200/16_Advanced_Attack_and_Defense/153_Use_an_Open_Rook_Pawn_File_Against_the_King.pdf","133884","7bb2c5781fef468522c2304318279f3aca873745673a708a297f8d0bdc9326f7","git","133884","7bb2c5781fef468522c2304318279f3aca873745673a708a297f8d0bdc9326f7"
"chess5","group1/Chess Principles Encyclopedia/Volume 2 - Principles 101-200/16_Advanced_Attack_and_Defense/154_Control_Flight_Squares_Before_Checking.pdf","library/group1/Chess Principles Encyclopedia/Volume 2 - Principles 101-200/16_Advanced_Attack_and_Defense/154_Control_Flight_Squares_Before_Checking.pdf","133808","1c8c8fbbc286ae385105510b4abb10fa8ac3e01f0346f140e484b2fee635ab41","git","133808","1c8c8fbbc286ae385105510b4abb10fa8ac3e01f0346f140e484b2fee635ab41"
"chess5","group1/Chess Principles Encyclopedia/Volume 2 - Principles 101-200/16_Advanced_Attack_and_Defense/155_Bring_the_Worst_Attacker_Into_the_Attack.pdf","library/group1/Chess Principles Encyclopedia/Volume 2 - Principles 101-200/16_Advanced_Attack_and_Defense/155_Bring_the_Worst_Attacker_Into_the_Attack.pdf","133743","f7c05f1022b31f6057de0313b1572bcd0882f2ff8ecce24ee9ca70ab90088c70","git","133743","f7c05f1022b31f6057de0313b1572bcd0882f2ff8ecce24ee9ca70ab90088c70"
"chess5","group1/Chess Principles Encyclopedia/Volume 2 - Principles 101-200/16_Advanced_Attack_and_Defense/156_Offer_a_Queen_Trade_to_Break_the_Attack.pdf","library/group1/Chess Principles Encyclopedia/Volume 2 - Principles 101-200/16_Advanced_Attack_and_Defense/156_Offer_a_Queen_Trade_to_Break_the_Attack.pdf","133748","d81351f60b92e30f618122970c54c6d27d48e3469baa391f95cc2af3e0831666","git","133748","d81351f60b92e30f618122970c54c6d27d48e3469baa391f95cc2af3e0831666"
"chess5","group1/Chess Principles Encyclopedia/Volume 2 - Principles 101-200/16_Advanced_Attack_and_Defense/157_Blockade_the_Pawn_Storm.pdf","library/group1/Chess Principles Encyclopedia/Volume 2 - Principles 101-200/16_Advanced_Attack_and_Defense/157_Blockade_the_Pawn_Storm.pdf","133703","242cd9548ab15e9c167282431fae1aba6fdaa47d0efe9cfda9099e6a45012acf","git","133703","242cd9548ab15e9c167282431fae1aba6fdaa47d0efe9cfda9099e6a45012acf"
"chess5","group1/Chess Principles Encyclopedia/Volume 2 - Principles 101-200/16_Advanced_Attack_and_Defense/158_Counter_Sacrifice_to_Remove_the_Initiative.pdf","library/group1/Chess Principles Encyclopedia/Volume 2 - Principles 101-200/16_Advanced_Attack_and_Defense/158_Counter_Sacrifice_to_Remove_the_Initiative.pdf","133906","439cf8ebbede3f57533e8fbf44679ca0a4ab5bc954a21d7658dc153d2991c445","git","133906","439cf8ebbede3f57533e8fbf44679ca0a4ab5bc954a21d7658dc153d2991c445"
"chess5","group1/Chess Principles Encyclopedia/Volume 2 - Principles 101-200/16_Advanced_Attack_and_Defense/159_Perpetual_Check_Is_an_Active_Defensive_Resource.pdf","library/group1/Chess Principles Encyclopedia/Volume 2 - Principles 101-200/16_Advanced_Attack_and_Defense/159_Perpetual_Check_Is_an_Active_Defensive_Resource.pdf","133796","23c6372df31b05b3d1a2f8c8657ec8d1deb25ce3cba752349f35673feb9ea198","git","133796","23c6372df31b05b3d1a2f8c8657ec8d1deb25ce3cba752349f35673feb9ea198"
"chess5","group1/Chess Principles Encyclopedia/Volume 2 - Principles 101-200/16_Advanced_Attack_and_Defense/160_Defend_the_Entry_Square_Not_Every_Attacked_Pawn.pdf","library/group1/Chess Principles Encyclopedia/Volume 2 - Principles 101-200/16_Advanced_Attack_and_Defense/160_Defend_the_Entry_Square_Not_Every_Attacked_Pawn.pdf","133831","64da5b1339cb8ee2741faa1cc6adec6a6182f80c51450e321957f5c44627b712","git","133831","64da5b1339cb8ee2741faa1cc6adec6a6182f80c51450e321957f5c44627b712"
"chess5","group1/Chess Principles Encyclopedia/Volume 2 - Principles 101-200/17_Minor_Piece_Endgames/161_Knights_Struggle_Against_Distant_Passed_Pawns.pdf","library/group1/Chess Principles Encyclopedia/Volume 2 - Principles 101-200/17_Minor_Piece_Endgames/161_Knights_Struggle_Against_Distant_Passed_Pawns.pdf","130223","370d6cba3247705a23006b3b41c585cd489fd8f9ec26c5807ba7158e38dd50b0","git","130223","370d6cba3247705a23006b3b41c585cd489fd8f9ec26c5807ba7158e38dd50b0"
"chess5","group1/Chess Principles Encyclopedia/Volume 2 - Principles 101-200/17_Minor_Piece_Endgames/162_Bishops_Gain_Value_on_Both_Wings.pdf","library/group1/Chess Principles Encyclopedia/Volume 2 - Principles 101-200/17_Minor_Piece_Endgames/162_Bishops_Gain_Value_on_Both_Wings.pdf","130239","dfc4de3b36e3ddb83ed6394409b8b6a09aac2077943a02a6ed5c0d8242fa4ef7","git","130239","dfc4de3b36e3ddb83ed6394409b8b6a09aac2077943a02a6ed5c0d8242fa4ef7"
"chess5","group1/Chess Principles Encyclopedia/Volume 2 - Principles 101-200/17_Minor_Piece_Endgames/163_Opposite_Colored_Bishops_Favor_the_Defender.pdf","library/group1/Chess Principles Encyclopedia/Volume 2 - Principles 101-200/17_Minor_Piece_Endgames/163_Opposite_Colored_Bishops_Favor_the_Defender.pdf","130458","21fc85d1ab266cba8af976f0f6663785013153456cc9139793ae71eb6a8b9b6d","git","130458","21fc85d1ab266cba8af976f0f6663785013153456cc9139793ae71eb6a8b9b6d"
"chess5","group1/Chess Principles Encyclopedia/Volume 2 - Principles 101-200/17_Minor_Piece_Endgames/164_Opposite_Colored_Bishops_Strengthen_Middlegame_Attacks.pdf","library/group1/Chess Principles Encyclopedia/Volume 2 - Principles 101-200/17_Minor_Piece_Endgames/164_Opposite_Colored_Bishops_Strengthen_Middlegame_Attacks.pdf","130393","72ac1da9833893065a81f8485c90239526fd298fc83ed44e481bebcb97dd9d81","git","130393","72ac1da9833893065a81f8485c90239526fd298fc83ed44e481bebcb97dd9d81"
"chess5","group1/Chess Principles Encyclopedia/Volume 2 - Principles 101-200/17_Minor_Piece_Endgames/165_Fix_Pawns_on_the_Color_Your_Bishop_Can_Attack.pdf","library/group1/Chess Principles Encyclopedia/Volume 2 - Principles 101-200/17_Minor_Piece_Endgames/165_Fix_Pawns_on_the_Color_Your_Bishop_Can_Attack.pdf","130357","0e7aaaaa4110fe565457facbdbebc408fb3b9bcd2d37d97d96877bacc499a14d","git","130357","0e7aaaaa4110fe565457facbdbebc408fb3b9bcd2d37d97d96877bacc499a14d"
"chess5","group1/Chess Principles Encyclopedia/Volume 2 - Principles 101-200/17_Minor_Piece_Endgames/166_Put_Your_Pawns_Opposite_Your_Own_Bishops_Color.pdf","library/group1/Chess Principles Encyclopedia/Volume 2 - Principles 101-200/17_Minor_Piece_Endgames/166_Put_Your_Pawns_Opposite_Your_Own_Bishops_Color.pdf","130318","5d9338c5b8ce9afd331cecb59376ba948851d25535a892b90d231324212d9f2d","git","130318","5d9338c5b8ce9afd331cecb59376ba948851d25535a892b90d231324212d9f2d"
"chess5","group1/Chess Principles Encyclopedia/Volume 2 - Principles 101-200/17_Minor_Piece_Endgames/167_A_Knight_Needs_an_Active_King.pdf","library/group1/Chess Principles Encyclopedia/Volume 2 - Principles 101-200/17_Minor_Piece_Endgames/167_A_Knight_Needs_an_Active_King.pdf","130143","a99a28464bc4b6899f1c658439d4e720ff743bd8403b76d9c2068e0f70065928","git","130143","a99a28464bc4b6899f1c658439d4e720ff743bd8403b76d9c2068e0f70065928"
"chess5","group1/Chess Principles Encyclopedia/Volume 2 - Principles 101-200/17_Minor_Piece_Endgames/168_Use_Triangulation_to_Lose_a_Tempo.pdf","library/group1/Chess Principles Encyclopedia/Volume 2 - Principles 101-200/17_Minor_Piece_Endgames/168_Use_Triangulation_to_Lose_a_Tempo.pdf","130233","d2f81e1c0a6c03408e0db3a0d95cbb9d90d3d1eb40bfbd1fa9404b9393499121","git","130233","d2f81e1c0a6c03408e0db3a0d95cbb9d90d3d1eb40bfbd1fa9404b9393499121"
"chess5","group1/Chess Principles Encyclopedia/Volume 2 - Principles 101-200/17_Minor_Piece_Endgames/169_Create_Zugzwang_by_Removing_Useful_Moves.pdf","library/group1/Chess Principles Encyclopedia/Volume 2 - Principles 101-200/17_Minor_Piece_Endgames/169_Create_Zugzwang_by_Removing_Useful_Moves.pdf","130193","8d1ab1936ac0a4689eb0936311c652324b1d8e41fbdfcf2b4f0a499461a20050","git","130193","8d1ab1936ac0a4689eb0936311c652324b1d8e41fbdfcf2b4f0a499461a20050"
"chess5","group1/Chess Principles Encyclopedia/Volume 2 - Principles 101-200/17_Minor_Piece_Endgames/170_Sacrifice_a_Minor_Piece_for_the_Last_Pawns_When_It_Draws.pdf","library/group1/Chess Principles Encyclopedia/Volume 2 - Principles 101-200/17_Minor_Piece_Endgames/170_Sacrifice_a_Minor_Piece_for_the_Last_Pawns_When_It_Draws.pdf","130340","700baaba4eac639e68904686baa40d140c3a1b7078bf2294098e15db30241e44","git","130340","700baaba4eac639e68904686baa40d140c3a1b7078bf2294098e15db30241e44"
"chess5","group1/Chess Principles Encyclopedia/Volume 2 - Principles 101-200/18_Rook_and_Queen_Endgames/171_Cut_Off_the_Enemy_King_With_the_Rook.pdf","library/group1/Chess Principles Encyclopedia/Volume 2 - Principles 101-200/18_Rook_and_Queen_Endgames/171_Cut_Off_the_Enemy_King_With_the_Rook.pdf","129067","2a4f62dec862a2b3d0f38f8f7ca3acaab2673771d2fe48bbe97f1d2946478039","git","129067","2a4f62dec862a2b3d0f38f8f7ca3acaab2673771d2fe48bbe97f1d2946478039"
"chess5","group1/Chess Principles Encyclopedia/Volume 2 - Principles 101-200/18_Rook_and_Queen_Endgames/172_Build_the_Lucena_Bridge.pdf","library/group1/Chess Principles Encyclopedia/Volume 2 - Principles 101-200/18_Rook_and_Queen_Endgames/172_Build_the_Lucena_Bridge.pdf","129110","2b3ac913874e99f2e4aaba89de136ace8003b579511c39355e2d7591319ed3af","git","129110","2b3ac913874e99f2e4aaba89de136ace8003b579511c39355e2d7591319ed3af"
"chess5","group1/Chess Principles Encyclopedia/Volume 2 - Principles 101-200/18_Rook_and_Queen_Endgames/173_Use_the_Philidor_Third_Rank_Defense.pdf","library/group1/Chess Principles Encyclopedia/Volume 2 - Principles 101-200/18_Rook_and_Queen_Endgames/173_Use_the_Philidor_Third_Rank_Defense.pdf","129135","78c1a000268dc8d981b2e76180fa8bc277211bc5965b0cccc84900dc73af7ccc","git","129135","78c1a000268dc8d981b2e76180fa8bc277211bc5965b0cccc84900dc73af7ccc"
"chess5","group1/Chess Principles Encyclopedia/Volume 2 - Principles 101-200/18_Rook_and_Queen_Endgames/174_Check_From_the_Side_With_Adequate_Distance.pdf","library/group1/Chess Principles Encyclopedia/Volume 2 - Principles 101-200/18_Rook_and_Queen_Endgames/174_Check_From_the_Side_With_Adequate_Distance.pdf","129039","b928cceadd2ff4afb7476c6801a19049de39b0d75b55709b2d702ede2c335ab3","git","129039","b928cceadd2ff4afb7476c6801a19049de39b0d75b55709b2d702ede2c335ab3"
"chess5","group1/Chess Principles Encyclopedia/Volume 2 - Principles 101-200/18_Rook_and_Queen_Endgames/175_Know_the_Wrong_Bishop_Rook_Pawn_Draw.pdf","library/group1/Chess Principles Encyclopedia/Volume 2 - Principles 101-200/18_Rook_and_Queen_Endgames/175_Know_the_Wrong_Bishop_Rook_Pawn_Draw.pdf","129175","dac9cd3fc5e5a1616825e5a34a769aa35c81ece543e23344f6acf0e3c13c3468","git","129175","dac9cd3fc5e5a1616825e5a34a769aa35c81ece543e23344f6acf0e3c13c3468"
"chess5","group1/Chess Principles Encyclopedia/Volume 2 - Principles 101-200/18_Rook_and_Queen_Endgames/176_Centralize_the_Queen_With_Tempo.pdf","library/group1/Chess Principles Encyclopedia/Volume 2 - Principles 101-200/18_Rook_and_Queen_Endgames/176_Centralize_the_Queen_With_Tempo.pdf","129056","fb5af14b1e8c610cf03502170fca044ed18dc368a5895335347a6e383db2c513","git","129056","fb5af14b1e8c610cf03502170fca044ed18dc368a5895335347a6e383db2c513"
"chess5","group1/Chess Principles Encyclopedia/Volume 2 - Principles 101-200/18_Rook_and_Queen_Endgames/177_King_Safety_Dominates_Queen_Endgames.pdf","library/group1/Chess Principles Encyclopedia/Volume 2 - Principles 101-200/18_Rook_and_Queen_Endgames/177_King_Safety_Dominates_Queen_Endgames.pdf","129114","a8217c10b0fd28ff9d1df849acd2f55b1966bd99067c90dd44d5ee6fc9749740","git","129114","a8217c10b0fd28ff9d1df849acd2f55b1966bd99067c90dd44d5ee6fc9749740"
"chess5","group1/Chess Principles Encyclopedia/Volume 2 - Principles 101-200/18_Rook_and_Queen_Endgames/178_Build_a_Perpetual_Check_Map.pdf","library/group1/Chess Principles Encyclopedia/Volume 2 - Principles 101-200/18_Rook_and_Queen_Endgames/178_Build_a_Perpetual_Check_Map.pdf","129088","a41229b3e90721168bd9070696d3285753ff7c3250ad8d60b1f729f0c87a8fee","git","129088","a41229b3e90721168bd9070696d3285753ff7c3250ad8d60b1f729f0c87a8fee"
"chess5","group1/Chess Principles Encyclopedia/Volume 2 - Principles 101-200/18_Rook_and_Queen_Endgames/179_Calculate_Queen_Trades_to_the_Final_Pawn_Ending.pdf","library/group1/Chess Principles Encyclopedia/Volume 2 - Principles 101-200/18_Rook_and_Queen_Endgames/179_Calculate_Queen_Trades_to_the_Final_Pawn_Ending.pdf","129130","dd82595bc5d42e7f12ae41c17e824bde9ceb77a4f06c5feb105f127ee93ae94f","git","129130","dd82595bc5d42e7f12ae41c17e824bde9ceb77a4f06c5feb105f127ee93ae94f"
"chess5","group1/Chess Principles Encyclopedia/Volume 2 - Principles 101-200/18_Rook_and_Queen_Endgames/180_Connected_Passed_Pawns_Can_Outweigh_a_Rook.pdf","library/group1/Chess Principles Encyclopedia/Volume 2 - Principles 101-200/18_Rook_and_Queen_Endgames/180_Connected_Passed_Pawns_Can_Outweigh_a_Rook.pdf","129109","1d223fc816690bbeec8adb1230752579b8fffdc35fea82f4ea9c06b46a8af78b","git","129109","1d223fc816690bbeec8adb1230752579b8fffdc35fea82f4ea9c06b46a8af78b"
"chess5","group1/Chess Principles Encyclopedia/Volume 2 - Principles 101-200/19_Tournament_and_Matchcraft/181_Treat_the_Clock_as_a_Strategic_Resource.pdf","library/group1/Chess Principles Encyclopedia/Volume 2 - Principles 101-200/19_Tournament_and_Matchcraft/181_Treat_the_Clock_as_a_Strategic_Resource.pdf","133776","2f1a5ee22e883f318b15db79dc63b436b84c7fd3fb650098dc02f39805a49870","git","133776","2f1a5ee22e883f318b15db79dc63b436b84c7fd3fb650098dc02f39805a49870"
"chess5","group1/Chess Principles Encyclopedia/Volume 2 - Principles 101-200/19_Tournament_and_Matchcraft/182_Use_the_Opponents_Time_to_Think.pdf","library/group1/Chess Principles Encyclopedia/Volume 2 - Principles 101-200/19_Tournament_and_Matchcraft/182_Use_the_Opponents_Time_to_Think.pdf","133723","9935c37ff58d0d23fb024b0fceea95fac11d047c5116fbfd209d9647eed79d46","git","133723","9935c37ff58d0d23fb024b0fceea95fac11d047c5116fbfd209d9647eed79d46"
"chess5","group1/Chess Principles Encyclopedia/Volume 2 - Principles 101-200/19_Tournament_and_Matchcraft/183_Reset_Emotion_After_a_Blunder.pdf","library/group1/Chess Principles Encyclopedia/Volume 2 - Principles 101-200/19_Tournament_and_Matchcraft/183_Reset_Emotion_After_a_Blunder.pdf","133740","6a0e824b4b7af59d441d6088b313e6988caea55e2e1a3644af047981073092e2","git","133740","6a0e824b4b7af59d441d6088b313e6988caea55e2e1a3644af047981073092e2"
"chess5","group1/Chess Principles Encyclopedia/Volume 2 - Principles 101-200/19_Tournament_and_Matchcraft/184_Play_the_Position_Not_the_Rating.pdf","library/group1/Chess Principles Encyclopedia/Volume 2 - Principles 101-200/19_Tournament_and_Matchcraft/184_Play_the_Position_Not_the_Rating.pdf","133747","9a95f598590436f343eb2a35c33a9154100433bfac189fcfbb474e7494638a72","git","133747","9a95f598590436f343eb2a35c33a9154100433bfac189fcfbb474e7494638a72"
"chess5","group1/Chess Principles Encyclopedia/Volume 2 - Principles 101-200/19_Tournament_and_Matchcraft/185_Choose_Practical_Complexity_When_the_Match_Requires_It.pdf","library/group1/Chess Principles Encyclopedia/Volume 2 - Principles 101-200/19_Tournament_and_Matchcraft/185_Choose_Practical_Complexity_When_the_Match_Requires_It.pdf","133781","6c8859dbf62dec5e7461612f2cdd6b0cdefce8ad253e4c57ceab0ea5e720ed63","git","133781","6c8859dbf62dec5e7461612f2cdd6b0cdefce8ad253e4c57ceab0ea5e720ed63"
"chess5","group1/Chess Principles Encyclopedia/Volume 2 - Principles 101-200/19_Tournament_and_Matchcraft/186_Reduce_Variance_When_a_Draw_Is_Valuable.pdf","library/group1/Chess Principles Encyclopedia/Volume 2 - Principles 101-200/19_Tournament_and_Matchcraft/186_Reduce_Variance_When_a_Draw_Is_Valuable.pdf","133879","5fe2d720565e339748c778318569c5f126c0b2ca435c71e1ae42bbe3712069bd","git","133879","5fe2d720565e339748c778318569c5f126c0b2ca435c71e1ae42bbe3712069bd"
"chess5","group1/Chess Principles Encyclopedia/Volume 2 - Principles 101-200/19_Tournament_and_Matchcraft/187_Respond_to_Opening_Surprises_With_Fundamentals.pdf","library/group1/Chess Principles Encyclopedia/Volume 2 - Principles 101-200/19_Tournament_and_Matchcraft/187_Respond_to_Opening_Surprises_With_Fundamentals.pdf","133903","79eef834f18c4fddaf583d62a4ffbc3c3ca421fe7916758526361b94ac58711e","git","133903","79eef834f18c4fddaf583d62a4ffbc3c3ca421fe7916758526361b94ac58711e"
"chess5","group1/Chess Principles Encyclopedia/Volume 2 - Principles 101-200/19_Tournament_and_Matchcraft/188_Evaluate_Draw_Offers_From_the_Position.pdf","library/group1/Chess Principles Encyclopedia/Volume 2 - Principles 101-200/19_Tournament_and_Matchcraft/188_Evaluate_Draw_Offers_From_the_Position.pdf","133767","eb0bf2d708c7122f576da9a07b45a13cb2ea0cf9899a693ca7772380f6ac3dbf","git","133767","eb0bf2d708c7122f576da9a07b45a13cb2ea0cf9899a693ca7772380f6ac3dbf"
"chess5","group1/Chess Principles Encyclopedia/Volume 2 - Principles 101-200/19_Tournament_and_Matchcraft/189_Create_Difficult_Choices_for_the_Opponent.pdf","library/group1/Chess Principles Encyclopedia/Volume 2 - Principles 101-200/19_Tournament_and_Matchcraft/189_Create_Difficult_Choices_for_the_Opponent.pdf","133831","5b058706bf4cd6e94691059fdb61dad3aca07502f148901cd3792eeaffbc991b","git","133831","5b058706bf4cd6e94691059fdb61dad3aca07502f148901cd3792eeaffbc991b"
"chess5","group1/Chess Principles Encyclopedia/Volume 2 - Principles 101-200/19_Tournament_and_Matchcraft/190_Use_a_Between_Round_Reset_Routine.pdf","library/group1/Chess Principles Encyclopedia/Volume 2 - Principles 101-200/19_Tournament_and_Matchcraft/190_Use_a_Between_Round_Reset_Routine.pdf","133731","3ddec4554f0dba9a366202dd92992133348a32560cd6421b7d74eabc57281160","git","133731","3ddec4554f0dba9a366202dd92992133348a32560cd6421b7d74eabc57281160"
"chess5","group1/Chess Principles Encyclopedia/Volume 2 - Principles 101-200/20_Mastery_and_Learning_Systems/191_Train_Visualization_Without_Moving_Pieces.pdf","library/group1/Chess Principles Encyclopedia/Volume 2 - Principles 101-200/20_Mastery_and_Learning_Systems/191_Train_Visualization_Without_Moving_Pieces.pdf","133800","51ceb579d4d0231165641d3ccb4668a69c00f6e202558df4e78aee25a5112177","git","133800","51ceb579d4d0231165641d3ccb4668a69c00f6e202558df4e78aee25a5112177"
"chess5","group1/Chess Principles Encyclopedia/Volume 2 - Principles 101-200/20_Mastery_and_Learning_Systems/192_Keep_a_Calculation_Notebook.pdf","library/group1/Chess Principles Encyclopedia/Volume 2 - Principles 101-200/20_Mastery_and_Learning_Systems/192_Keep_a_Calculation_Notebook.pdf","133729","61ff4f8ebce34e396017a9c57471a3fc2a4ab168cde618fb3cefbaa1bcc3d0cf","git","133729","61ff4f8ebce34e396017a9c57471a3fc2a4ab168cde618fb3cefbaa1bcc3d0cf"
"chess5","group1/Chess Principles Encyclopedia/Volume 2 - Principles 101-200/20_Mastery_and_Learning_Systems/193_Study_Model_Games_by_Structure.pdf","library/group1/Chess Principles Encyclopedia/Volume 2 - Principles 101-200/20_Mastery_and_Learning_Systems/193_Study_Model_Games_by_Structure.pdf","133784","57041979a5413537618e6f775f8bb35535f3acb49f5f0fc0fc69bf55935b851c","git","133784","57041979a5413537618e6f775f8bb35535f3acb49f5f0fc0fc69bf55935b851c"
"chess5","group1/Chess Principles Encyclopedia/Volume 2 - Principles 101-200/20_Mastery_and_Learning_Systems/194_Interleave_Different_Skill_Types.pdf","library/group1/Chess Principles Encyclopedia/Volume 2 - Principles 101-200/20_Mastery_and_Learning_Systems/194_Interleave_Different_Skill_Types.pdf","133689","4f8b8db41a788f5277f15b007de35ea7984eb52bd8d23ba57063c9dc157344cf","git","133689","4f8b8db41a788f5277f15b007de35ea7984eb52bd8d23ba57063c9dc157344cf"
"chess5","group1/Chess Principles Encyclopedia/Volume 2 - Principles 101-200/20_Mastery_and_Learning_Systems/195_Retrieve_Before_You_Review.pdf","library/group1/Chess Principles Encyclopedia/Volume 2 - Principles 101-200/20_Mastery_and_Learning_Systems/195_Retrieve_Before_You_Review.pdf","133652","1cbad31e6c67fce46f8ffb83b80c91b8ae01de15e3bc0eb15fe35315295ccbc8","git","133652","1cbad31e6c67fce46f8ffb83b80c91b8ae01de15e3bc0eb15fe35315295ccbc8"
"chess5","group1/Chess Principles Encyclopedia/Volume 2 - Principles 101-200/20_Mastery_and_Learning_Systems/196_Measure_Error_Frequency_Not_Just_Puzzle_Rating.pdf","library/group1/Chess Principles Encyclopedia/Volume 2 - Principles 101-200/20_Mastery_and_Learning_Systems/196_Measure_Error_Frequency_Not_Just_Puzzle_Rating.pdf","133853","bc017fa224a8da91f200b0c8267bd3c501ff264e60d018ef6e810493fba101a6","git","133853","bc017fa224a8da91f200b0c8267bd3c501ff264e60d018ef6e810493fba101a6"
"chess5","group1/Chess Principles Encyclopedia/Volume 2 - Principles 101-200/20_Mastery_and_Learning_Systems/197_Train_Difficult_Defensive_Positions.pdf","library/group1/Chess Principles Encyclopedia/Volume 2 - Principles 101-200/20_Mastery_and_Learning_Systems/197_Train_Difficult_Defensive_Positions.pdf","133795","44dcb6bea7fa9e4af95ca2e85b1769a47d2438a336d95af9a05b29e30ab3defe","git","133795","44dcb6bea7fa9e4af95ca2e85b1769a47d2438a336d95af9a05b29e30ab3defe"
"chess5","group1/Chess Principles Encyclopedia/Volume 2 - Principles 101-200/20_Mastery_and_Learning_Systems/198_Use_Endgames_to_Sharpen_Calculation.pdf","library/group1/Chess Principles Encyclopedia/Volume 2 - Principles 101-200/20_Mastery_and_Learning_Systems/198_Use_Endgames_to_Sharpen_Calculation.pdf","133799","a57eaae4eae865433215f23f11be617b4c09c58b3fc015ba24299f00f8797f7b","git","133799","a57eaae4eae865433215f23f11be617b4c09c58b3fc015ba24299f00f8797f7b"
"chess5","group1/Chess Principles Encyclopedia/Volume 2 - Principles 101-200/20_Mastery_and_Learning_Systems/199_Teach_the_Principle_in_Your_Own_Words.pdf","library/group1/Chess Principles Encyclopedia/Volume 2 - Principles 101-200/20_Mastery_and_Learning_Systems/199_Teach_the_Principle_in_Your_Own_Words.pdf","133746","c941e13921f0d30b3c505c0172c7b6b3837bdc6ea1e450c67e53e845a74d0055","git","133746","c941e13921f0d30b3c505c0172c7b6b3837bdc6ea1e450c67e53e845a74d0055"
"chess5","group1/Chess Principles Encyclopedia/Volume 2 - Principles 101-200/20_Mastery_and_Learning_Systems/200_Build_a_Personal_Decision_Checklist.pdf","library/group1/Chess Principles Encyclopedia/Volume 2 - Principles 101-200/20_Mastery_and_Learning_Systems/200_Build_a_Personal_Decision_Checklist.pdf","133788","13bc638c172d82c1bde0f5f93b0f75265ec0ab661b6a910d94ba5ebe1038e25f","git","133788","13bc638c172d82c1bde0f5f93b0f75265ec0ab661b6a910d94ba5ebe1038e25f"
"chess5","group1/Chess Principles Encyclopedia/Volume 2 - Principles 101-200/PRINCIPLES_MANIFEST.csv","library/group1/Chess Principles Encyclopedia/Volume 2 - Principles 101-200/PRINCIPLES_MANIFEST.csv","24412","504a1b446735c71408ed7d4b14f69c62d19f8f004b978b1533302cc2d55da5f9","git","24412","504a1b446735c71408ed7d4b14f69c62d19f8f004b978b1533302cc2d55da5f9"
"chess5","group1/Chess Principles Encyclopedia/Volume 2 - Principles 101-200/START_HERE.txt","library/group1/Chess Principles Encyclopedia/Volume 2 - Principles 101-200/START_HERE.txt","13312","857c595a0000642402c4303cf2fcc581d4943af6f7b11edd8df7388092185759","git","13312","857c595a0000642402c4303cf2fcc581d4943af6f7b11edd8df7388092185759"
"chess5","group1/Chess Principles Encyclopedia/Volume 3 - Calculation and Tactical Mastery/21_Deep_Calculation/201_Inventory_the_Position_Before_Calculating.pdf","library/group1/Chess Principles Encyclopedia/Volume 3 - Calculation and Tactical Mastery/21_Deep_Calculation/201_Inventory_the_Position_Before_Calculating.pdf","134539","ac5d6e0168684864b8e60c57f2eb396bd2607326d1208c5b6da579e4903ea208","git","134539","ac5d6e0168684864b8e60c57f2eb396bd2607326d1208c5b6da579e4903ea208"
"chess5","group1/Chess Principles Encyclopedia/Volume 3 - Calculation and Tactical Mastery/21_Deep_Calculation/202_Rank_Candidates_by_Reply_Restriction.pdf","library/group1/Chess Principles Encyclopedia/Volume 3 - Calculation and Tactical Mastery/21_Deep_Calculation/202_Rank_Candidates_by_Reply_Restriction.pdf","134491","c01eba97894580adaf7929c425486e51a4b5554c2c9dee51885eab45d2bc2147","git","134491","c01eba97894580adaf7929c425486e51a4b5554c2c9dee51885eab45d2bc2147"
"chess5","group1/Chess Principles Encyclopedia/Volume 3 - Calculation and Tactical Mastery/21_Deep_Calculation/203_Calculate_the_Best_Countercheck_First.pdf","library/group1/Chess Principles Encyclopedia/Volume 3 - Calculation and Tactical Mastery/21_Deep_Calculation/203_Calculate_the_Best_Countercheck_First.pdf","134446","fcd43a62b5ef9eb35571aed8028362f27a6bef879e1c120b7244180227a188ad","git","134446","fcd43a62b5ef9eb35571aed8028362f27a6bef879e1c120b7244180227a188ad"
"chess5","group1/Chess Principles Encyclopedia/Volume 3 - Calculation and Tactical Mastery/21_Deep_Calculation/204_Audit_Every_Capture_on_the_Critical_Square.pdf","library/group1/Chess Principles Encyclopedia/Volume 3 - Calculation and Tactical Mastery/21_Deep_Calculation/204_Audit_Every_Capture_on_the_Critical_Square.pdf","134394","e37d211eb51b3b51df68b5e48cacf7b5a30a30186857adad8e5751b35ab9bd14","git","134394","e37d211eb51b3b51df68b5e48cacf7b5a30a30186857adad8e5751b35ab9bd14"
"chess5","group1/Chess Principles Encyclopedia/Volume 3 - Calculation and Tactical Mastery/21_Deep_Calculation/205_Use_Comparison_Points_in_the_Tree.pdf","library/group1/Chess Principles Encyclopedia/Volume 3 - Calculation and Tactical Mastery/21_Deep_Calculation/205_Use_Comparison_Points_in_the_Tree.pdf","134335","42da3e263edccea6c36babac3c3f52adb9cd71f39ebaf3cb75e97d4f59aafb9e","git","134335","42da3e263edccea6c36babac3c3f52adb9cd71f39ebaf3cb75e97d4f59aafb9e"
"chess5","group1/Chess Principles Encyclopedia/Volume 3 - Calculation and Tactical Mastery/21_Deep_Calculation/206_Stop_Only_at_a_Quiescent_Position.pdf","library/group1/Chess Principles Encyclopedia/Volume 3 - Calculation and Tactical Mastery/21_Deep_Calculation/206_Stop_Only_at_a_Quiescent_Position.pdf","134378","fe958ed32b3800b28cd31d30b90e7c3beb182ab2060f6f7d75eb6aa04e43b170","git","134378","fe958ed32b3800b28cd31d30b90e7c3beb182ab2060f6f7d75eb6aa04e43b170"
"chess5","group1/Chess Principles Encyclopedia/Volume 3 - Calculation and Tactical Mastery/21_Deep_Calculation/207_Return_to_the_Root_Between_Branches.pdf","library/group1/Chess Principles Encyclopedia/Volume 3 - Calculation and Tactical Mastery/21_Deep_Calculation/207_Return_to_the_Root_Between_Branches.pdf","134264","37dff377942719a994c3143bb73d6f04201b8accf71f4464a8456f98f7b04d98","git","134264","37dff377942719a994c3143bb73d6f04201b8accf71f4464a8456f98f7b04d98"
"chess5","group1/Chess Principles Encyclopedia/Volume 3 - Calculation and Tactical Mastery/21_Deep_Calculation/208_Separate_Seeing_Errors_from_Judging_Errors.pdf","library/group1/Chess Principles Encyclopedia/Volume 3 - Calculation and Tactical Mastery/21_Deep_Calculation/208_Separate_Seeing_Errors_from_Judging_Errors.pdf","134450","570a023ad88eea0803388f01d88d492210f4ee441461ab9292f74e381b3f2cf6","git","134450","570a023ad88eea0803388f01d88d492210f4ee441461ab9292f74e381b3f2cf6"
"chess5","group1/Chess Principles Encyclopedia/Volume 3 - Calculation and Tactical Mastery/21_Deep_Calculation/209_Use_Motifs_as_Search_Cues.pdf","library/group1/Chess Principles Encyclopedia/Volume 3 - Calculation and Tactical Mastery/21_Deep_Calculation/209_Use_Motifs_as_Search_Cues.pdf","134326","98d1c2e94d1f611810de1f658ae1bcec4cf12bd1457784d375c1c670c67b82aa","git","134326","98d1c2e94d1f611810de1f658ae1bcec4cf12bd1457784d375c1c670c67b82aa"
"chess5","group1/Chess Principles Encyclopedia/Volume 3 - Calculation and Tactical Mastery/21_Deep_Calculation/210_Refute_Your_Own_Sacrifice.pdf","library/group1/Chess Principles Encyclopedia/Volume 3 - Calculation and Tactical Mastery/21_Deep_Calculation/210_Refute_Your_Own_Sacrifice.pdf","134393","620c8f63fc50a1368a19b7f4fb724750f87bdf15a760dd86c4c0d4637eaf9126","git","134393","620c8f63fc50a1368a19b7f4fb724750f87bdf15a760dd86c4c0d4637eaf9126"
"chess5","group1/Chess Principles Encyclopedia/Volume 3 - Calculation and Tactical Mastery/21_Deep_Calculation/211_Search_for_Quiet_Tactical_Moves.pdf","library/group1/Chess Principles Encyclopedia/Volume 3 - Calculation and Tactical Mastery/21_Deep_Calculation/211_Search_for_Quiet_Tactical_Moves.pdf","134371","df522bd0ced8c1d9d76f6d6f7dceee07a7032044b76321e2f5202ae2d3fdde64","git","134371","df522bd0ced8c1d9d76f6d6f7dceee07a7032044b76321e2f5202ae2d3fdde64"
"chess5","group1/Chess Principles Encyclopedia/Volume 3 - Calculation and Tactical Mastery/21_Deep_Calculation/212_Treat_Move_Order_as_a_Tactical_Resource.pdf","library/group1/Chess Principles Encyclopedia/Volume 3 - Calculation and Tactical Mastery/21_Deep_Calculation/212_Treat_Move_Order_as_a_Tactical_Resource.pdf","134477","f4f5671c5f63bef5dcea7f5780f12707288feed80a00f9e35d8140ba7fc994ca","git","134477","f4f5671c5f63bef5dcea7f5780f12707288feed80a00f9e35d8140ba7fc994ca"
"chess5","group1/Chess Principles Encyclopedia/Volume 3 - Calculation and Tactical Mastery/22_Tactical_Pattern_Integration/213_Distinguish_Attraction_from_Deflection.pdf","library/group1/Chess Principles Encyclopedia/Volume 3 - Calculation and Tactical Mastery/22_Tactical_Pattern_Integration/213_Distinguish_Attraction_from_Deflection.pdf","134447","cb6a6a646ee4d0f15ad53dbdb73adaada046f5c636e22b7e9e8b6e87fbd2413b","git","134447","cb6a6a646ee4d0f15ad53dbdb73adaada046f5c636e22b7e9e8b6e87fbd2413b"
"chess5","group1/Chess Principles Encyclopedia/Volume 3 - Calculation and Tactical Mastery/22_Tactical_Pattern_Integration/214_Interfere_with_a_Defensive_Line.pdf","library/group1/Chess Principles Encyclopedia/Volume 3 - Calculation and Tactical Mastery/22_Tactical_Pattern_Integration/214_Interfere_with_a_Defensive_Line.pdf","134327","684d815fc12c0855d354117b7b5eedfce9ed6047f248a84d816687e85543965b","git","134327","684d815fc12c0855d354117b7b5eedfce9ed6047f248a84d816687e85543965b"
"chess5","group1/Chess Principles Encyclopedia/Volume 3 - Calculation and Tactical Mastery/22_Tactical_Pattern_Integration/215_Clear_a_Line_by_Sacrifice.pdf","library/group1/Chess Principles Encyclopedia/Volume 3 - Calculation and Tactical Mastery/22_Tactical_Pattern_Integration/215_Clear_a_Line_by_Sacrifice.pdf","134471","dd21c6c6138700cffbba6121b043c8a5b226eb1f93567c427e3f1b88c0e50a1f","git","134471","dd21c6c6138700cffbba6121b043c8a5b226eb1f93567c427e3f1b88c0e50a1f"
"chess5","group1/Chess Principles Encyclopedia/Volume 3 - Calculation and Tactical Mastery/22_Tactical_Pattern_Integration/216_Open_Lines_with_a_Pawn_Sacrifice.pdf","library/group1/Chess Principles Encyclopedia/Volume 3 - Calculation and Tactical Mastery/22_Tactical_Pattern_Integration/216_Open_Lines_with_a_Pawn_Sacrifice.pdf","134362","51fa4cdfd9d939ef61497bae08898eee79517d828c81942ab68ea42a5965eeb9","git","134362","51fa4cdfd9d939ef61497bae08898eee79517d828c81942ab68ea42a5965eeb9"
"chess5","group1/Chess Principles Encyclopedia/Volume 3 - Calculation and Tactical Mastery/22_Tactical_Pattern_Integration/217_Build_the_Mating_Net_Before_Checking.pdf","library/group1/Chess Principles Encyclopedia/Volume 3 - Calculation and Tactical Mastery/22_Tactical_Pattern_Integration/217_Build_the_Mating_Net_Before_Checking.pdf","134244","a111990dcd1149a5477eee291d4cfaef9b086b7bcac64584a036679240313583","git","134244","a111990dcd1149a5477eee291d4cfaef9b086b7bcac64584a036679240313583"
"chess5","group1/Chess Principles Encyclopedia/Volume 3 - Calculation and Tactical Mastery/22_Tactical_Pattern_Integration/218_Prepare_the_Knight_Fork.pdf","library/group1/Chess Principles Encyclopedia/Volume 3 - Calculation and Tactical Mastery/22_Tactical_Pattern_Integration/218_Prepare_the_Knight_Fork.pdf","134258","af22b301257b0c481b341df13b88bcc9b82958c02844cf837c4d9b69b2953f2b","git","134258","af22b301257b0c481b341df13b88bcc9b82958c02844cf837c4d9b69b2953f2b"
"chess5","group1/Chess Principles Encyclopedia/Volume 3 - Calculation and Tactical Mastery/22_Tactical_Pattern_Integration/219_Test_the_Greek_Gift_Conditions.pdf","library/group1/Chess Principles Encyclopedia/Volume 3 - Calculation and Tactical Mastery/22_Tactical_Pattern_Integration/219_Test_the_Greek_Gift_Conditions.pdf","134349","a4f0942488b7d1e20217ac7de1dfb90e8c50a41262861eafb7126926ce9736d5","git","134349","a4f0942488b7d1e20217ac7de1dfb90e8c50a41262861eafb7126926ce9736d5"
"chess5","group1/Chess Principles Encyclopedia/Volume 3 - Calculation and Tactical Mastery/22_Tactical_Pattern_Integration/220_Evaluate_the_Exchange_Sacrifice_on_c3_or_c6.pdf","library/group1/Chess Principles Encyclopedia/Volume 3 - Calculation and Tactical Mastery/22_Tactical_Pattern_Integration/220_Evaluate_the_Exchange_Sacrifice_on_c3_or_c6.pdf","134578","b37c8a42448ef0d07330513c8d1361bf8ffa8588ef590a3eac14fa83ca80a17e","git","134578","b37c8a42448ef0d07330513c8d1361bf8ffa8588ef590a3eac14fa83ca80a17e"
"chess5","group1/Chess Principles Encyclopedia/Volume 3 - Calculation and Tactical Mastery/22_Tactical_Pattern_Integration/221_Use_the_Rook_Lift_as_a_Route.pdf","library/group1/Chess Principles Encyclopedia/Volume 3 - Calculation and Tactical Mastery/22_Tactical_Pattern_Integration/221_Use_the_Rook_Lift_as_a_Route.pdf","134295","40cd6063133eb62e81f254dc6e89c431f5de55edd9b9c721d3150d3aa605d1ab","git","134295","40cd6063133eb62e81f254dc6e89c431f5de55edd9b9c721d3150d3aa605d1ab"
"chess5","group1/Chess Principles Encyclopedia/Volume 3 - Calculation and Tactical Mastery/22_Tactical_Pattern_Integration/222_Align_a_Battery_with_a_Future_Target.pdf","library/group1/Chess Principles Encyclopedia/Volume 3 - Calculation and Tactical Mastery/22_Tactical_Pattern_Integration/222_Align_a_Battery_with_a_Future_Target.pdf","134353","11352c98e7c064acb9eceb21db09b6bcd90824ecc15aecd9e61ab6178c7b2843","git","134353","11352c98e7c064acb9eceb21db09b6bcd90824ecc15aecd9e61ab6178c7b2843"
"chess5","group1/Chess Principles Encyclopedia/Volume 3 - Calculation and Tactical Mastery/22_Tactical_Pattern_Integration/223_Use_Stalemate_as_an_Active_Defense.pdf","library/group1/Chess Principles Encyclopedia/Volume 3 - Calculation and Tactical Mastery/22_Tactical_Pattern_Integration/223_Use_Stalemate_as_an_Active_Defense.pdf","134352","7c5e816aa4af2fe452ba4af8b2d716ca6b96c3f0f1cc93faa06692450d7f2348","git","134352","7c5e816aa4af2fe452ba4af8b2d716ca6b96c3f0f1cc93faa06692450d7f2348"
"chess5","group1/Chess Principles Encyclopedia/Volume 3 - Calculation and Tactical Mastery/22_Tactical_Pattern_Integration/224_Construct_a_Perpetual_Check_Zone.pdf","library/group1/Chess Principles Encyclopedia/Volume 3 - Calculation and Tactical Mastery/22_Tactical_Pattern_Integration/224_Construct_a_Perpetual_Check_Zone.pdf","134294","2d8f83dc23ab46d9b704db9eb1cb25ad07a42a153bb4500200f42c0c1ec61f8d","git","134294","2d8f83dc23ab46d9b704db9eb1cb25ad07a42a153bb4500200f42c0c1ec61f8d"
"chess5","group1/Chess Principles Encyclopedia/Volume 3 - Calculation and Tactical Mastery/22_Tactical_Pattern_Integration/225_Remove_the_Opponents_Tactic_First.pdf","library/group1/Chess Principles Encyclopedia/Volume 3 - Calculation and Tactical Mastery/22_Tactical_Pattern_Integration/225_Remove_the_Opponents_Tactic_First.pdf","134435","ad6c46c261ed4ad132bade758b3d860bf428c9679511c5e09cf47ab0acfb3420","git","134435","ad6c46c261ed4ad132bade758b3d860bf428c9679511c5e09cf47ab0acfb3420"
"chess5","group1/Chess Principles Encyclopedia/Volume 3 - Calculation and Tactical Mastery/PRINCIPLES_MANIFEST.csv","library/group1/Chess Principles Encyclopedia/Volume 3 - Calculation and Tactical Mastery/PRINCIPLES_MANIFEST.csv","5811","03b9d3d34c637978db8e21d211fe71225863945ae6ebf173e4475acf09ca0177","git","5811","03b9d3d34c637978db8e21d211fe71225863945ae6ebf173e4475acf09ca0177"
"chess5","group1/Chess Principles Encyclopedia/Volume 3 - Calculation and Tactical Mastery/START_HERE.txt","library/group1/Chess Principles Encyclopedia/Volume 3 - Calculation and Tactical Mastery/START_HERE.txt","3647","4077466e18b7e4c06e0e9cac5bce073d0f8769158923d9b21b394356e4ed1b26","git","3647","4077466e18b7e4c06e0e9cac5bce073d0f8769158923d9b21b394356e4ed1b26"
"chess5","group1/Chess Principles Encyclopedia/Volume 4 - Strategy and Pawn Structure Mastery/23_Strategic_Planning/226_Derive_the_Plan_from_the_Pawn_Structure.pdf","library/group1/Chess Principles Encyclopedia/Volume 4 - Strategy and Pawn Structure Mastery/23_Strategic_Planning/226_Derive_the_Plan_from_the_Pawn_Structure.pdf","134130","e43c81eab114ba927abe5c2e77396d047fa306ce92a316509c18d66187beddd4","git","134130","e43c81eab114ba927abe5c2e77396d047fa306ce92a316509c18d66187beddd4"
"chess5","group1/Chess Principles Encyclopedia/Volume 4 - Strategy and Pawn Structure Mastery/23_Strategic_Planning/227_Choose_the_Desired_Exchange_First.pdf","library/group1/Chess Principles Encyclopedia/Volume 4 - Strategy and Pawn Structure Mastery/23_Strategic_Planning/227_Choose_the_Desired_Exchange_First.pdf","134058","f4d011c464d6671bdef1e2eeb4de80646706d52a093cd0b24be0d8f67c966fdf","git","134058","f4d011c464d6671bdef1e2eeb4de80646706d52a093cd0b24be0d8f67c966fdf"
"chess5","group1/Chess Principles Encyclopedia/Volume 4 - Strategy and Pawn Structure Mastery/23_Strategic_Planning/228_Activate_the_King_in_a_Quiet_Middlegame.pdf","library/group1/Chess Principles Encyclopedia/Volume 4 - Strategy and Pawn Structure Mastery/23_Strategic_Planning/228_Activate_the_King_in_a_Quiet_Middlegame.pdf","134129","b534b13224eed3551b2270315733ffb63b8dc9a7eae79d17aac5f719a8687ad7","git","134129","b534b13224eed3551b2270315733ffb63b8dc9a7eae79d17aac5f719a8687ad7"
"chess5","group1/Chess Principles Encyclopedia/Volume 4 - Strategy and Pawn Structure Mastery/23_Strategic_Planning/229_Create_the_Entry_Square_Before_Taking_the_File.pdf","library/group1/Chess Principles Encyclopedia/Volume 4 - Strategy and Pawn Structure Mastery/23_Strategic_Planning/229_Create_the_Entry_Square_Before_Taking_the_File.pdf","134162","5abe98f3be229f609438847853bd4350cc6ce2fb6f0e0793884e54edd580af46","git","134162","5abe98f3be229f609438847853bd4350cc6ce2fb6f0e0793884e54edd580af46"
"chess5","group1/Chess Principles Encyclopedia/Volume 4 - Strategy and Pawn Structure Mastery/23_Strategic_Planning/230_Penetrate_on_the_Open_File.pdf","library/group1/Chess Principles Encyclopedia/Volume 4 - Strategy and Pawn Structure Mastery/23_Strategic_Planning/230_Penetrate_on_the_Open_File.pdf","134137","dbf8e5ace5f76c24166d5f8b0e5d12d02963039782db2d98c974445b75557c3f","git","134137","dbf8e5ace5f76c24166d5f8b0e5d12d02963039782db2d98c974445b75557c3f"
"chess5","group1/Chess Principles Encyclopedia/Volume 4 - Strategy and Pawn Structure Mastery/23_Strategic_Planning/231_Distinguish_a_Weak_Square_from_an_Outpost.pdf","library/group1/Chess Principles Encyclopedia/Volume 4 - Strategy and Pawn Structure Mastery/23_Strategic_Planning/231_Distinguish_a_Weak_Square_from_an_Outpost.pdf","134220","358abac0d7fe40e8f3ffe2bc17613acedb29e433ef43cf92c0dfd6715b6311e0","git","134220","358abac0d7fe40e8f3ffe2bc17613acedb29e433ef43cf92c0dfd6715b6311e0"
"chess5","group1/Chess Principles Encyclopedia/Volume 4 - Strategy and Pawn Structure Mastery/23_Strategic_Planning/232_Control_the_Break_Before_Starting_the_Attack.pdf","library/group1/Chess Principles Encyclopedia/Volume 4 - Strategy and Pawn Structure Mastery/23_Strategic_Planning/232_Control_the_Break_Before_Starting_the_Attack.pdf","134063","ad43dce65ab66bd8883116a9db0b4e8fa5033c6b02e49467084c95bcf35b62e6","git","134063","ad43dce65ab66bd8883116a9db0b4e8fa5033c6b02e49467084c95bcf35b62e6"
"chess5","group1/Chess Principles Encyclopedia/Volume 4 - Strategy and Pawn Structure Mastery/23_Strategic_Planning/233_Use_Restraint_to_Induce_Passivity.pdf","library/group1/Chess Principles Encyclopedia/Volume 4 - Strategy and Pawn Structure Mastery/23_Strategic_Planning/233_Use_Restraint_to_Induce_Passivity.pdf","134137","1d08bec685bb3312b6f796e9cb741a4db543e4396cbe03924792c3c4382c9bec","git","134137","1d08bec685bb3312b6f796e9cb741a4db543e4396cbe03924792c3c4382c9bec"
"chess5","group1/Chess Principles Encyclopedia/Volume 4 - Strategy and Pawn Structure Mastery/23_Strategic_Planning/234_Create_Targets_on_Both_Wings.pdf","library/group1/Chess Principles Encyclopedia/Volume 4 - Strategy and Pawn Structure Mastery/23_Strategic_Planning/234_Create_Targets_on_Both_Wings.pdf","134003","adaf9fc0c2811302d9ccdcc5d159df5d5d2e8253b0a21e2561b31927d1ce2cb6","git","134003","adaf9fc0c2811302d9ccdcc5d159df5d5d2e8253b0a21e2561b31927d1ce2cb6"
"chess5","group1/Chess Principles Encyclopedia/Volume 4 - Strategy and Pawn Structure Mastery/23_Strategic_Planning/235_Centralize_Before_Switching_Wings.pdf","library/group1/Chess Principles Encyclopedia/Volume 4 - Strategy and Pawn Structure Mastery/23_Strategic_Planning/235_Centralize_Before_Switching_Wings.pdf","134087","051f2cfc5d6e62310a91e7fef0e41adce6fa529095302ff5facc4452a0343405","git","134087","051f2cfc5d6e62310a91e7fef0e41adce6fa529095302ff5facc4452a0343405"
"chess5","group1/Chess Principles Encyclopedia/Volume 4 - Strategy and Pawn Structure Mastery/23_Strategic_Planning/236_Exploit_a_Color_Complex.pdf","library/group1/Chess Principles Encyclopedia/Volume 4 - Strategy and Pawn Structure Mastery/23_Strategic_Planning/236_Exploit_a_Color_Complex.pdf","134102","f11ddba677a47926b7051be9c903e96dd60273569a46676e9edd34fbeb58058d","git","134102","f11ddba677a47926b7051be9c903e96dd60273569a46676e9edd34fbeb58058d"
"chess5","group1/Chess Principles Encyclopedia/Volume 4 - Strategy and Pawn Structure Mastery/23_Strategic_Planning/237_Trade_Space_for_Structural_Targets.pdf","library/group1/Chess Principles Encyclopedia/Volume 4 - Strategy and Pawn Structure Mastery/23_Strategic_Planning/237_Trade_Space_for_Structural_Targets.pdf","134138","4cd785a7c92b5a2999230edb83f3b9df62ccdf9f601b22430e7e38fda22c4179","git","134138","4cd785a7c92b5a2999230edb83f3b9df62ccdf9f601b22430e7e38fda22c4179"
"chess5","group1/Chess Principles Encyclopedia/Volume 4 - Strategy and Pawn Structure Mastery/24_Advanced_Pawn_Structures/238_Choose_the_Right_Carlsbad_Break.pdf","library/group1/Chess Principles Encyclopedia/Volume 4 - Strategy and Pawn Structure Mastery/24_Advanced_Pawn_Structures/238_Choose_the_Right_Carlsbad_Break.pdf","134377","a1dda8c27e2d7feda87ff5eb242aff525369d526a4bf68f1c6a93659cd68cb5e","git","134377","a1dda8c27e2d7feda87ff5eb242aff525369d526a4bf68f1c6a93659cd68cb5e"
"chess5","group1/Chess Principles Encyclopedia/Volume 4 - Strategy and Pawn Structure Mastery/24_Advanced_Pawn_Structures/239_Use_the_IQP_Before_It_Becomes_Weak.pdf","library/group1/Chess Principles Encyclopedia/Volume 4 - Strategy and Pawn Structure Mastery/24_Advanced_Pawn_Structures/239_Use_the_IQP_Before_It_Becomes_Weak.pdf","134347","a2ca31d9636acb8b15cd9d2fe47bb111ea994a927546640d2e66d541e1b65ed5","git","134347","a2ca31d9636acb8b15cd9d2fe47bb111ea994a927546640d2e66d541e1b65ed5"
"chess5","group1/Chess Principles Encyclopedia/Volume 4 - Strategy and Pawn Structure Mastery/24_Advanced_Pawn_Structures/240_Advance_Hanging_Pawns_with_Purpose.pdf","library/group1/Chess Principles Encyclopedia/Volume 4 - Strategy and Pawn Structure Mastery/24_Advanced_Pawn_Structures/240_Advance_Hanging_Pawns_with_Purpose.pdf","134268","e52c64a5513c1588158697c4391badfbf87ff9479a867a5f6ddd76fc165ed90d","git","134268","e52c64a5513c1588158697c4391badfbf87ff9479a867a5f6ddd76fc165ed90d"
"chess5","group1/Chess Principles Encyclopedia/Volume 4 - Strategy and Pawn Structure Mastery/24_Advanced_Pawn_Structures/241_Maintain_the_Maroczy_Bind_Actively.pdf","library/group1/Chess Principles Encyclopedia/Volume 4 - Strategy and Pawn Structure Mastery/24_Advanced_Pawn_Structures/241_Maintain_the_Maroczy_Bind_Actively.pdf","134260","1bcc29e519eb34d016ebcee316d9299f19bc13efbd57807a5222e906c45dc4d0","git","134260","1bcc29e519eb34d016ebcee316d9299f19bc13efbd57807a5222e906c45dc4d0"
"chess5","group1/Chess Principles Encyclopedia/Volume 4 - Strategy and Pawn Structure Mastery/24_Advanced_Pawn_Structures/242_Choose_Between_e5_and_f5_in_the_Benoni.pdf","library/group1/Chess Principles Encyclopedia/Volume 4 - Strategy and Pawn Structure Mastery/24_Advanced_Pawn_Structures/242_Choose_Between_e5_and_f5_in_the_Benoni.pdf","134251","9713d49434854b29d5173b44d73efe3f98ef3a474d863faa836d5fa92fe6a0be","git","134251","9713d49434854b29d5173b44d73efe3f98ef3a474d863faa836d5fa92fe6a0be"
"chess5","group1/Chess Principles Encyclopedia/Volume 4 - Strategy and Pawn Structure Mastery/24_Advanced_Pawn_Structures/243_Attack_the_Kings_Indian_Chain_at_Its_Base.pdf","library/group1/Chess Principles Encyclopedia/Volume 4 - Strategy and Pawn Structure Mastery/24_Advanced_Pawn_Structures/243_Attack_the_Kings_Indian_Chain_at_Its_Base.pdf","134360","dc9dc0a2a6e22b18ddad119d0175f9feab351965a0aeb442b10edff2d6f024b6","git","134360","dc9dc0a2a6e22b18ddad119d0175f9feab351965a0aeb442b10edff2d6f024b6"
"chess5","group1/Chess Principles Encyclopedia/Volume 4 - Strategy and Pawn Structure Mastery/24_Advanced_Pawn_Structures/244_Prepare_the_French_f6_Break.pdf","library/group1/Chess Principles Encyclopedia/Volume 4 - Strategy and Pawn Structure Mastery/24_Advanced_Pawn_Structures/244_Prepare_the_French_f6_Break.pdf","134164","82d2323a484ac096e21aa6ef1256944f34f72c8e39bc26153f4690a91b902f3a","git","134164","82d2323a484ac096e21aa6ef1256944f34f72c8e39bc26153f4690a91b902f3a"
"chess5","group1/Chess Principles Encyclopedia/Volume 4 - Strategy and Pawn Structure Mastery/24_Advanced_Pawn_Structures/245_Use_Caro_Kann_Structure_in_the_Endgame.pdf","library/group1/Chess Principles Encyclopedia/Volume 4 - Strategy and Pawn Structure Mastery/24_Advanced_Pawn_Structures/245_Use_Caro_Kann_Structure_in_the_Endgame.pdf","134408","345773c9e6730a58ebf22b25de7d7352f928c40209c9b2b9d9cc716db60ebcad","git","134408","345773c9e6730a58ebf22b25de7d7352f928c40209c9b2b9d9cc716db60ebcad"
"chess5","group1/Chess Principles Encyclopedia/Volume 4 - Strategy and Pawn Structure Mastery/24_Advanced_Pawn_Structures/246_Time_the_Hedgehog_Break.pdf","library/group1/Chess Principles Encyclopedia/Volume 4 - Strategy and Pawn Structure Mastery/24_Advanced_Pawn_Structures/246_Time_the_Hedgehog_Break.pdf","134246","5dcd1f959dd7e0f28ae1c531f8bc1f409a49bcce364af453efe33daf1d935c25","git","134246","5dcd1f959dd7e0f28ae1c531f8bc1f409a49bcce364af453efe33daf1d935c25"
"chess5","group1/Chess Principles Encyclopedia/Volume 4 - Strategy and Pawn Structure Mastery/24_Advanced_Pawn_Structures/247_Install_the_Stonewall_Knight.pdf","library/group1/Chess Principles Encyclopedia/Volume 4 - Strategy and Pawn Structure Mastery/24_Advanced_Pawn_Structures/247_Install_the_Stonewall_Knight.pdf","134250","94351ef0fa0e882f2608032178f7e85643d8ebf609d4513c041b4c1e4f1bfde6","git","134250","94351ef0fa0e882f2608032178f7e85643d8ebf609d4513c041b4c1e4f1bfde6"
"chess5","group1/Chess Principles Encyclopedia/Volume 4 - Strategy and Pawn Structure Mastery/24_Advanced_Pawn_Structures/248_Use_the_Open_Files_Around_an_Isolated_c_Pawn.pdf","library/group1/Chess Principles Encyclopedia/Volume 4 - Strategy and Pawn Structure Mastery/24_Advanced_Pawn_Structures/248_Use_the_Open_Files_Around_an_Isolated_c_Pawn.pdf","134319","ba5a532c5a8616b2a4aab900ebf45b577fadda4caa0ac347923ea9f907571c9e","git","134319","ba5a532c5a8616b2a4aab900ebf45b577fadda4caa0ac347923ea9f907571c9e"
"chess5","group1/Chess Principles Encyclopedia/Volume 4 - Strategy and Pawn Structure Mastery/24_Advanced_Pawn_Structures/249_Advance_a_Majority_with_Pieces_Behind_It.pdf","library/group1/Chess Principles Encyclopedia/Volume 4 - Strategy and Pawn Structure Mastery/24_Advanced_Pawn_Structures/249_Advance_a_Majority_with_Pieces_Behind_It.pdf","134219","3b599ad9e69c078191dd50e4c3278fb79b04fe762941bd246e14bd9c9873caca","git","134219","3b599ad9e69c078191dd50e4c3278fb79b04fe762941bd246e14bd9c9873caca"
"chess5","group1/Chess Principles Encyclopedia/Volume 4 - Strategy and Pawn Structure Mastery/24_Advanced_Pawn_Structures/250_Evaluate_the_Structural_Transformation.pdf","library/group1/Chess Principles Encyclopedia/Volume 4 - Strategy and Pawn Structure Mastery/24_Advanced_Pawn_Structures/250_Evaluate_the_Structural_Transformation.pdf","134420","7bc991199cd45c8af0fd2dc7d3107243618207b0dcc500e2ce68172cd3139b12","git","134420","7bc991199cd45c8af0fd2dc7d3107243618207b0dcc500e2ce68172cd3139b12"
"chess5","group1/Chess Principles Encyclopedia/Volume 4 - Strategy and Pawn Structure Mastery/PRINCIPLES_MANIFEST.csv","library/group1/Chess Principles Encyclopedia/Volume 4 - Strategy and Pawn Structure Mastery/PRINCIPLES_MANIFEST.csv","5779","19c45a9f82c104777a4bcca0aa3b73b877ff0260128066744bdcddd9e445ca4e","git","5779","19c45a9f82c104777a4bcca0aa3b73b877ff0260128066744bdcddd9e445ca4e"
"chess5","group1/Chess Principles Encyclopedia/Volume 4 - Strategy and Pawn Structure Mastery/START_HERE.txt","library/group1/Chess Principles Encyclopedia/Volume 4 - Strategy and Pawn Structure Mastery/START_HERE.txt","3678","e5be4a111316fa35219772318a1e7313bb94275f2747c3d282899d795a4c296d","git","3678","e5be4a111316fa35219772318a1e7313bb94275f2747c3d282899d795a4c296d"
"chess5","group1/Chess Principles Encyclopedia/Volume 5 - Endgame Technique/25_Pawn_and_Minor_Piece_Endgames/251_Win_the_Key_Squares.pdf","library/group1/Chess Principles Encyclopedia/Volume 5 - Endgame Technique/25_Pawn_and_Minor_Piece_Endgames/251_Win_the_Key_Squares.pdf","129046","6a58cc8696bf7f7150a6672e235b3d89beb525f99e6ff511f82f79d62226f1bd","git","129046","6a58cc8696bf7f7150a6672e235b3d89beb525f99e6ff511f82f79d62226f1bd"
"chess5","group1/Chess Principles Encyclopedia/Volume 5 - Endgame Technique/25_Pawn_and_Minor_Piece_Endgames/252_Use_the_Rule_of_the_Square_Precisely.pdf","library/group1/Chess Principles Encyclopedia/Volume 5 - Endgame Technique/25_Pawn_and_Minor_Piece_Endgames/252_Use_the_Rule_of_the_Square_Precisely.pdf","129129","cabb8042e60686b6dc216dedb09bafe9fa833d80566e526b33bfcb87ed32a34e","git","129129","cabb8042e60686b6dc216dedb09bafe9fa833d80566e526b33bfcb87ed32a34e"
"chess5","group1/Chess Principles Encyclopedia/Volume 5 - Endgame Technique/25_Pawn_and_Minor_Piece_Endgames/253_Map_Corresponding_Squares.pdf","library/group1/Chess Principles Encyclopedia/Volume 5 - Endgame Technique/25_Pawn_and_Minor_Piece_Endgames/253_Map_Corresponding_Squares.pdf","129135","ce08d04d4303e434469816b5061e7edea5540149561556634db742d8b97dad60","git","129135","ce08d04d4303e434469816b5061e7edea5540149561556634db742d8b97dad60"
"chess5","group1/Chess Principles Encyclopedia/Volume 5 - Endgame Technique/25_Pawn_and_Minor_Piece_Endgames/254_Preserve_a_Reserve_Tempo.pdf","library/group1/Chess Principles Encyclopedia/Volume 5 - Endgame Technique/25_Pawn_and_Minor_Piece_Endgames/254_Preserve_a_Reserve_Tempo.pdf","128921","795fb04a72f14f5ded0ee63ab3cda95cd0607e281d5430a0219a976bb2d5d8f6","git","128921","795fb04a72f14f5ded0ee63ab3cda95cd0607e281d5430a0219a976bb2d5d8f6"
"chess5","group1/Chess Principles Encyclopedia/Volume 5 - Endgame Technique/25_Pawn_and_Minor_Piece_Endgames/255_Calculate_the_Pawn_Breakthrough.pdf","library/group1/Chess Principles Encyclopedia/Volume 5 - Endgame Technique/25_Pawn_and_Minor_Piece_Endgames/255_Calculate_the_Pawn_Breakthrough.pdf","129051","46f33cfc56037a60d16d7539a4eff085a0693624ad130430f7215de902b589c4","git","129051","46f33cfc56037a60d16d7539a4eff085a0693624ad130430f7215de902b589c4"
"chess5","group1/Chess Principles Encyclopedia/Volume 5 - Endgame Technique/25_Pawn_and_Minor_Piece_Endgames/256_Shoulder_the_Enemy_King_Away.pdf","library/group1/Chess Principles Encyclopedia/Volume 5 - Endgame Technique/25_Pawn_and_Minor_Piece_Endgames/256_Shoulder_the_Enemy_King_Away.pdf","129036","0688006f4e0c501398cf9c1046cd0de85fe404161a189b09cc59943c8a32f9f4","git","129036","0688006f4e0c501398cf9c1046cd0de85fe404161a189b09cc59943c8a32f9f4"
"chess5","group1/Chess Principles Encyclopedia/Volume 5 - Endgame Technique/25_Pawn_and_Minor_Piece_Endgames/257_Use_Distant_Opposition.pdf","library/group1/Chess Principles Encyclopedia/Volume 5 - Endgame Technique/25_Pawn_and_Minor_Piece_Endgames/257_Use_Distant_Opposition.pdf","128961","4de3fece7bb70cf84f267bf5ac5623b0764ad4481bf06b3b684de4423932ad1c","git","128961","4de3fece7bb70cf84f267bf5ac5623b0764ad4481bf06b3b684de4423932ad1c"
"chess5","group1/Chess Principles Encyclopedia/Volume 5 - Endgame Technique/25_Pawn_and_Minor_Piece_Endgames/258_Know_the_Knights_Rook_Pawn_Problem.pdf","library/group1/Chess Principles Encyclopedia/Volume 5 - Endgame Technique/25_Pawn_and_Minor_Piece_Endgames/258_Know_the_Knights_Rook_Pawn_Problem.pdf","129218","d0b983198c132e94cc4f4fa72c2c4e1bb905b44ddc02e08cb23a39485cc5fb87","git","129218","d0b983198c132e94cc4f4fa72c2c4e1bb905b44ddc02e08cb23a39485cc5fb87"
"chess5","group1/Chess Principles Encyclopedia/Volume 5 - Endgame Technique/25_Pawn_and_Minor_Piece_Endgames/259_Check_the_Bishops_Promotion_Color.pdf","library/group1/Chess Principles Encyclopedia/Volume 5 - Endgame Technique/25_Pawn_and_Minor_Piece_Endgames/259_Check_the_Bishops_Promotion_Color.pdf","128962","f65682ed9985e4bf7e0e79bfa78497a964fda7d903c74384fb30d050ee7e9245","git","128962","f65682ed9985e4bf7e0e79bfa78497a964fda7d903c74384fb30d050ee7e9245"
"chess5","group1/Chess Principles Encyclopedia/Volume 5 - Endgame Technique/25_Pawn_and_Minor_Piece_Endgames/260_Use_the_Outside_Passer_as_a_Decoy.pdf","library/group1/Chess Principles Encyclopedia/Volume 5 - Endgame Technique/25_Pawn_and_Minor_Piece_Endgames/260_Use_the_Outside_Passer_as_a_Decoy.pdf","128967","b32d3e8304033afc758c4674adb87010de15b2441eefab52e5220ffe3a8787b8","git","128967","b32d3e8304033afc758c4674adb87010de15b2441eefab52e5220ffe3a8787b8"
"chess5","group1/Chess Principles Encyclopedia/Volume 5 - Endgame Technique/25_Pawn_and_Minor_Piece_Endgames/261_Use_a_Protected_Passer_as_a_Barrier.pdf","library/group1/Chess Principles Encyclopedia/Volume 5 - Endgame Technique/25_Pawn_and_Minor_Piece_Endgames/261_Use_a_Protected_Passer_as_a_Barrier.pdf","129040","4d4425f2e0889222775008a09eaf9a123d24b7ce71f14540943ecaa2ef7aaa3d","git","129040","4d4425f2e0889222775008a09eaf9a123d24b7ce71f14540943ecaa2ef7aaa3d"
"chess5","group1/Chess Principles Encyclopedia/Volume 5 - Endgame Technique/25_Pawn_and_Minor_Piece_Endgames/262_Respect_Connected_Passers_on_the_Sixth.pdf","library/group1/Chess Principles Encyclopedia/Volume 5 - Endgame Technique/25_Pawn_and_Minor_Piece_Endgames/262_Respect_Connected_Passers_on_the_Sixth.pdf","129096","3831c5437f8a71c4d0d58bebef7a89219784d773cf714346d3a695808232e821","git","129096","3831c5437f8a71c4d0d58bebef7a89219784d773cf714346d3a695808232e821"
"chess5","group1/Chess Principles Encyclopedia/Volume 5 - Endgame Technique/26_Rook_Queen_and_Technical_Endgames/263_Give_Rook_Checks_from_Maximum_Distance.pdf","library/group1/Chess Principles Encyclopedia/Volume 5 - Endgame Technique/26_Rook_Queen_and_Technical_Endgames/263_Give_Rook_Checks_from_Maximum_Distance.pdf","129032","4011e822f8c7eb1a2f70166047f95f99361a980684ad11b650849d51891a367a","git","129032","4011e822f8c7eb1a2f70166047f95f99361a980684ad11b650849d51891a367a"
"chess5","group1/Chess Principles Encyclopedia/Volume 5 - Endgame Technique/26_Rook_Queen_and_Technical_Endgames/264_Use_the_Seventh_Rank_as_an_Endgame_Base.pdf","library/group1/Chess Principles Encyclopedia/Volume 5 - Endgame Technique/26_Rook_Queen_and_Technical_Endgames/264_Use_the_Seventh_Rank_as_an_Endgame_Base.pdf","129080","b58daacc62f20dfd2ae59a995fb78a442567b1c143edfebeb3076339ceaf171b","git","129080","b58daacc62f20dfd2ae59a995fb78a442567b1c143edfebeb3076339ceaf171b"
"chess5","group1/Chess Principles Encyclopedia/Volume 5 - Endgame Technique/26_Rook_Queen_and_Technical_Endgames/265_Learn_the_Vancura_Defense.pdf","library/group1/Chess Principles Encyclopedia/Volume 5 - Endgame Technique/26_Rook_Queen_and_Technical_Endgames/265_Learn_the_Vancura_Defense.pdf","129041","50d12fa9c7a892c35959faf6b72770a49d64d58269256a6d7227ab75835af134","git","129041","50d12fa9c7a892c35959faf6b72770a49d64d58269256a6d7227ab75835af134"
"chess5","group1/Chess Principles Encyclopedia/Volume 5 - Endgame Technique/26_Rook_Queen_and_Technical_Endgames/266_Defend_from_the_Short_Side.pdf","library/group1/Chess Principles Encyclopedia/Volume 5 - Endgame Technique/26_Rook_Queen_and_Technical_Endgames/266_Defend_from_the_Short_Side.pdf","128996","32a5e5237567ea62a4650faae5697337f41562236e9e175a0b3c7f3f7f0e51fd","git","128996","32a5e5237567ea62a4650faae5697337f41562236e9e175a0b3c7f3f7f0e51fd"
"chess5","group1/Chess Principles Encyclopedia/Volume 5 - Endgame Technique/26_Rook_Queen_and_Technical_Endgames/267_Cut_the_King_Off_Before_Pushing.pdf","library/group1/Chess Principles Encyclopedia/Volume 5 - Endgame Technique/26_Rook_Queen_and_Technical_Endgames/267_Cut_the_King_Off_Before_Pushing.pdf","128987","53dade1cb6cabc5bb0112c5fc55f5fc66dd7ab7cff53bb5f94aff028bdb8ed17","git","128987","53dade1cb6cabc5bb0112c5fc55f5fc66dd7ab7cff53bb5f94aff028bdb8ed17"
"chess5","group1/Chess Principles Encyclopedia/Volume 5 - Endgame Technique/26_Rook_Queen_and_Technical_Endgames/268_Verify_the_Pawn_Ending_Before_Trading_Rooks.pdf","library/group1/Chess Principles Encyclopedia/Volume 5 - Endgame Technique/26_Rook_Queen_and_Technical_Endgames/268_Verify_the_Pawn_Ending_Before_Trading_Rooks.pdf","129092","113836162bb50abbad286b54c443301c2e21c784510d66a430e267ca1b4ba640","git","129092","113836162bb50abbad286b54c443301c2e21c784510d66a430e267ca1b4ba640"
"chess5","group1/Chess Principles Encyclopedia/Volume 5 - Endgame Technique/26_Rook_Queen_and_Technical_Endgames/269_Centralize_the_Queen_with_Check.pdf","library/group1/Chess Principles Encyclopedia/Volume 5 - Endgame Technique/26_Rook_Queen_and_Technical_Endgames/269_Centralize_the_Queen_with_Check.pdf","129028","3f4023018a6ccc8559544bab85cd92cec87291913e0df25447f532bd649076fa","git","129028","3f4023018a6ccc8559544bab85cd92cec87291913e0df25447f532bd649076fa"
"chess5","group1/Chess Principles Encyclopedia/Volume 5 - Endgame Technique/26_Rook_Queen_and_Technical_Endgames/270_Control_the_Promotion_Square_in_Queen_versus_Pawn.pdf","library/group1/Chess Principles Encyclopedia/Volume 5 - Endgame Technique/26_Rook_Queen_and_Technical_Endgames/270_Control_the_Promotion_Square_in_Queen_versus_Pawn.pdf","129143","223c6eb063291f09ec9a6260a5e69f5ba90d58147f20be1f75adbfbffef74c03","git","129143","223c6eb063291f09ec9a6260a5e69f5ba90d58147f20be1f75adbfbffef74c03"
"chess5","group1/Chess Principles Encyclopedia/Volume 5 - Endgame Technique/26_Rook_Queen_and_Technical_Endgames/271_Identify_Perpetual_Check_Zones.pdf","library/group1/Chess Principles Encyclopedia/Volume 5 - Endgame Technique/26_Rook_Queen_and_Technical_Endgames/271_Identify_Perpetual_Check_Zones.pdf","129026","b401e3fa351dc5afe15d8390411000c567edb083bc81de2d78e57889b5f1f410","git","129026","b401e3fa351dc5afe15d8390411000c567edb083bc81de2d78e57889b5f1f410"
"chess5","group1/Chess Principles Encyclopedia/Volume 5 - Endgame Technique/26_Rook_Queen_and_Technical_Endgames/272_Trade_Queens_with_a_Cross_Check.pdf","library/group1/Chess Principles Encyclopedia/Volume 5 - Endgame Technique/26_Rook_Queen_and_Technical_Endgames/272_Trade_Queens_with_a_Cross_Check.pdf","129040","6abe38c760f1f54b5d2e54be1521c431161826dff0ef33bddfa1e3a577396c8c","git","129040","6abe38c760f1f54b5d2e54be1521c431161826dff0ef33bddfa1e3a577396c8c"
"chess5","group1/Chess Principles Encyclopedia/Volume 5 - Endgame Technique/26_Rook_Queen_and_Technical_Endgames/273_Build_the_Fortress_Around_One_Entry_Point.pdf","library/group1/Chess Principles Encyclopedia/Volume 5 - Endgame Technique/26_Rook_Queen_and_Technical_Endgames/273_Build_the_Fortress_Around_One_Entry_Point.pdf","129203","6532b5af405ed2056464611adcf2402b571989d6626652dbb949d61320592465","git","129203","6532b5af405ed2056464611adcf2402b571989d6626652dbb949d61320592465"
"chess5","group1/Chess Principles Encyclopedia/Volume 5 - Endgame Technique/26_Rook_Queen_and_Technical_Endgames/274_Coordinate_Bishop_and_Knight_for_Mate.pdf","library/group1/Chess Principles Encyclopedia/Volume 5 - Endgame Technique/26_Rook_Queen_and_Technical_Endgames/274_Coordinate_Bishop_and_Knight_for_Mate.pdf","129139","94ee75615a648bc4a17dfd86bb04ede77cb90928f882d7bdd125dd05edb68d06","git","129139","94ee75615a648bc4a17dfd86bb04ede77cb90928f882d7bdd125dd05edb68d06"
"chess5","group1/Chess Principles Encyclopedia/Volume 5 - Endgame Technique/26_Rook_Queen_and_Technical_Endgames/275_Extinguish_Counterplay_Before_Converting.pdf","library/group1/Chess Principles Encyclopedia/Volume 5 - Endgame Technique/26_Rook_Queen_and_Technical_Endgames/275_Extinguish_Counterplay_Before_Converting.pdf","129120","34886365326c5a393140a81c6d39408ff0fe5a7436b3ad3ae6db8c59b0dc6c45","git","129120","34886365326c5a393140a81c6d39408ff0fe5a7436b3ad3ae6db8c59b0dc6c45"
"chess5","group1/Chess Principles Encyclopedia/Volume 5 - Endgame Technique/PRINCIPLES_MANIFEST.csv","library/group1/Chess Principles Encyclopedia/Volume 5 - Endgame Technique/PRINCIPLES_MANIFEST.csv","6264","a43998731216e5275799b9d02f4973f723d6e6d9f65666354323bf5ff0a12fe9","git","6264","a43998731216e5275799b9d02f4973f723d6e6d9f65666354323bf5ff0a12fe9"
"chess5","group1/Chess Principles Encyclopedia/Volume 5 - Endgame Technique/START_HERE.txt","library/group1/Chess Principles Encyclopedia/Volume 5 - Endgame Technique/START_HERE.txt","3851","322902ccd8dd4afab7227e7a39b40fca1a36abb1fe30dbb57ab2388801be557c","git","3851","322902ccd8dd4afab7227e7a39b40fca1a36abb1fe30dbb57ab2388801be557c"
"chess5","group1/Chess Principles Encyclopedia/Volume 6 - Training Analysis and Repertoire/27_Game_Analysis_and_Improvement/276_Annotate_the_Thought_Process.pdf","library/group1/Chess Principles Encyclopedia/Volume 6 - Training Analysis and Repertoire/27_Game_Analysis_and_Improvement/276_Annotate_the_Thought_Process.pdf","134431","b7b5cae871100e86dce9ee7c6881a95b57f415653e8c17721017989a1d734c33","git","134431","b7b5cae871100e86dce9ee7c6881a95b57f415653e8c17721017989a1d734c33"
"chess5","group1/Chess Principles Encyclopedia/Volume 6 - Training Analysis and Repertoire/27_Game_Analysis_and_Improvement/277_Find_the_First_Irreversible_Mistake.pdf","library/group1/Chess Principles Encyclopedia/Volume 6 - Training Analysis and Repertoire/27_Game_Analysis_and_Improvement/277_Find_the_First_Irreversible_Mistake.pdf","134395","4ebc42e373db61a8a2939bb535cb796b86303f91cfc94e1bad6c4e3782386036","git","134395","4ebc42e373db61a8a2939bb535cb796b86303f91cfc94e1bad6c4e3782386036"
"chess5","group1/Chess Principles Encyclopedia/Volume 6 - Training Analysis and Repertoire/27_Game_Analysis_and_Improvement/278_Separate_Opening_Memory_from_Understanding.pdf","library/group1/Chess Principles Encyclopedia/Volume 6 - Training Analysis and Repertoire/27_Game_Analysis_and_Improvement/278_Separate_Opening_Memory_from_Understanding.pdf","134658","fe80baf9f043f342e0d3a6527e99e9fe89cd429f28ebead60df7ba4edb4427d8","git","134658","fe80baf9f043f342e0d3a6527e99e9fe89cd429f28ebead60df7ba4edb4427d8"
"chess5","group1/Chess Principles Encyclopedia/Volume 6 - Training Analysis and Repertoire/27_Game_Analysis_and_Improvement/279_Build_a_Tactical_Error_Taxonomy.pdf","library/group1/Chess Principles Encyclopedia/Volume 6 - Training Analysis and Repertoire/27_Game_Analysis_and_Improvement/279_Build_a_Tactical_Error_Taxonomy.pdf","134439","20b59e2c13573c3110597be21299833cb25efd5af6106e53b06ec022ee0b8353","git","134439","20b59e2c13573c3110597be21299833cb25efd5af6106e53b06ec022ee0b8353"
"chess5","group1/Chess Principles Encyclopedia/Volume 6 - Training Analysis and Repertoire/27_Game_Analysis_and_Improvement/280_Review_Time_as_a_Chess_Resource.pdf","library/group1/Chess Principles Encyclopedia/Volume 6 - Training Analysis and Repertoire/27_Game_Analysis_and_Improvement/280_Review_Time_as_a_Chess_Resource.pdf","134336","3f528b920244c526dc798f1f17640ba315a2840092a57bbb22f770d5b577fce6","git","134336","3f528b920244c526dc798f1f17640ba315a2840092a57bbb22f770d5b577fce6"
"chess5","group1/Chess Principles Encyclopedia/Volume 6 - Training Analysis and Repertoire/27_Game_Analysis_and_Improvement/281_Compare_Considered_and_Missed_Candidates.pdf","library/group1/Chess Principles Encyclopedia/Volume 6 - Training Analysis and Repertoire/27_Game_Analysis_and_Improvement/281_Compare_Considered_and_Missed_Candidates.pdf","134487","6ce98542954d750b067bd211b73413712166a1727b93fb173a9c74e247a9cce8","git","134487","6ce98542954d750b067bd211b73413712166a1727b93fb173a9c74e247a9cce8"
"chess5","group1/Chess Principles Encyclopedia/Volume 6 - Training Analysis and Repertoire/27_Game_Analysis_and_Improvement/282_Use_the_Engine_Only_After_Self_Analysis.pdf","library/group1/Chess Principles Encyclopedia/Volume 6 - Training Analysis and Repertoire/27_Game_Analysis_and_Improvement/282_Use_the_Engine_Only_After_Self_Analysis.pdf","134409","37af625f69b915de216bb38108c9ed83400220168484e1ee96fc07bdb0c06f15","git","134409","37af625f69b915de216bb38108c9ed83400220168484e1ee96fc07bdb0c06f15"
"chess5","group1/Chess Principles Encyclopedia/Volume 6 - Training Analysis and Repertoire/27_Game_Analysis_and_Improvement/283_Extract_One_Transferable_Lesson_per_Game.pdf","library/group1/Chess Principles Encyclopedia/Volume 6 - Training Analysis and Repertoire/27_Game_Analysis_and_Improvement/283_Extract_One_Transferable_Lesson_per_Game.pdf","134394","b1dcedaa0c81361c1223b961ba91444668ba67460d40d7916b3e14963e266fbc","git","134394","b1dcedaa0c81361c1223b961ba91444668ba67460d40d7916b3e14963e266fbc"
"chess5","group1/Chess Principles Encyclopedia/Volume 6 - Training Analysis and Repertoire/27_Game_Analysis_and_Improvement/284_Turn_Recurring_Errors_into_Drills.pdf","library/group1/Chess Principles Encyclopedia/Volume 6 - Training Analysis and Repertoire/27_Game_Analysis_and_Improvement/284_Turn_Recurring_Errors_into_Drills.pdf","134483","5eb26596d0553bc3791a5f4de0f8300b8f7b005341681d69dc1aa8681d37d90a","git","134483","5eb26596d0553bc3791a5f4de0f8300b8f7b005341681d69dc1aa8681d37d90a"
"chess5","group1/Chess Principles Encyclopedia/Volume 6 - Training Analysis and Repertoire/27_Game_Analysis_and_Improvement/285_Analyze_Wins_for_Hidden_Weaknesses.pdf","library/group1/Chess Principles Encyclopedia/Volume 6 - Training Analysis and Repertoire/27_Game_Analysis_and_Improvement/285_Analyze_Wins_for_Hidden_Weaknesses.pdf","134393","36c1c3f7647c55303ac1000945b168a5518b1598d555f331899fabfbb71d13fb","git","134393","36c1c3f7647c55303ac1000945b168a5518b1598d555f331899fabfbb71d13fb"
"chess5","group1/Chess Principles Encyclopedia/Volume 6 - Training Analysis and Repertoire/27_Game_Analysis_and_Improvement/286_Index_Games_by_Structure_and_Theme.pdf","library/group1/Chess Principles Encyclopedia/Volume 6 - Training Analysis and Repertoire/27_Game_Analysis_and_Improvement/286_Index_Games_by_Structure_and_Theme.pdf","134388","846cf191a5dc21635b46140765ab804bc31236df1d34672422ae2aed0f09e6be","git","134388","846cf191a5dc21635b46140765ab804bc31236df1d34672422ae2aed0f09e6be"
"chess5","group1/Chess Principles Encyclopedia/Volume 6 - Training Analysis and Repertoire/27_Game_Analysis_and_Improvement/287_Run_a_Monthly_Improvement_Audit.pdf","library/group1/Chess Principles Encyclopedia/Volume 6 - Training Analysis and Repertoire/27_Game_Analysis_and_Improvement/287_Run_a_Monthly_Improvement_Audit.pdf","134441","38fc62aed4cc93623dd1d69cf726593f56b58b97826b60feaf0370fc581729a6","git","134441","38fc62aed4cc93623dd1d69cf726593f56b58b97826b60feaf0370fc581729a6"
"chess5","group1/Chess Principles Encyclopedia/Volume 6 - Training Analysis and Repertoire/28_Repertoire_and_Practical_Training/288_Build_Around_Structures_You_Understand.pdf","library/group1/Chess Principles Encyclopedia/Volume 6 - Training Analysis and Repertoire/28_Repertoire_and_Practical_Training/288_Build_Around_Structures_You_Understand.pdf","134395","1b795ab5472cdf762bf3a1d2c796d7089aabe2a8299ec001595061f6e56bbb3a","git","134395","1b795ab5472cdf762bf3a1d2c796d7089aabe2a8299ec001595061f6e56bbb3a"
"chess5","group1/Chess Principles Encyclopedia/Volume 6 - Training Analysis and Repertoire/28_Repertoire_and_Practical_Training/289_Choose_One_Dependable_Reply_First.pdf","library/group1/Chess Principles Encyclopedia/Volume 6 - Training Analysis and Repertoire/28_Repertoire_and_Practical_Training/289_Choose_One_Dependable_Reply_First.pdf","134353","d103e947ba91e355d4c485daff01a5855bcce8c70104254530c910aeb7d71a29","git","134353","d103e947ba91e355d4c485daff01a5855bcce8c70104254530c910aeb7d71a29"
"chess5","group1/Chess Principles Encyclopedia/Volume 6 - Training Analysis and Repertoire/28_Repertoire_and_Practical_Training/290_Learn_Sidelines_by_Purpose.pdf","library/group1/Chess Principles Encyclopedia/Volume 6 - Training Analysis and Repertoire/28_Repertoire_and_Practical_Training/290_Learn_Sidelines_by_Purpose.pdf","134448","e2424be26f837adecce2ca5edc78262823dd69928f7e34cc36f9c6ec987a861d","git","134448","e2424be26f837adecce2ca5edc78262823dd69928f7e34cc36f9c6ec987a861d"
"chess5","group1/Chess Principles Encyclopedia/Volume 6 - Training Analysis and Repertoire/28_Repertoire_and_Practical_Training/291_Draw_a_Move_Order_Map.pdf","library/group1/Chess Principles Encyclopedia/Volume 6 - Training Analysis and Repertoire/28_Repertoire_and_Practical_Training/291_Draw_a_Move_Order_Map.pdf","134373","28c3cea95edd8f5aaf24f02880a628de06f8afe796cb4bd7ffe98bd1e62c2f15","git","134373","28c3cea95edd8f5aaf24f02880a628de06f8afe796cb4bd7ffe98bd1e62c2f15"
"chess5","group1/Chess Principles Encyclopedia/Volume 6 - Training Analysis and Repertoire/28_Repertoire_and_Practical_Training/292_Attach_a_Why_to_Every_Opening_Card.pdf","library/group1/Chess Principles Encyclopedia/Volume 6 - Training Analysis and Repertoire/28_Repertoire_and_Practical_Training/292_Attach_a_Why_to_Every_Opening_Card.pdf","134398","753802eeaf7b694fc8cda5dbf734f12d5e07f5b08b073229b9f4c4bf3ffc661e","git","134398","753802eeaf7b694fc8cda5dbf734f12d5e07f5b08b073229b9f4c4bf3ffc661e"
"chess5","group1/Chess Principles Encyclopedia/Volume 6 - Training Analysis and Repertoire/28_Repertoire_and_Practical_Training/293_Study_Model_Games_After_the_Core_Line.pdf","library/group1/Chess Principles Encyclopedia/Volume 6 - Training Analysis and Repertoire/28_Repertoire_and_Practical_Training/293_Study_Model_Games_After_the_Core_Line.pdf","134400","7be745ee05f1627e7abc5ed27850060dc1269bfeec9636505e2b3d93b2879293","git","134400","7be745ee05f1627e7abc5ed27850060dc1269bfeec9636505e2b3d93b2879293"
"chess5","group1/Chess Principles Encyclopedia/Volume 6 - Training Analysis and Repertoire/28_Repertoire_and_Practical_Training/294_Practice_Opening_Positions_Not_Only_Moves.pdf","library/group1/Chess Principles Encyclopedia/Volume 6 - Training Analysis and Repertoire/28_Repertoire_and_Practical_Training/294_Practice_Opening_Positions_Not_Only_Moves.pdf","134430","1016b1e326f1985221380d102afdf3aa4ab351b02205c681f1f4a631ff42c261","git","134430","1016b1e326f1985221380d102afdf3aa4ab351b02205c681f1f4a631ff42c261"
"chess5","group1/Chess Principles Encyclopedia/Volume 6 - Training Analysis and Repertoire/28_Repertoire_and_Practical_Training/295_Rehearse_the_Opening_to_Middlegame_Transition.pdf","library/group1/Chess Principles Encyclopedia/Volume 6 - Training Analysis and Repertoire/28_Repertoire_and_Practical_Training/295_Rehearse_the_Opening_to_Middlegame_Transition.pdf","134507","19cad678d9aa797ae3941ac9f33b4295041835070ddd8ca7b77fc5faf39f4cf0","git","134507","19cad678d9aa797ae3941ac9f33b4295041835070ddd8ca7b77fc5faf39f4cf0"
"chess5","group1/Chess Principles Encyclopedia/Volume 6 - Training Analysis and Repertoire/28_Repertoire_and_Practical_Training/296_Use_Thematic_Sparring_Positions.pdf","library/group1/Chess Principles Encyclopedia/Volume 6 - Training Analysis and Repertoire/28_Repertoire_and_Practical_Training/296_Use_Thematic_Sparring_Positions.pdf","134365","1ed4e592b89246747779ae2331d084794a9396966a4089f1043f2fe4c28c5290","git","134365","1ed4e592b89246747779ae2331d084794a9396966a4089f1043f2fe4c28c5290"
"chess5","group1/Chess Principles Encyclopedia/Volume 6 - Training Analysis and Repertoire/28_Repertoire_and_Practical_Training/297_Balance_Tactics_Endgames_and_Slow_Games.pdf","library/group1/Chess Principles Encyclopedia/Volume 6 - Training Analysis and Repertoire/28_Repertoire_and_Practical_Training/297_Balance_Tactics_Endgames_and_Slow_Games.pdf","134448","98c9946523348715ef5e080b53138637a13e4767de7a4796e519b4cb760c74a3","git","134448","98c9946523348715ef5e080b53138637a13e4767de7a4796e519b4cb760c74a3"
"chess5","group1/Chess Principles Encyclopedia/Volume 6 - Training Analysis and Repertoire/28_Repertoire_and_Practical_Training/298_Design_a_Repeatable_Weekly_Cycle.pdf","library/group1/Chess Principles Encyclopedia/Volume 6 - Training Analysis and Repertoire/28_Repertoire_and_Practical_Training/298_Design_a_Repeatable_Weekly_Cycle.pdf","134528","6a02424e642778c9aa5b842c43291b746cc90df8f688bdadd8b7f5c83ed8f7d6","git","134528","6a02424e642778c9aa5b842c43291b746cc90df8f688bdadd8b7f5c83ed8f7d6"
"chess5","group1/Chess Principles Encyclopedia/Volume 6 - Training Analysis and Repertoire/28_Repertoire_and_Practical_Training/299_Match_Complexity_to_Playing_Strength.pdf","library/group1/Chess Principles Encyclopedia/Volume 6 - Training Analysis and Repertoire/28_Repertoire_and_Practical_Training/299_Match_Complexity_to_Playing_Strength.pdf","134508","047b077a491a4b959cf52e970eedbc406fa32fa6f95ae3265e63253498b93df3","git","134508","047b077a491a4b959cf52e970eedbc406fa32fa6f95ae3265e63253498b93df3"
"chess5","group1/Chess Principles Encyclopedia/Volume 6 - Training Analysis and Repertoire/28_Repertoire_and_Practical_Training/300_Build_a_Long_Term_Chess_Curriculum.pdf","library/group1/Chess Principles Encyclopedia/Volume 6 - Training Analysis and Repertoire/28_Repertoire_and_Practical_Training/300_Build_a_Long_Term_Chess_Curriculum.pdf","134540","f0f7223248e0c244cbdd9e2d90d05f07a7635cbee1642945fc01824e685fcec3","git","134540","f0f7223248e0c244cbdd9e2d90d05f07a7635cbee1642945fc01824e685fcec3"
"chess5","group1/Chess Principles Encyclopedia/Volume 6 - Training Analysis and Repertoire/PRINCIPLES_MANIFEST.csv","library/group1/Chess Principles Encyclopedia/Volume 6 - Training Analysis and Repertoire/PRINCIPLES_MANIFEST.csv","6345","8da0511598e73f1710fe3338d0214f6a78abb81eab3cc57729ee09190308d009","git","6345","8da0511598e73f1710fe3338d0214f6a78abb81eab3cc57729ee09190308d009"
"chess5","group1/Chess Principles Encyclopedia/Volume 6 - Training Analysis and Repertoire/START_HERE.txt","library/group1/Chess Principles Encyclopedia/Volume 6 - Training Analysis and Repertoire/START_HERE.txt","3922","9cce71aa0283dc2f8faf63913d6a87beffe1b534cccd2e12d8552b4140aae920","git","3922","9cce71aa0283dc2f8faf63913d6a87beffe1b534cccd2e12d8552b4140aae920"
"chess4","group1/chessPDF - Improved Boards/01 - Ruy Lopez/00 - Complete Course Book.pdf","library/group1/chessPDF - Improved Boards/01 - Ruy Lopez/00 - Complete Course Book.pdf","6098491","706bc3d567b92f8008224dea0f07c439a09bfdd2fed8b276f360fb28f6b0647b","git","6098491","706bc3d567b92f8008224dea0f07c439a09bfdd2fed8b276f360fb28f6b0647b"
"chess4","group1/chessPDF - Improved Boards/01 - Ruy Lopez/01 - Active Training Workbook.pdf","library/group1/chessPDF - Improved Boards/01 - Ruy Lopez/01 - Active Training Workbook.pdf","6000414","e2054beb06e2741fa90149619ab76ea5cb0dcb4c89a59465af4a0901e28a3c9d","git","6000414","e2054beb06e2741fa90149619ab76ea5cb0dcb4c89a59465af4a0901e28a3c9d"
"chess4","group1/chessPDF - Improved Boards/02 - Kings Indian Defense/00 - Complete Course Book.pdf","library/group1/chessPDF - Improved Boards/02 - Kings Indian Defense/00 - Complete Course Book.pdf","5576424","0bdb1609b28177263b8a23a10a002264e8eca4d0ea6965c1ae40c5616cad31e9","git","5576424","0bdb1609b28177263b8a23a10a002264e8eca4d0ea6965c1ae40c5616cad31e9"
"chess4","group1/chessPDF - Improved Boards/02 - Kings Indian Defense/01 - Active Training Workbook.pdf","library/group1/chessPDF - Improved Boards/02 - Kings Indian Defense/01 - Active Training Workbook.pdf","5474407","4c20c6bbdcb08d74f0c1543f7492bbc7c3e1af55520d7505847f791f4cc1ab0c","git","5474407","4c20c6bbdcb08d74f0c1543f7492bbc7c3e1af55520d7505847f791f4cc1ab0c"
"chess4","group1/chessPDF - Improved Boards/03 - Kings Indian Attack/00 - Complete Course Book.pdf","library/group1/chessPDF - Improved Boards/03 - Kings Indian Attack/00 - Complete Course Book.pdf","9066218","2cd1d25947cba48d1d95fda13240e3c09281f69ef954b89374317b884c575870","git","9066218","2cd1d25947cba48d1d95fda13240e3c09281f69ef954b89374317b884c575870"
"chess4","group1/chessPDF - Improved Boards/03 - Kings Indian Attack/01 - Active Training Workbook.pdf","library/group1/chessPDF - Improved Boards/03 - Kings Indian Attack/01 - Active Training Workbook.pdf","8898113","b54abadcda0d8bcae6b666d8a74a91d84ddd8629ed52a5efbf76844041cb39f3","git","8898113","b54abadcda0d8bcae6b666d8a74a91d84ddd8629ed52a5efbf76844041cb39f3"
"chess4","group1/chessPDF - Improved Boards/04 - Queens Gambit/00 - Complete Course Book.pdf","library/group1/chessPDF - Improved Boards/04 - Queens Gambit/00 - Complete Course Book.pdf","7055953","757bc88860508add80a147b66370eb2250655cc02c3b8827b93ca5ec34134d1b","git","7055953","757bc88860508add80a147b66370eb2250655cc02c3b8827b93ca5ec34134d1b"
"chess4","group1/chessPDF - Improved Boards/04 - Queens Gambit/01 - Active Training Workbook.pdf","library/group1/chessPDF - Improved Boards/04 - Queens Gambit/01 - Active Training Workbook.pdf","6928070","994aa3f9b553b1a8bf337d51555a89241efd6977b913eed3aaa2aa42f69b1eac","git","6928070","994aa3f9b553b1a8bf337d51555a89241efd6977b913eed3aaa2aa42f69b1eac"
"chess4","group1/chessPDF - Improved Boards/05 - Kings Gambit/00 - Complete Course Book.pdf","library/group1/chessPDF - Improved Boards/05 - Kings Gambit/00 - Complete Course Book.pdf","9109989","02a11504ac9bd42ce83242ffdaf6df52558477ec3217276ed484d4689871edbe","git","9109989","02a11504ac9bd42ce83242ffdaf6df52558477ec3217276ed484d4689871edbe"
"chess4","group1/chessPDF - Improved Boards/05 - Kings Gambit/01 - Active Training Workbook.pdf","library/group1/chessPDF - Improved Boards/05 - Kings Gambit/01 - Active Training Workbook.pdf","8938212","f6c258f03b29a32341cb1000e821ab6047bdfa859f685bb62d8026903f1687bb","git","8938212","f6c258f03b29a32341cb1000e821ab6047bdfa859f685bb62d8026903f1687bb"
"chess4","group1/chessPDF - Improved Boards/06 - Sicilian Defense/00 - Complete Course Book.pdf","library/group1/chessPDF - Improved Boards/06 - Sicilian Defense/00 - Complete Course Book.pdf","5923143","d6200292a54c02a39b416e424471ff0df9373d8e88136d27cce31de31710b5cf","git","5923143","d6200292a54c02a39b416e424471ff0df9373d8e88136d27cce31de31710b5cf"
"chess4","group1/chessPDF - Improved Boards/06 - Sicilian Defense/01 - Active Training Workbook.pdf","library/group1/chessPDF - Improved Boards/06 - Sicilian Defense/01 - Active Training Workbook.pdf","5823730","727924607f36b71116778bd1df9e78b1e014c65c09cbcf77b4ec97b582d9ffba","git","5823730","727924607f36b71116778bd1df9e78b1e014c65c09cbcf77b4ec97b582d9ffba"
"chess4","group1/chessPDF - Improved Boards/07 - Caro-Kann Defense/00 - Complete Course Book.pdf","library/group1/chessPDF - Improved Boards/07 - Caro-Kann Defense/00 - Complete Course Book.pdf","5903206","ae86ed50bc2c9cac5222cfba6707662998a70016ce6b8cd66384418e4bb24192","git","5903206","ae86ed50bc2c9cac5222cfba6707662998a70016ce6b8cd66384418e4bb24192"
"chess4","group1/chessPDF - Improved Boards/07 - Caro-Kann Defense/01 - Active Training Workbook.pdf","library/group1/chessPDF - Improved Boards/07 - Caro-Kann Defense/01 - Active Training Workbook.pdf","5804195","347b55ba1245032fbc74de37a634b562a0f8383e84cc0a3a77768df0344f8a6b","git","5804195","347b55ba1245032fbc74de37a634b562a0f8383e84cc0a3a77768df0344f8a6b"
"chess4","group1/chessPDF - Improved Boards/08 - Hippopotamus Defense/00 - Complete Course Book.pdf","library/group1/chessPDF - Improved Boards/08 - Hippopotamus Defense/00 - Complete Course Book.pdf","9087632","c648daa90203af6f7dfe4d3a3c85f89fb50ec86b5b33ae29606240137b76fd4d","git","9087632","c648daa90203af6f7dfe4d3a3c85f89fb50ec86b5b33ae29606240137b76fd4d"
"chess4","group1/chessPDF - Improved Boards/08 - Hippopotamus Defense/01 - Active Training Workbook.pdf","library/group1/chessPDF - Improved Boards/08 - Hippopotamus Defense/01 - Active Training Workbook.pdf","8906438","26c07008bd37c6a1b5e96af2ad666c1487f92a419a4b56edfa492129cb564dbe","git","8906438","26c07008bd37c6a1b5e96af2ad666c1487f92a419a4b56edfa492129cb564dbe"
"chess5","group1/chessPDF - Improved Boards/09 - Positional Chess/00 - Complete Course Book.pdf","library/group1/chessPDF - Improved Boards/09 - Positional Chess/00 - Complete Course Book.pdf","5872359","e624df9c55b5438840d99b66e911e91dd02786232aa44ebd1e6d5dcc94a01907","git","5872359","e624df9c55b5438840d99b66e911e91dd02786232aa44ebd1e6d5dcc94a01907"
"chess5","group1/chessPDF - Improved Boards/09 - Positional Chess/01 - Active Training Workbook.pdf","library/group1/chessPDF - Improved Boards/09 - Positional Chess/01 - Active Training Workbook.pdf","5737887","2a8039171ca7c96a7e695b7ac2659473b1338bd720d59e70db04bd3da940aa25","git","5737887","2a8039171ca7c96a7e695b7ac2659473b1338bd720d59e70db04bd3da940aa25"
"chess4","group1/chessPDF - Improved Boards/1 d4 2 c4 Complete White Repertoire/00 - Course Index and Study Order.txt","library/group1/chessPDF - Improved Boards/1 d4 2 c4 Complete White Repertoire/00 - Course Index and Study Order.txt","1974","eed164db9847cd3a331d6621e62b1326cafd6c4fc8625f7e5709eb32a1e2de68","git","1974","eed164db9847cd3a331d6621e62b1326cafd6c4fc8625f7e5709eb32a1e2de68"
"chess4","group1/chessPDF - Improved Boards/1 d4 2 c4 Complete White Repertoire/00 - Course QA.txt","library/group1/chessPDF - Improved Boards/1 d4 2 c4 Complete White Repertoire/00 - Course QA.txt","787","e9f831af295263060d32580d156ee7a69ddcc0f86c56cc6fbaaedee2cee0832f","git","787","e9f831af295263060d32580d156ee7a69ddcc0f86c56cc6fbaaedee2cee0832f"
"chess4","group1/chessPDF - Improved Boards/1 d4 2 c4 Complete White Repertoire/01 - Start Here and Foundations/00 - Complete Course Book.pdf","library/group1/chessPDF - Improved Boards/1 d4 2 c4 Complete White Repertoire/01 - Start Here and Foundations/00 - Complete Course Book.pdf","1706702","5a68d079e736782d534637b9212bc059f7a4ac868bb108b0bd002b4907ea641e","git","1706702","5a68d079e736782d534637b9212bc059f7a4ac868bb108b0bd002b4907ea641e"
"chess4","group1/chessPDF - Improved Boards/1 d4 2 c4 Complete White Repertoire/01 - Start Here and Foundations/01 - Active Training Workbook.pdf","library/group1/chessPDF - Improved Boards/1 d4 2 c4 Complete White Repertoire/01 - Start Here and Foundations/01 - Active Training Workbook.pdf","1636637","fe94ecb3413deb3a9c3d2b0356019644ecbd7e00b5955236bbaef0bca2394979","git","1636637","fe94ecb3413deb3a9c3d2b0356019644ecbd7e00b5955236bbaef0bca2394979"
"chess4","group1/chessPDF - Improved Boards/1 d4 2 c4 Complete White Repertoire/02 - Queens Gambit Accepted/00 - Complete Course Book.pdf","library/group1/chessPDF - Improved Boards/1 d4 2 c4 Complete White Repertoire/02 - Queens Gambit Accepted/00 - Complete Course Book.pdf","966778","9e093d5ebba2a4a8f78c0d683fd4433518a578f18d10809746544a21828077e7","git","966778","9e093d5ebba2a4a8f78c0d683fd4433518a578f18d10809746544a21828077e7"
"chess4","group1/chessPDF - Improved Boards/1 d4 2 c4 Complete White Repertoire/02 - Queens Gambit Accepted/01 - Active Training Workbook.pdf","library/group1/chessPDF - Improved Boards/1 d4 2 c4 Complete White Repertoire/02 - Queens Gambit Accepted/01 - Active Training Workbook.pdf","897876","31b8c9d8ab38f73bc9fb5ec888e365a4dc929bc30c20930ade70518e87c0512a","git","897876","31b8c9d8ab38f73bc9fb5ec888e365a4dc929bc30c20930ade70518e87c0512a"
"chess4","group1/chessPDF - Improved Boards/1 d4 2 c4 Complete White Repertoire/03 - QGD Exchange and Carlsbad/00 - Complete Course Book.pdf","library/group1/chessPDF - Improved Boards/1 d4 2 c4 Complete White Repertoire/03 - QGD Exchange and Carlsbad/00 - Complete Course Book.pdf","612983","d409f476b9f79625e84f635d0687bfda1f5e746c66924373d2d4418427258a10","git","612983","d409f476b9f79625e84f635d0687bfda1f5e746c66924373d2d4418427258a10"
"chess4","group1/chessPDF - Improved Boards/1 d4 2 c4 Complete White Repertoire/03 - QGD Exchange and Carlsbad/01 - Active Training Workbook.pdf","library/group1/chessPDF - Improved Boards/1 d4 2 c4 Complete White Repertoire/03 - QGD Exchange and Carlsbad/01 - Active Training Workbook.pdf","542980","8c026f54e04f50ccfbc7191a19a417a08d9052b42d19b93c33f9d391c64133e2","git","542980","8c026f54e04f50ccfbc7191a19a417a08d9052b42d19b93c33f9d391c64133e2"
"chess4","group1/chessPDF - Improved Boards/1 d4 2 c4 Complete White Repertoire/04 - QGD Main Systems/00 - Complete Course Book.pdf","library/group1/chessPDF - Improved Boards/1 d4 2 c4 Complete White Repertoire/04 - QGD Main Systems/00 - Complete Course Book.pdf","1156736","a8b9de4003eebcbdcb593da89232eb800d6431755978642512bc9cb6e7b90014","git","1156736","a8b9de4003eebcbdcb593da89232eb800d6431755978642512bc9cb6e7b90014"
"chess4","group1/chessPDF - Improved Boards/1 d4 2 c4 Complete White Repertoire/04 - QGD Main Systems/01 - Active Training Workbook.pdf","library/group1/chessPDF - Improved Boards/1 d4 2 c4 Complete White Repertoire/04 - QGD Main Systems/01 - Active Training Workbook.pdf","1088462","666327d160f2236ebcc6aeb8aa77435abdf17f69631f0c1ea59fa60f2ec30c22","git","1088462","666327d160f2236ebcc6aeb8aa77435abdf17f69631f0c1ea59fa60f2ec30c22"
"chess4","group1/chessPDF - Improved Boards/1 d4 2 c4 Complete White Repertoire/05 - Ragozin Vienna and Tarrasch/00 - Complete Course Book.pdf","library/group1/chessPDF - Improved Boards/1 d4 2 c4 Complete White Repertoire/05 - Ragozin Vienna and Tarrasch/00 - Complete Course Book.pdf","1309817","0bbb12d0146168ac2d7c8e3835dccaf87d39d78a7dfcef9b7d3deffc3099db79","git","1309817","0bbb12d0146168ac2d7c8e3835dccaf87d39d78a7dfcef9b7d3deffc3099db79"
"chess4","group1/chessPDF - Improved Boards/1 d4 2 c4 Complete White Repertoire/05 - Ragozin Vienna and Tarrasch/01 - Active Training Workbook.pdf","library/group1/chessPDF - Improved Boards/1 d4 2 c4 Complete White Repertoire/05 - Ragozin Vienna and Tarrasch/01 - Active Training Workbook.pdf","1240920","e23175e2370218c1b91b7853a4e1cdd6dd24de982393cd4b7ffba68575a2bfd0","git","1240920","e23175e2370218c1b91b7853a4e1cdd6dd24de982393cd4b7ffba68575a2bfd0"
"chess4","group1/chessPDF - Improved Boards/1 d4 2 c4 Complete White Repertoire/06 - Slav Defense/00 - Complete Course Book.pdf","library/group1/chessPDF - Improved Boards/1 d4 2 c4 Complete White Repertoire/06 - Slav Defense/00 - Complete Course Book.pdf","1166472","1ec895f88303eb8a4b47e49e7afe5b5f5e2aace116e5deef33a24a8ee9622e78","git","1166472","1ec895f88303eb8a4b47e49e7afe5b5f5e2aace116e5deef33a24a8ee9622e78"
"chess4","group1/chessPDF - Improved Boards/1 d4 2 c4 Complete White Repertoire/06 - Slav Defense/01 - Active Training Workbook.pdf","library/group1/chessPDF - Improved Boards/1 d4 2 c4 Complete White Repertoire/06 - Slav Defense/01 - Active Training Workbook.pdf","1098379","66f0026a8e5139772f80081274b8993a0ab1db3d24350c749f836ce8b36d41be","git","1098379","66f0026a8e5139772f80081274b8993a0ab1db3d24350c749f836ce8b36d41be"
"chess4","group1/chessPDF - Improved Boards/1 d4 2 c4 Complete White Repertoire/07 - Semi-Slav Defense/00 - Complete Course Book.pdf","library/group1/chessPDF - Improved Boards/1 d4 2 c4 Complete White Repertoire/07 - Semi-Slav Defense/00 - Complete Course Book.pdf","996899","874abc87d1cc8642ab90ca7ae94f91d2b3518fad45dd366e833528364c6e89a3","git","996899","874abc87d1cc8642ab90ca7ae94f91d2b3518fad45dd366e833528364c6e89a3"
"chess4","group1/chessPDF - Improved Boards/1 d4 2 c4 Complete White Repertoire/07 - Semi-Slav Defense/01 - Active Training Workbook.pdf","library/group1/chessPDF - Improved Boards/1 d4 2 c4 Complete White Repertoire/07 - Semi-Slav Defense/01 - Active Training Workbook.pdf","927647","b4aab3b796fc4d17eeffe4a9f88378cab2f0fe98a0d28482a9dfa9e2e920fe70","git","927647","b4aab3b796fc4d17eeffe4a9f88378cab2f0fe98a0d28482a9dfa9e2e920fe70"
"chess4","group1/chessPDF - Improved Boards/1 d4 2 c4 Complete White Repertoire/08 - 1 d5 Sidelines/00 - Complete Course Book.pdf","library/group1/chessPDF - Improved Boards/1 d4 2 c4 Complete White Repertoire/08 - 1 d5 Sidelines/00 - Complete Course Book.pdf","964149","a3b0400bd47713f2449019bd210b6e6b30a74367740489eab5f2026bce1255f9","git","964149","a3b0400bd47713f2449019bd210b6e6b30a74367740489eab5f2026bce1255f9"
"chess4","group1/chessPDF - Improved Boards/1 d4 2 c4 Complete White Repertoire/08 - 1 d5 Sidelines/01 - Active Training Workbook.pdf","library/group1/chessPDF - Improved Boards/1 d4 2 c4 Complete White Repertoire/08 - 1 d5 Sidelines/01 - Active Training Workbook.pdf","894994","3f1881d5d12c08acf2403021e1b3b36d534670ad182f8b4df0f050fe6f29d3fd","git","894994","3f1881d5d12c08acf2403021e1b3b36d534670ad182f8b4df0f050fe6f29d3fd"
"chess4","group1/chessPDF - Improved Boards/1 d4 2 c4 Complete White Repertoire/09 - Kings Indian Defense/00 - Complete Course Book.pdf","library/group1/chessPDF - Improved Boards/1 d4 2 c4 Complete White Repertoire/09 - Kings Indian Defense/00 - Complete Course Book.pdf","1789888","92c50654c1d1dc5128db991c0ae01d7d64801a91474e683a3af9ba119f5abd6c","git","1789888","92c50654c1d1dc5128db991c0ae01d7d64801a91474e683a3af9ba119f5abd6c"
"chess4","group1/chessPDF - Improved Boards/1 d4 2 c4 Complete White Repertoire/09 - Kings Indian Defense/01 - Active Training Workbook.pdf","library/group1/chessPDF - Improved Boards/1 d4 2 c4 Complete White Repertoire/09 - Kings Indian Defense/01 - Active Training Workbook.pdf","1722222","b3e3b84ebfbe81b12c052f1e1ead8e8b1df96e3d8e154e8c1d39b8d9629c385b","git","1722222","b3e3b84ebfbe81b12c052f1e1ead8e8b1df96e3d8e154e8c1d39b8d9629c385b"
"chess4","group1/chessPDF - Improved Boards/1 d4 2 c4 Complete White Repertoire/10 - Gruenfeld Defense/00 - Complete Course Book.pdf","library/group1/chessPDF - Improved Boards/1 d4 2 c4 Complete White Repertoire/10 - Gruenfeld Defense/00 - Complete Course Book.pdf","2804277","c23d7476033ce016a819c9816aa3b1513dc2f598a0fe43d5f7dc2813e7821713","git","2804277","c23d7476033ce016a819c9816aa3b1513dc2f598a0fe43d5f7dc2813e7821713"
"chess4","group1/chessPDF - Improved Boards/1 d4 2 c4 Complete White Repertoire/10 - Gruenfeld Defense/01 - Active Training Workbook.pdf","library/group1/chessPDF - Improved Boards/1 d4 2 c4 Complete White Repertoire/10 - Gruenfeld Defense/01 - Active Training Workbook.pdf","2735640","915ffd87cc5ee1ff700bd8d4e5948271d1b97d65611565547d7e7463f7e34dc4","git","2735640","915ffd87cc5ee1ff700bd8d4e5948271d1b97d65611565547d7e7463f7e34dc4"
"chess4","group1/chessPDF - Improved Boards/1 d4 2 c4 Complete White Repertoire/11 - Queens Indian and Bogo/00 - Complete Course Book.pdf","library/group1/chessPDF - Improved Boards/1 d4 2 c4 Complete White Repertoire/11 - Queens Indian and Bogo/00 - Complete Course Book.pdf","2692198","c25cd270e088ef41d1578d653e943ec80e9067c44a75d265723bb23815aa35ee","git","2692198","c25cd270e088ef41d1578d653e943ec80e9067c44a75d265723bb23815aa35ee"
"chess4","group1/chessPDF - Improved Boards/1 d4 2 c4 Complete White Repertoire/11 - Queens Indian and Bogo/01 - Active Training Workbook.pdf","library/group1/chessPDF - Improved Boards/1 d4 2 c4 Complete White Repertoire/11 - Queens Indian and Bogo/01 - Active Training Workbook.pdf","2623090","ded94444d8b353e891a03eb38d5586b99dd545a82cd5eb4ec45fd25f51ce2f14","git","2623090","ded94444d8b353e891a03eb38d5586b99dd545a82cd5eb4ec45fd25f51ce2f14"
"chess4","group1/chessPDF - Improved Boards/1 d4 2 c4 Complete White Repertoire/12 - Benoni Systems/00 - Complete Course Book.pdf","library/group1/chessPDF - Improved Boards/1 d4 2 c4 Complete White Repertoire/12 - Benoni Systems/00 - Complete Course Book.pdf","2882299","52ca73fe921accf8a9bef382df14df8f11ee4e0761390cce044e56b5bbeb37a2","git","2882299","52ca73fe921accf8a9bef382df14df8f11ee4e0761390cce044e56b5bbeb37a2"
"chess4","group1/chessPDF - Improved Boards/1 d4 2 c4 Complete White Repertoire/12 - Benoni Systems/01 - Active Training Workbook.pdf","library/group1/chessPDF - Improved Boards/1 d4 2 c4 Complete White Repertoire/12 - Benoni Systems/01 - Active Training Workbook.pdf","2814075","dfc9521c8415530adf0a7af21fbf4311109626272146b2dba657d4ee49b6e95e","git","2814075","dfc9521c8415530adf0a7af21fbf4311109626272146b2dba657d4ee49b6e95e"
"chess4","group1/chessPDF - Improved Boards/1 d4 2 c4 Complete White Repertoire/13 - Benko Gambit/00 - Complete Course Book.pdf","library/group1/chessPDF - Improved Boards/1 d4 2 c4 Complete White Repertoire/13 - Benko Gambit/00 - Complete Course Book.pdf","3022779","1410fd42d4a6e5dd7ddc005e85388038ffc35281f2fe9ff93832f49d3a060e2c","git","3022779","1410fd42d4a6e5dd7ddc005e85388038ffc35281f2fe9ff93832f49d3a060e2c"
"chess4","group1/chessPDF - Improved Boards/1 d4 2 c4 Complete White Repertoire/13 - Benko Gambit/01 - Active Training Workbook.pdf","library/group1/chessPDF - Improved Boards/1 d4 2 c4 Complete White Repertoire/13 - Benko Gambit/01 - Active Training Workbook.pdf","2955170","efe92e0e751cc301c9462d9babacaceec4fd71ea81e6a23364b66a776742ff3d","git","2955170","efe92e0e751cc301c9462d9babacaceec4fd71ea81e6a23364b66a776742ff3d"
"chess4","group1/chessPDF - Improved Boards/1 d4 2 c4 Complete White Repertoire/14 - Dutch Defense/00 - Complete Course Book.pdf","library/group1/chessPDF - Improved Boards/1 d4 2 c4 Complete White Repertoire/14 - Dutch Defense/00 - Complete Course Book.pdf","3751300","0d71fe13ec2f7cafae675d1f3a315e4c52cd18e7682e27d9bb480a6c327a6224","git","3751300","0d71fe13ec2f7cafae675d1f3a315e4c52cd18e7682e27d9bb480a6c327a6224"
"chess4","group1/chessPDF - Improved Boards/1 d4 2 c4 Complete White Repertoire/14 - Dutch Defense/01 - Active Training Workbook.pdf","library/group1/chessPDF - Improved Boards/1 d4 2 c4 Complete White Repertoire/14 - Dutch Defense/01 - Active Training Workbook.pdf","3682364","6f4383a719c85e60176ecd6ed4a01c6fa8c5d853a0316f2cab133a6a87507404","git","3682364","6f4383a719c85e60176ecd6ed4a01c6fa8c5d853a0316f2cab133a6a87507404"
"chess4","group1/chessPDF - Improved Boards/1 d4 2 c4 Complete White Repertoire/15 - Rare Defenses/00 - Complete Course Book.pdf","library/group1/chessPDF - Improved Boards/1 d4 2 c4 Complete White Repertoire/15 - Rare Defenses/00 - Complete Course Book.pdf","3874310","77f5828010fee912233a088934163499f24f87d965a8dad9fc7f481d50b11661","git","3874310","77f5828010fee912233a088934163499f24f87d965a8dad9fc7f481d50b11661"
"chess4","group1/chessPDF - Improved Boards/1 d4 2 c4 Complete White Repertoire/15 - Rare Defenses/01 - Active Training Workbook.pdf","library/group1/chessPDF - Improved Boards/1 d4 2 c4 Complete White Repertoire/15 - Rare Defenses/01 - Active Training Workbook.pdf","3806460","dc4567dc37b0d15b27dcce6d4ac5304950d758b609ad5a8e1e708ab84ea0b3b6","git","3806460","dc4567dc37b0d15b27dcce6d4ac5304950d758b609ad5a8e1e708ab84ea0b3b6"
"chess4","group1/chessPDF - Improved Boards/1 d4 2 c4 Complete White Repertoire/16 - Repertoire Pawn Structures/00 - Complete Course Book.pdf","library/group1/chessPDF - Improved Boards/1 d4 2 c4 Complete White Repertoire/16 - Repertoire Pawn Structures/00 - Complete Course Book.pdf","3185366","5a2a976a458fcbbc0d5f419b1934433afae7b01f1833459e48393348937a28f5","git","3185366","5a2a976a458fcbbc0d5f419b1934433afae7b01f1833459e48393348937a28f5"
"chess4","group1/chessPDF - Improved Boards/1 d4 2 c4 Complete White Repertoire/16 - Repertoire Pawn Structures/01 - Active Training Workbook.pdf","library/group1/chessPDF - Improved Boards/1 d4 2 c4 Complete White Repertoire/16 - Repertoire Pawn Structures/01 - Active Training Workbook.pdf","3116441","52ec797124798ced050c4f331b9b48c06fbe2d19a831dcd29725e3dbb9fb3f7d","git","3116441","52ec797124798ced050c4f331b9b48c06fbe2d19a831dcd29725e3dbb9fb3f7d"
"chess4","group1/chessPDF - Improved Boards/1 d4 2 c4 Complete White Repertoire/17 - Middlegame Plans/00 - Complete Course Book.pdf","library/group1/chessPDF - Improved Boards/1 d4 2 c4 Complete White Repertoire/17 - Middlegame Plans/00 - Complete Course Book.pdf","3420341","ae287395bb3596bebda779fb6a4a7f747256963a0684897d8f826db388a81adf","git","3420341","ae287395bb3596bebda779fb6a4a7f747256963a0684897d8f826db388a81adf"
"chess4","group1/chessPDF - Improved Boards/1 d4 2 c4 Complete White Repertoire/17 - Middlegame Plans/01 - Active Training Workbook.pdf","library/group1/chessPDF - Improved Boards/1 d4 2 c4 Complete White Repertoire/17 - Middlegame Plans/01 - Active Training Workbook.pdf","3351512","78fe3067f903f7c078ff78a3f5c1f1ff0ebc0a458b28c01d92081181987fb245","git","3351512","78fe3067f903f7c078ff78a3f5c1f1ff0ebc0a458b28c01d92081181987fb245"
"chess4","group1/chessPDF - Improved Boards/1 d4 2 c4 Complete White Repertoire/18 - Tactics and Calculation/00 - Complete Course Book.pdf","library/group1/chessPDF - Improved Boards/1 d4 2 c4 Complete White Repertoire/18 - Tactics and Calculation/00 - Complete Course Book.pdf","3589906","ac33e61d3ed702230f68198b2a6cea8f05a95e7daccabf027c47978ffaddb94d","git","3589906","ac33e61d3ed702230f68198b2a6cea8f05a95e7daccabf027c47978ffaddb94d"
"chess4","group1/chessPDF - Improved Boards/1 d4 2 c4 Complete White Repertoire/18 - Tactics and Calculation/01 - Active Training Workbook.pdf","library/group1/chessPDF - Improved Boards/1 d4 2 c4 Complete White Repertoire/18 - Tactics and Calculation/01 - Active Training Workbook.pdf","3521277","5a9328f646851bccb9f5479d83f08be58303cda711f2d38ca8c074073ef78440","git","3521277","5a9328f646851bccb9f5479d83f08be58303cda711f2d38ca8c074073ef78440"
"chess4","group1/chessPDF - Improved Boards/1 d4 2 c4 Complete White Repertoire/19 - Endgames and Conversion/00 - Complete Course Book.pdf","library/group1/chessPDF - Improved Boards/1 d4 2 c4 Complete White Repertoire/19 - Endgames and Conversion/00 - Complete Course Book.pdf","3382299","9d9fefd617651459092a46ef766362a27fdd1c3752f7f62272039023f2dd3c81","git","3382299","9d9fefd617651459092a46ef766362a27fdd1c3752f7f62272039023f2dd3c81"
"chess4","group1/chessPDF - Improved Boards/1 d4 2 c4 Complete White Repertoire/19 - Endgames and Conversion/01 - Active Training Workbook.pdf","library/group1/chessPDF - Improved Boards/1 d4 2 c4 Complete White Repertoire/19 - Endgames and Conversion/01 - Active Training Workbook.pdf","3313452","dca7b499866c5fdaf70470541a777c8b0e7f6640ac3c3f97809f2bb6b6742bb1","git","3313452","dca7b499866c5fdaf70470541a777c8b0e7f6640ac3c3f97809f2bb6b6742bb1"
"chess4","group1/chessPDF - Improved Boards/1 d4 2 c4 Complete White Repertoire/20 - Theory Training/00 - Complete Course Book.pdf","library/group1/chessPDF - Improved Boards/1 d4 2 c4 Complete White Repertoire/20 - Theory Training/00 - Complete Course Book.pdf","3199562","2b35cdabeddb39c726641b80817b7c3be181b55a3ac28b309cb522a714235154","git","3199562","2b35cdabeddb39c726641b80817b7c3be181b55a3ac28b309cb522a714235154"
"chess4","group1/chessPDF - Improved Boards/1 d4 2 c4 Complete White Repertoire/20 - Theory Training/01 - Active Training Workbook.pdf","library/group1/chessPDF - Improved Boards/1 d4 2 c4 Complete White Repertoire/20 - Theory Training/01 - Active Training Workbook.pdf","3130575","c8c6235b061e7c302f0c6d0f3343c95f8b93789e289322ede20c2a4c574b31a1","git","3130575","c8c6235b061e7c302f0c6d0f3343c95f8b93789e289322ede20c2a4c574b31a1"
"chess5","group1/chessPDF - Improved Boards/10 - Solid Chess/00 - Complete Course Book.pdf","library/group1/chessPDF - Improved Boards/10 - Solid Chess/00 - Complete Course Book.pdf","5781201","c371d694b0e0b0d2d5eea13f8c62b587ac145f7db6444077020de17783c61003","git","5781201","c371d694b0e0b0d2d5eea13f8c62b587ac145f7db6444077020de17783c61003"
"chess5","group1/chessPDF - Improved Boards/10 - Solid Chess/01 - Active Training Workbook.pdf","library/group1/chessPDF - Improved Boards/10 - Solid Chess/01 - Active Training Workbook.pdf","5679692","c11477105a5ad2c4ee789a6caef963c7dd7823a785fbbb96c4eda8be72658aab","git","5679692","c11477105a5ad2c4ee789a6caef963c7dd7823a785fbbb96c4eda8be72658aab"
"chess5","group1/chessPDF - Improved Boards/11 - Getting to 2200 Elo/00 - Complete Course Book.pdf","library/group1/chessPDF - Improved Boards/11 - Getting to 2200 Elo/00 - Complete Course Book.pdf","5971330","609970fed54309941f5ee63dca9b69cf05d2a300af4399d946290dc933d5052c","git","5971330","609970fed54309941f5ee63dca9b69cf05d2a300af4399d946290dc933d5052c"
"chess5","group1/chessPDF - Improved Boards/11 - Getting to 2200 Elo/01 - Active Training Workbook.pdf","library/group1/chessPDF - Improved Boards/11 - Getting to 2200 Elo/01 - Active Training Workbook.pdf","5798345","c5f3791ebf369ebe4be735d1c36213e4cbea61a3184007ee815e47bb1546c4e8","git","5798345","c5f3791ebf369ebe4be735d1c36213e4cbea61a3184007ee815e47bb1546c4e8"
"chess4","group1/chessPDF - Improved Boards/12 - Italian Game/00 - Complete Course Book.pdf","library/group1/chessPDF - Improved Boards/12 - Italian Game/00 - Complete Course Book.pdf","5422718","b1da8756910dcd77dfe938f40bcd048f55613150b6fce381d4f1337f97fdac24","git","5422718","b1da8756910dcd77dfe938f40bcd048f55613150b6fce381d4f1337f97fdac24"
"chess4","group1/chessPDF - Improved Boards/12 - Italian Game/01 - Active Training Workbook.pdf","library/group1/chessPDF - Improved Boards/12 - Italian Game/01 - Active Training Workbook.pdf","5324313","3d8da3aae1650951833e5ad909ccb2b75edc3a04671df1bbd486bd87df7a0ad7","git","5324313","3d8da3aae1650951833e5ad909ccb2b75edc3a04671df1bbd486bd87df7a0ad7"
"chess4","group1/chessPDF - Improved Boards/13 - Scotch Game/00 - Complete Course Book.pdf","library/group1/chessPDF - Improved Boards/13 - Scotch Game/00 - Complete Course Book.pdf","2898513","b01aec40ea869a0b8fcedadef30afe014f421d204af90924dc6561b2bd28fc61","git","2898513","b01aec40ea869a0b8fcedadef30afe014f421d204af90924dc6561b2bd28fc61"
"chess4","group1/chessPDF - Improved Boards/13 - Scotch Game/01 - Active Training Workbook.pdf","library/group1/chessPDF - Improved Boards/13 - Scotch Game/01 - Active Training Workbook.pdf","2828967","4239cbc366e53a312365cac0f9e9db3a250acb3e635361026f4053eb8c425d7b","git","2828967","4239cbc366e53a312365cac0f9e9db3a250acb3e635361026f4053eb8c425d7b"
"chess4","group1/chessPDF - Improved Boards/14 - English Opening/00 - Complete Course Book.pdf","library/group1/chessPDF - Improved Boards/14 - English Opening/00 - Complete Course Book.pdf","3735051","c0b38b74a596eb39468efc929334b963646b9dc6d5b4c6388f836ed47c020114","git","3735051","c0b38b74a596eb39468efc929334b963646b9dc6d5b4c6388f836ed47c020114"
"chess4","group1/chessPDF - Improved Boards/14 - English Opening/01 - Active Training Workbook.pdf","library/group1/chessPDF - Improved Boards/14 - English Opening/01 - Active Training Workbook.pdf","3665875","7e67573c05491255d33d398d9c311d979f894a6dc37ba97c284986e826950ac2","git","3665875","7e67573c05491255d33d398d9c311d979f894a6dc37ba97c284986e826950ac2"
"chess4","group1/chessPDF - Improved Boards/15 - Catalan Opening/00 - Complete Course Book.pdf","library/group1/chessPDF - Improved Boards/15 - Catalan Opening/00 - Complete Course Book.pdf","3133412","c4529013f1ebccbcc59796b9a570870c22e798d86c504e30a23ace3db762c7fd","git","3133412","c4529013f1ebccbcc59796b9a570870c22e798d86c504e30a23ace3db762c7fd"
"chess4","group1/chessPDF - Improved Boards/15 - Catalan Opening/01 - Active Training Workbook.pdf","library/group1/chessPDF - Improved Boards/15 - Catalan Opening/01 - Active Training Workbook.pdf","3064164","6766a066af088db000cc66bd29f012d8950e56687726209bb42f55de4e0acd5b","git","3064164","6766a066af088db000cc66bd29f012d8950e56687726209bb42f55de4e0acd5b"
"chess4","group1/chessPDF - Improved Boards/16 - French Defense/00 - Complete Course Book.pdf","library/group1/chessPDF - Improved Boards/16 - French Defense/00 - Complete Course Book.pdf","5963044","23319c8fecf11fb0d1898f6f221b97d1464b9566f5508258ddd3021fe56ec8c4","git","5963044","23319c8fecf11fb0d1898f6f221b97d1464b9566f5508258ddd3021fe56ec8c4"
"chess4","group1/chessPDF - Improved Boards/16 - French Defense/01 - Active Training Workbook.pdf","library/group1/chessPDF - Improved Boards/16 - French Defense/01 - Active Training Workbook.pdf","5863976","94ba0c3fc7e4afaad5e1a2473b92cf67faae8edafa53edc60eec748759570614","git","5863976","94ba0c3fc7e4afaad5e1a2473b92cf67faae8edafa53edc60eec748759570614"
"chess4","group1/chessPDF - Improved Boards/17 - Scandinavian Defense/00 - Complete Course Book.pdf","library/group1/chessPDF - Improved Boards/17 - Scandinavian Defense/00 - Complete Course Book.pdf","5604027","855766be81220c7c68f0ea3400f7ad6e5836ac7bcbd05bbd70dde648789f2b5a","git","5604027","855766be81220c7c68f0ea3400f7ad6e5836ac7bcbd05bbd70dde648789f2b5a"
"chess4","group1/chessPDF - Improved Boards/17 - Scandinavian Defense/01 - Active Training Workbook.pdf","library/group1/chessPDF - Improved Boards/17 - Scandinavian Defense/01 - Active Training Workbook.pdf","5505615","663a9474ec8a0209a79aa12f7467c5cd5884101ce43526f03e156e13b20ec424","git","5505615","663a9474ec8a0209a79aa12f7467c5cd5884101ce43526f03e156e13b20ec424"
"chess4","group1/chessPDF - Improved Boards/18 - Bishops Opening/00 - Complete Course Book.pdf","library/group1/chessPDF - Improved Boards/18 - Bishops Opening/00 - Complete Course Book.pdf","5501091","36405b77e79cfc8d4443997f8fde9c3734ced732346941a6da75dca5afc302fa","git","5501091","36405b77e79cfc8d4443997f8fde9c3734ced732346941a6da75dca5afc302fa"
"chess4","group1/chessPDF - Improved Boards/18 - Bishops Opening/01 - Active Training Workbook.pdf","library/group1/chessPDF - Improved Boards/18 - Bishops Opening/01 - Active Training Workbook.pdf","5402577","1cac828387dd48706ed7d1b2f0bcdf7b27e9cb967965258b3dca5fc5be7a3a22","git","5402577","1cac828387dd48706ed7d1b2f0bcdf7b27e9cb967965258b3dca5fc5be7a3a22"
"chess4","group1/chessPDF - Improved Boards/19 - Slav and Semi-Slav/00 - Complete Course Book.pdf","library/group1/chessPDF - Improved Boards/19 - Slav and Semi-Slav/00 - Complete Course Book.pdf","3404259","318c2088ac92015a9e2e5fd5cd5fa49a006a9ba4d12ae8967afdd1ea18428906","git","3404259","318c2088ac92015a9e2e5fd5cd5fa49a006a9ba4d12ae8967afdd1ea18428906"
"chess4","group1/chessPDF - Improved Boards/19 - Slav and Semi-Slav/01 - Active Training Workbook.pdf","library/group1/chessPDF - Improved Boards/19 - Slav and Semi-Slav/01 - Active Training Workbook.pdf","3339514","a534bdd88e4d9900b96c90bf197669eee68da48e20e286858513e2b637a560c6","git","3339514","a534bdd88e4d9900b96c90bf197669eee68da48e20e286858513e2b637a560c6"
"chess4","group1/chessPDF - Improved Boards/20 - QGD for Black/00 - Complete Course Book.pdf","library/group1/chessPDF - Improved Boards/20 - QGD for Black/00 - Complete Course Book.pdf","3719451","b8cd8576b32f261f58efd4b47c5f87b30ddfba2d11cd81d1394ac3e051bbe582","git","3719451","b8cd8576b32f261f58efd4b47c5f87b30ddfba2d11cd81d1394ac3e051bbe582"
"chess4","group1/chessPDF - Improved Boards/20 - QGD for Black/01 - Active Training Workbook.pdf","library/group1/chessPDF - Improved Boards/20 - QGD for Black/01 - Active Training Workbook.pdf","3647862","c69ad818f40c93c458cb03134a1b2030c904c154f396a86206e3d51f2a386d03","git","3647862","c69ad818f40c93c458cb03134a1b2030c904c154f396a86206e3d51f2a386d03"
"chess4","group1/chessPDF - Improved Boards/21 - Nimzo-Indian Defense/00 - Complete Course Book.pdf","library/group1/chessPDF - Improved Boards/21 - Nimzo-Indian Defense/00 - Complete Course Book.pdf","2658272","4482058292c96b7ebf994dce1ac32a7c741de1bc50440641fde121869842cae6","git","2658272","4482058292c96b7ebf994dce1ac32a7c741de1bc50440641fde121869842cae6"
"chess4","group1/chessPDF - Improved Boards/21 - Nimzo-Indian Defense/01 - Active Training Workbook.pdf","library/group1/chessPDF - Improved Boards/21 - Nimzo-Indian Defense/01 - Active Training Workbook.pdf","2588898","360db53f174ca75dcd820aed79b5e65583366d73d749d4c0e7b8dad2afdff165","git","2588898","360db53f174ca75dcd820aed79b5e65583366d73d749d4c0e7b8dad2afdff165"
"chess4","group1/chessPDF - Improved Boards/22 - Queens Indian Defense/00 - Complete Course Book.pdf","library/group1/chessPDF - Improved Boards/22 - Queens Indian Defense/00 - Complete Course Book.pdf","2871891","faf4ee54975f88a037553028f7ce7200cf044e14bb3bc1d8f5c4b8095f5fba5e","git","2871891","faf4ee54975f88a037553028f7ce7200cf044e14bb3bc1d8f5c4b8095f5fba5e"
"chess4","group1/chessPDF - Improved Boards/22 - Queens Indian Defense/01 - Active Training Workbook.pdf","library/group1/chessPDF - Improved Boards/22 - Queens Indian Defense/01 - Active Training Workbook.pdf","2803144","8f440adbde925b74a093c4b57448811e1ba870cbda76593e12fa15a45270385a","git","2803144","8f440adbde925b74a093c4b57448811e1ba870cbda76593e12fa15a45270385a"
"chess4","group1/chessPDF - Improved Boards/23 - Gruenfeld Defense/00 - Complete Course Book.pdf","library/group1/chessPDF - Improved Boards/23 - Gruenfeld Defense/00 - Complete Course Book.pdf","2812341","b0d41a66018a61e7ba2fb84e2ba76d9b9339333ec51f558f75823a4471092156","git","2812341","b0d41a66018a61e7ba2fb84e2ba76d9b9339333ec51f558f75823a4471092156"
"chess4","group1/chessPDF - Improved Boards/23 - Gruenfeld Defense/01 - Active Training Workbook.pdf","library/group1/chessPDF - Improved Boards/23 - Gruenfeld Defense/01 - Active Training Workbook.pdf","2743734","0d765ec14004a7adf7e7acaacd64d15b7f9d480d610fa0b2b3c6bc7a1418e833","git","2743734","0d765ec14004a7adf7e7acaacd64d15b7f9d480d610fa0b2b3c6bc7a1418e833"
"chess4","group1/chessPDF - Improved Boards/24 - Pirc and Modern Defense/00 - Complete Course Book.pdf","library/group1/chessPDF - Improved Boards/24 - Pirc and Modern Defense/00 - Complete Course Book.pdf","4085408","44756f10b828d5d0ecdc313f43d6e83498b0c041e851b64bcb30006e9827c8a1","git","4085408","44756f10b828d5d0ecdc313f43d6e83498b0c041e851b64bcb30006e9827c8a1"
"chess4","group1/chessPDF - Improved Boards/24 - Pirc and Modern Defense/01 - Active Training Workbook.pdf","library/group1/chessPDF - Improved Boards/24 - Pirc and Modern Defense/01 - Active Training Workbook.pdf","4016346","9a7f02cc274811868a4b31993318ef3bccc927fb3fb51d908ab521996b3250d6","git","4016346","9a7f02cc274811868a4b31993318ef3bccc927fb3fb51d908ab521996b3250d6"
"chess4","group1/chessPDF - Improved Boards/25 - Petroff Defense/00 - Complete Course Book.pdf","library/group1/chessPDF - Improved Boards/25 - Petroff Defense/00 - Complete Course Book.pdf","2559574","a36ce6818f16b3460378bf0a88c3c17171ce16f10b244964f5425eb8a40e5cb6","git","2559574","a36ce6818f16b3460378bf0a88c3c17171ce16f10b244964f5425eb8a40e5cb6"
"chess4","group1/chessPDF - Improved Boards/25 - Petroff Defense/01 - Active Training Workbook.pdf","library/group1/chessPDF - Improved Boards/25 - Petroff Defense/01 - Active Training Workbook.pdf","2490605","ae4a7164e46d5d06af2f2bbda4177804a7d477c1f5a864bc1295860a7ba2cbdf","git","2490605","ae4a7164e46d5d06af2f2bbda4177804a7d477c1f5a864bc1295860a7ba2cbdf"
"chess4","group1/chessPDF - Improved Boards/26 - Dutch Defense/00 - Complete Course Book.pdf","library/group1/chessPDF - Improved Boards/26 - Dutch Defense/00 - Complete Course Book.pdf","3760821","30e4c9faad549543c0844e9ba4c1a39132b17e868e1af3adad2dd2f7ecbf9c6a","git","3760821","30e4c9faad549543c0844e9ba4c1a39132b17e868e1af3adad2dd2f7ecbf9c6a"
"chess4","group1/chessPDF - Improved Boards/26 - Dutch Defense/01 - Active Training Workbook.pdf","library/group1/chessPDF - Improved Boards/26 - Dutch Defense/01 - Active Training Workbook.pdf","3691915","9128885fd8be7e463c46fcfa8606fdd2659be36a5e911842b009ad48c39ffc80","git","3691915","9128885fd8be7e463c46fcfa8606fdd2659be36a5e911842b009ad48c39ffc80"
"chess5","group1/chessPDF - Improved Boards/27 - Tactical Pattern Recognition/00 - Complete Course Book.pdf","library/group1/chessPDF - Improved Boards/27 - Tactical Pattern Recognition/00 - Complete Course Book.pdf","3994047","a99fcf8fca544df87784d485b00678864c4134da213850a037f40c222f309ec6","git","3994047","a99fcf8fca544df87784d485b00678864c4134da213850a037f40c222f309ec6"
"chess5","group1/chessPDF - Improved Boards/27 - Tactical Pattern Recognition/01 - Active Training Workbook.pdf","library/group1/chessPDF - Improved Boards/27 - Tactical Pattern Recognition/01 - Active Training Workbook.pdf","3913475","65aab9e4241eb8006c7fcf7bbe24b88c09d1da2b663a7504fdddcf3bcb26bea0","git","3913475","65aab9e4241eb8006c7fcf7bbe24b88c09d1da2b663a7504fdddcf3bcb26bea0"
"chess5","group1/chessPDF - Improved Boards/28 - Calculation and Candidate Moves/00 - Complete Course Book.pdf","library/group1/chessPDF - Improved Boards/28 - Calculation and Candidate Moves/00 - Complete Course Book.pdf","3994256","f9968e1dd68d5c769375ac75de41029ccc8406a1381181bd10a3dd1a1f410861","git","3994256","f9968e1dd68d5c769375ac75de41029ccc8406a1381181bd10a3dd1a1f410861"
"chess5","group1/chessPDF - Improved Boards/28 - Calculation and Candidate Moves/01 - Active Training Workbook.pdf","library/group1/chessPDF - Improved Boards/28 - Calculation and Candidate Moves/01 - Active Training Workbook.pdf","3913643","5706e7f59310094f354ca3c7cc9c2e2812251caa3e8802f8ae7c4b85edcc47fc","git","3913643","5706e7f59310094f354ca3c7cc9c2e2812251caa3e8802f8ae7c4b85edcc47fc"
"chess5","group1/chessPDF - Improved Boards/29 - Pawn Structure Mastery/00 - Complete Course Book.pdf","library/group1/chessPDF - Improved Boards/29 - Pawn Structure Mastery/00 - Complete Course Book.pdf","3993137","ac51d8e339fee538c4e772c0cb699016282774e8877fa0004565c1b128747ea7","git","3993137","ac51d8e339fee538c4e772c0cb699016282774e8877fa0004565c1b128747ea7"
"chess5","group1/chessPDF - Improved Boards/29 - Pawn Structure Mastery/01 - Active Training Workbook.pdf","library/group1/chessPDF - Improved Boards/29 - Pawn Structure Mastery/01 - Active Training Workbook.pdf","3913102","36d93b0e7a7e34dd221e1083d31c23081bb5a9fe99a4685a57f2e59d2cf28c7f","git","3913102","36d93b0e7a7e34dd221e1083d31c23081bb5a9fe99a4685a57f2e59d2cf28c7f"
"chess5","group1/chessPDF - Improved Boards/30 - Positional Logic and Planning/00 - Complete Course Book.pdf","library/group1/chessPDF - Improved Boards/30 - Positional Logic and Planning/00 - Complete Course Book.pdf","3993342","8be4d73fa753a3519781c10167989170f0f74f1f620824f7d2530193454ab618","git","3993342","8be4d73fa753a3519781c10167989170f0f74f1f620824f7d2530193454ab618"
"chess5","group1/chessPDF - Improved Boards/30 - Positional Logic and Planning/01 - Active Training Workbook.pdf","library/group1/chessPDF - Improved Boards/30 - Positional Logic and Planning/01 - Active Training Workbook.pdf","3913330","b59b32965b40c24adbc046fe023e5c2f999b5c1d70ee77abb9e4f4c83d89714e","git","3913330","b59b32965b40c24adbc046fe023e5c2f999b5c1d70ee77abb9e4f4c83d89714e"
"chess5","group1/chessPDF - Improved Boards/31 - Piece Improvement and Exchanges/00 - Complete Course Book.pdf","library/group1/chessPDF - Improved Boards/31 - Piece Improvement and Exchanges/00 - Complete Course Book.pdf","3993797","bf4e34ec17ec80bd0c688177e8a2413902ba8743a49f3024574bb3f7aa9be294","git","3993797","bf4e34ec17ec80bd0c688177e8a2413902ba8743a49f3024574bb3f7aa9be294"
"chess5","group1/chessPDF - Improved Boards/31 - Piece Improvement and Exchanges/01 - Active Training Workbook.pdf","library/group1/chessPDF - Improved Boards/31 - Piece Improvement and Exchanges/01 - Active Training Workbook.pdf","3913484","6506e42dc5e4ce70b081c27aa7a7ebcf0457d02ffcf63516feaf01d02059337e","git","3913484","6506e42dc5e4ce70b081c27aa7a7ebcf0457d02ffcf63516feaf01d02059337e"
"chess5","group1/chessPDF - Improved Boards/32 - Attacking Chess and King Safety/00 - Complete Course Book.pdf","library/group1/chessPDF - Improved Boards/32 - Attacking Chess and King Safety/00 - Complete Course Book.pdf","3994329","703851ae1ea1ad29593ccb749e60855715684bb10453126c69f767121b9cc5bf","git","3994329","703851ae1ea1ad29593ccb749e60855715684bb10453126c69f767121b9cc5bf"
"chess5","group1/chessPDF - Improved Boards/32 - Attacking Chess and King Safety/01 - Active Training Workbook.pdf","library/group1/chessPDF - Improved Boards/32 - Attacking Chess and King Safety/01 - Active Training Workbook.pdf","3913631","eb4792f604ab710734099a2e40afda8e43c42b67ec4947561ea6f1913627f25c","git","3913631","eb4792f604ab710734099a2e40afda8e43c42b67ec4947561ea6f1913627f25c"
"chess5","group1/chessPDF - Improved Boards/33 - Defense Prophylaxis Counterplay/00 - Complete Course Book.pdf","library/group1/chessPDF - Improved Boards/33 - Defense Prophylaxis Counterplay/00 - Complete Course Book.pdf","3994798","ddf925fb079d65a267a0b692e0eff022bb4dcd3caa4759e9e108285eef4a76d6","git","3994798","ddf925fb079d65a267a0b692e0eff022bb4dcd3caa4759e9e108285eef4a76d6"
"chess5","group1/chessPDF - Improved Boards/33 - Defense Prophylaxis Counterplay/01 - Active Training Workbook.pdf","library/group1/chessPDF - Improved Boards/33 - Defense Prophylaxis Counterplay/01 - Active Training Workbook.pdf","3913866","0fb5e0dab2645c93ccc147b1a4b05000b54ad921f3c408c1f82ae6ad8654788f","git","3913866","0fb5e0dab2645c93ccc147b1a4b05000b54ad921f3c408c1f82ae6ad8654788f"
"chess5","group1/chessPDF - Improved Boards/34 - Initiative Dynamics Sacrifices/00 - Complete Course Book.pdf","library/group1/chessPDF - Improved Boards/34 - Initiative Dynamics Sacrifices/00 - Complete Course Book.pdf","3994579","b8e7135287cfa9c6b7e99af3cdd076d39b9a81b18420cc6d2168089aca3748eb","git","3994579","b8e7135287cfa9c6b7e99af3cdd076d39b9a81b18420cc6d2168089aca3748eb"
"chess5","group1/chessPDF - Improved Boards/34 - Initiative Dynamics Sacrifices/01 - Active Training Workbook.pdf","library/group1/chessPDF - Improved Boards/34 - Initiative Dynamics Sacrifices/01 - Active Training Workbook.pdf","3913783","c2d9cec60632c862ebbb81e9460dc52d9b6a1a6870ce21d39d0b9b01018545ef","git","3913783","c2d9cec60632c862ebbb81e9460dc52d9b6a1a6870ce21d39d0b9b01018545ef"
"chess5","group1/chessPDF - Improved Boards/35 - Endgame Fundamentals/00 - Complete Course Book.pdf","library/group1/chessPDF - Improved Boards/35 - Endgame Fundamentals/00 - Complete Course Book.pdf","3992913","8028b60ba0cb4f68f4aae8dec1c9f39d18bcaf003bba3f31a6f7a62e1cb3e821","git","3992913","8028b60ba0cb4f68f4aae8dec1c9f39d18bcaf003bba3f31a6f7a62e1cb3e821"
"chess5","group1/chessPDF - Improved Boards/35 - Endgame Fundamentals/01 - Active Training Workbook.pdf","library/group1/chessPDF - Improved Boards/35 - Endgame Fundamentals/01 - Active Training Workbook.pdf","3912975","c550ca2f5c4eeebeb43880a2dce6a470ce7f4e64fed2fbc1bee10db6a8189fe4","git","3912975","c550ca2f5c4eeebeb43880a2dce6a470ce7f4e64fed2fbc1bee10db6a8189fe4"
"chess5","group1/chessPDF - Improved Boards/36 - Rook Endgames/00 - Complete Course Book.pdf","library/group1/chessPDF - Improved Boards/36 - Rook Endgames/00 - Complete Course Book.pdf","1116934","78dd9e7f893b3b9edfeff9f1ac65e94260df46371250d998ffd66446920ef3dd","git","1116934","78dd9e7f893b3b9edfeff9f1ac65e94260df46371250d998ffd66446920ef3dd"
"chess5","group1/chessPDF - Improved Boards/36 - Rook Endgames/01 - Active Training Workbook.pdf","library/group1/chessPDF - Improved Boards/36 - Rook Endgames/01 - Active Training Workbook.pdf","1046492","220bd7607a9a6bde08bf800e69edf1bc700f7e2b41985aa214ef9fa12a5af685","git","1046492","220bd7607a9a6bde08bf800e69edf1bc700f7e2b41985aa214ef9fa12a5af685"
"chess5","group1/chessPDF - Improved Boards/37 - Pawn and Minor-Piece Endgames/00 - Complete Course Book.pdf","library/group1/chessPDF - Improved Boards/37 - Pawn and Minor-Piece Endgames/00 - Complete Course Book.pdf","1116748","fcd05c6dfbda2a513a349caef6c7d49e773439b88f605bb8d0372c1071d2d84d","git","1116748","fcd05c6dfbda2a513a349caef6c7d49e773439b88f605bb8d0372c1071d2d84d"
"chess5","group1/chessPDF - Improved Boards/37 - Pawn and Minor-Piece Endgames/01 - Active Training Workbook.pdf","library/group1/chessPDF - Improved Boards/37 - Pawn and Minor-Piece Endgames/01 - Active Training Workbook.pdf","1046515","c23f3e468745bba608b82f9d747e529f2cbf8b5d57b51808ea288bba917125b5","git","1046515","c23f3e468745bba608b82f9d747e529f2cbf8b5d57b51808ea288bba917125b5"
"chess5","group1/chessPDF - Improved Boards/38 - Conversion and Technical Chess/00 - Complete Course Book.pdf","library/group1/chessPDF - Improved Boards/38 - Conversion and Technical Chess/00 - Complete Course Book.pdf","3993891","2c22359de59fc9910acaff982304f5e1d847691ed94dd20951667af7ac664495","git","3993891","2c22359de59fc9910acaff982304f5e1d847691ed94dd20951667af7ac664495"
"chess5","group1/chessPDF - Improved Boards/38 - Conversion and Technical Chess/01 - Active Training Workbook.pdf","library/group1/chessPDF - Improved Boards/38 - Conversion and Technical Chess/01 - Active Training Workbook.pdf","3913502","8127dd599541f91a1cd3b6e6f64a6dac36e483fc79214c95eef552c4129a5dd5","git","3913502","8127dd599541f91a1cd3b6e6f64a6dac36e483fc79214c95eef552c4129a5dd5"
"chess5","group1/chessPDF - Improved Boards/39 - Time Management and Decisions/00 - Complete Course Book.pdf","library/group1/chessPDF - Improved Boards/39 - Time Management and Decisions/00 - Complete Course Book.pdf","3994848","a1b44d62214ac272c6eaaaf285b358f25d0360b244db1654fbe7c8c45037e0fc","git","3994848","a1b44d62214ac272c6eaaaf285b358f25d0360b244db1654fbe7c8c45037e0fc"
"chess5","group1/chessPDF - Improved Boards/39 - Time Management and Decisions/01 - Active Training Workbook.pdf","library/group1/chessPDF - Improved Boards/39 - Time Management and Decisions/01 - Active Training Workbook.pdf","3914067","2769f2234a15d2fc601f7ed29084f7c1d321a4d9a720faa48f057aa4e8679b6b","git","3914067","2769f2234a15d2fc601f7ed29084f7c1d321a4d9a720faa48f057aa4e8679b6b"
"chess5","group1/chessPDF - Improved Boards/40 - Game Analysis and Error Correction/00 - Complete Course Book.pdf","library/group1/chessPDF - Improved Boards/40 - Game Analysis and Error Correction/00 - Complete Course Book.pdf","3994401","bb6c86ad4b17aa91b29adba6e0889a61e12697e49d0c2c440a5f87839f82370a","git","3994401","bb6c86ad4b17aa91b29adba6e0889a61e12697e49d0c2c440a5f87839f82370a"
"chess5","group1/chessPDF - Improved Boards/40 - Game Analysis and Error Correction/01 - Active Training Workbook.pdf","library/group1/chessPDF - Improved Boards/40 - Game Analysis and Error Correction/01 - Active Training Workbook.pdf","3913733","f27a4cb2ab5285eb9b00a5897a5a5877d317747404b82b6841063880952e336c","git","3913733","f27a4cb2ab5285eb9b00a5897a5a5877d317747404b82b6841063880952e336c"
"chess5","group1/chessPDF - Improved Boards/41 - Tournament Preparation/00 - Complete Course Book.pdf","library/group1/chessPDF - Improved Boards/41 - Tournament Preparation/00 - Complete Course Book.pdf","3995622","1c3e60fd12f2f085b551fa5dba98a81c49520518f2940b8a045e36159c5d96f0","git","3995622","1c3e60fd12f2f085b551fa5dba98a81c49520518f2940b8a045e36159c5d96f0"
"chess5","group1/chessPDF - Improved Boards/41 - Tournament Preparation/01 - Active Training Workbook.pdf","library/group1/chessPDF - Improved Boards/41 - Tournament Preparation/01 - Active Training Workbook.pdf","3914474","9a763767ab6dc91ff10df94c4781a08083966f4603573676e79d5dd5adc8cadb","git","3914474","9a763767ab6dc91ff10df94c4781a08083966f4603573676e79d5dd5adc8cadb"
"chess4","group1/chessPDF - Improved Boards/Course Library Index.txt","library/group1/chessPDF - Improved Boards/Course Library Index.txt","2661","d6c5ef9eb8527bd1815f75d479b3e6b1e3b9c9ab66db9e4a5e210ff29835b9e0","git","2661","d6c5ef9eb8527bd1815f75d479b3e6b1e3b9c9ab66db9e4a5e210ff29835b9e0"
"chess4","group1/chessPDF - Improved Boards/Library QA.txt","library/group1/chessPDF - Improved Boards/Library QA.txt","797","66adca8743b9b80626e682fb9eb3df0e2f30055beb30b3087d189c7cf79f6504","git","797","66adca8743b9b80626e682fb9eb3df0e2f30055beb30b3087d189c7cf79f6504"
"chess5","group1/Complete 1.d4 Course/01_1_d4_Foundations_and_Repertoire_Map.pdf","library/group1/Complete 1.d4 Course/01_1_d4_Foundations_and_Repertoire_Map.pdf","666774","19c56f5f58cbeb1bb6e7cb21d459d40120efc50910b9e19a8d5bd0b1bee1bbca","git","666774","19c56f5f58cbeb1bb6e7cb21d459d40120efc50910b9e19a8d5bd0b1bee1bbca"
"chess5","group1/Complete 1.d4 Course/02_Queens_Gambit_Declined_Repertoire.pdf","library/group1/Complete 1.d4 Course/02_Queens_Gambit_Declined_Repertoire.pdf","484757","ab51b620457d94c592f1b9672a8f3eca374fd13b7d40ea24051d25ef553fc2a5","git","484757","ab51b620457d94c592f1b9672a8f3eca374fd13b7d40ea24051d25ef553fc2a5"
"chess5","group1/Complete 1.d4 Course/03_Queens_Gambit_Accepted_and_Independent_Defenses.pdf","library/group1/Complete 1.d4 Course/03_Queens_Gambit_Accepted_and_Independent_Defenses.pdf","481644","227a74c66026b483423173516b0502bda16c22e837d89752a628cb1b0e91c9c9","git","481644","227a74c66026b483423173516b0502bda16c22e837d89752a628cb1b0e91c9c9"
"chess5","group1/Complete 1.d4 Course/04_Slav_and_Semi_Slav_Repertoire.pdf","library/group1/Complete 1.d4 Course/04_Slav_and_Semi_Slav_Repertoire.pdf","485221","1d45fa972a67824f6175d8ec091c5440c4bb66827bc3703e84a28a359735d411","git","485221","1d45fa972a67824f6175d8ec091c5440c4bb66827bc3703e84a28a359735d411"
"chess5","group1/Complete 1.d4 Course/05_Catalan_Repertoire.pdf","library/group1/Complete 1.d4 Course/05_Catalan_Repertoire.pdf","485080","1046a36bddf9461cd1164b32c7f676929a3dcda6ea68d895ece5abf1b2a5ce9a","git","485080","1046a36bddf9461cd1164b32c7f676929a3dcda6ea68d895ece5abf1b2a5ce9a"
"chess5","group1/Complete 1.d4 Course/06_Queens_Indian_Bogo_Indian_and_Move_Orders.pdf","library/group1/Complete 1.d4 Course/06_Queens_Indian_Bogo_Indian_and_Move_Orders.pdf","485508","e42280dba5cc4a7d9cb019b631c232a14049a1504993895c41e07a8f6a337765","git","485508","e42280dba5cc4a7d9cb019b631c232a14049a1504993895c41e07a8f6a337765"
"chess5","group1/Complete 1.d4 Course/07_Kings_Indian_Defense_Repertoire.pdf","library/group1/Complete 1.d4 Course/07_Kings_Indian_Defense_Repertoire.pdf","485206","a0ec718a59ca6888bf3dd9bd2442b7468f01d6545ca541caf21f0062364905d3","git","485206","a0ec718a59ca6888bf3dd9bd2442b7468f01d6545ca541caf21f0062364905d3"
"chess5","group1/Complete 1.d4 Course/08_Grunfeld_Defense_Repertoire.pdf","library/group1/Complete 1.d4 Course/08_Grunfeld_Defense_Repertoire.pdf","483302","4706e13099970a2a8b99f83af5e758fdb50c3bdb624311126b94cde707562f5a","git","483302","4706e13099970a2a8b99f83af5e758fdb50c3bdb624311126b94cde707562f5a"
"chess5","group1/Complete 1.d4 Course/09_Benoni_and_Benko_Repertoire.pdf","library/group1/Complete 1.d4 Course/09_Benoni_and_Benko_Repertoire.pdf","484900","14e74a11b8ef26cf4d9e0f13b2e148c28b1cbf446931b1aaf194cec1a8ce1ab5","git","484900","14e74a11b8ef26cf4d9e0f13b2e148c28b1cbf446931b1aaf194cec1a8ce1ab5"
"chess5","group1/Complete 1.d4 Course/10_Dutch_Defense_Repertoire.pdf","library/group1/Complete 1.d4 Course/10_Dutch_Defense_Repertoire.pdf","485089","25b0efa5f095755a72ceb5889d16b6b0818d7a04ada1ca024664877235e49ba4","git","485089","25b0efa5f095755a72ceb5889d16b6b0818d7a04ada1ca024664877235e49ba4"
"chess5","group1/Complete 1.d4 Course/11_Gambits_and_Rare_Defenses.pdf","library/group1/Complete 1.d4 Course/11_Gambits_and_Rare_Defenses.pdf","802008","91287f6107959a9107e0290a6d9edf2b355021ccedfa555595e0ad84d6e96c18","git","802008","91287f6107959a9107e0290a6d9edf2b355021ccedfa555595e0ad84d6e96c18"
"chess5","group1/Complete 1.d4 Course/12_1_d4_Pawn_Structure_and_Plan_Atlas.pdf","library/group1/Complete 1.d4 Course/12_1_d4_Pawn_Structure_and_Plan_Atlas.pdf","472482","16bb1a6cd4c218eaf283f89131408cea640178909bec6622daac34c60b8fc8bc","git","472482","16bb1a6cd4c218eaf283f89131408cea640178909bec6622daac34c60b8fc8bc"
"chess5","group1/Complete 1.d4 Course/13_1_d4_Tactics_Traps_and_Defensive_Resources.pdf","library/group1/Complete 1.d4 Course/13_1_d4_Tactics_Traps_and_Defensive_Resources.pdf","555691","163321b7f574ab84ff942485b8dd0911b2e8344a5d5208d60f15c13d731d3a88","git","555691","163321b7f574ab84ff942485b8dd0911b2e8344a5d5208d60f15c13d731d3a88"
"chess5","group1/Complete 1.d4 Course/14_1_d4_Model_Games_and_Guess_the_Move_Training.pdf","library/group1/Complete 1.d4 Course/14_1_d4_Model_Games_and_Guess_the_Move_Training.pdf","400837","f71cfbccb04bed281496e0018eb85d506966485e2c856795b3da284b16f6d394","git","400837","f71cfbccb04bed281496e0018eb85d506966485e2c856795b3da284b16f6d394"
"chess5","group1/Complete 1.d4 Course/15_1_d4_Final_Workbook_and_Fritz_Companion.pdf","library/group1/Complete 1.d4 Course/15_1_d4_Final_Workbook_and_Fritz_Companion.pdf","841642","79337f80ecd76fe1bdd1289385fd805e7c71210c3858dca86720c97c81f7012b","git","841642","79337f80ecd76fe1bdd1289385fd805e7c71210c3858dca86720c97c81f7012b"
"chess5","group1/Complete 1.d4 Course/Constructed_1d4_Model_Games.pgn","library/group1/Complete 1.d4 Course/Constructed_1d4_Model_Games.pgn","7534","9a361f4c9d336327e29ffaf29a647a08e0412d7adfc0e98ca6ddb63f9c30b2f5","git","7534","9a361f4c9d336327e29ffaf29a647a08e0412d7adfc0e98ca6ddb63f9c30b2f5"
"chess5","group1/Complete 1.d4 Course/LIBRARY_MANIFEST.csv","library/group1/Complete 1.d4 Course/LIBRARY_MANIFEST.csv","1416","ef7993a816631f7febae15f1229e045ad157b3189ac1678b8dc0de39ea8a3591","git","1416","ef7993a816631f7febae15f1229e045ad157b3189ac1678b8dc0de39ea8a3591"
"chess5","group1/Complete 1.d4 Course/START_HERE.txt","library/group1/Complete 1.d4 Course/START_HERE.txt","1908","8e96cd810aecf6068693a2c2f9e1a63788b087b8379292ac22c838b71e586724","git","1908","8e96cd810aecf6068693a2c2f9e1a63788b087b8379292ac22c838b71e586724"
"chess5","group1/Complete 1.d4 Course/Training_Positions.csv","library/group1/Complete 1.d4 Course/Training_Positions.csv","18296","71c46be72480a8013f9634b5bc22ea2efaa2df6025a5664c7ef92615db50ea90","git","18296","71c46be72480a8013f9634b5bc22ea2efaa2df6025a5664c7ef92615db50ea90"
"chess5","group1/Complete 1.d4 Course/Training_Positions.pgn","library/group1/Complete 1.d4 Course/Training_Positions.pgn","37891","25454152f799784eb0435a494d4eb9467fa871965e4a4169b3ec1d0fd15d1610","git","37891","25454152f799784eb0435a494d4eb9467fa871965e4a4169b3ec1d0fd15d1610"
"chess5","group1/Complete 1.d4 Course/White_1d4_Repertoire.pgn","library/group1/Complete 1.d4 Course/White_1d4_Repertoire.pgn","59264","4a180ec02f6b1f93711c9273a1caff1a99dd4b34bbd4045087ae356439ce5342","git","59264","4a180ec02f6b1f93711c9273a1caff1a99dd4b34bbd4045087ae356439ce5342"
"chess5","group1/Complete 1.e4 Course/01_1_e4_Foundations_and_Repertoire_Map.pdf","library/group1/Complete 1.e4 Course/01_1_e4_Foundations_and_Repertoire_Map.pdf","666207","58d5d3e0a54064112fda19ee1f92960a9fba2e94a6ed58679e3aae5c6815144e","git","666207","58d5d3e0a54064112fda19ee1f92960a9fba2e94a6ed58679e3aae5c6815144e"
"chess5","group1/Complete 1.e4 Course/02_Italian_Game_and_Two_Knights_Repertoire.pdf","library/group1/Complete 1.e4 Course/02_Italian_Game_and_Two_Knights_Repertoire.pdf","485320","00a641e0c305f1a92d5242be6e4dbfb5e46be8b5ff5006badd181af37c60a0b8","git","485320","00a641e0c305f1a92d5242be6e4dbfb5e46be8b5ff5006badd181af37c60a0b8"
"chess5","group1/Complete 1.e4 Course/03_Petroff_Philidor_Scotch_and_Other_Open_Games.pdf","library/group1/Complete 1.e4 Course/03_Petroff_Philidor_Scotch_and_Other_Open_Games.pdf","484617","c79ec71e3c3b98f7c082e37301f867d053587258df0c3b16cbd73a90cdc9b631","git","484617","c79ec71e3c3b98f7c082e37301f867d053587258df0c3b16cbd73a90cdc9b631"
"chess5","group1/Complete 1.e4 Course/04_Alapin_Sicilian_Repertoire.pdf","library/group1/Complete 1.e4 Course/04_Alapin_Sicilian_Repertoire.pdf","484823","4c5f91fdc27bcb59a1e59052748a3dfca47370a345af875c9638c7f83fc3cbcc","git","484823","4c5f91fdc27bcb59a1e59052748a3dfca47370a345af875c9638c7f83fc3cbcc"
"chess5","group1/Complete 1.e4 Course/05_Open_Sicilian_Najdorf_Dragon_and_Scheveningen.pdf","library/group1/Complete 1.e4 Course/05_Open_Sicilian_Najdorf_Dragon_and_Scheveningen.pdf","484905","4fc80494f19e95cf1391ad38f50ebabd4f26158da800a80360adb51fc4142678","git","484905","4fc80494f19e95cf1391ad38f50ebabd4f26158da800a80360adb51fc4142678"
"chess5","group1/Complete 1.e4 Course/06_Open_Sicilian_Sveshnikov_Classical_Kan_and_Taimanov.pdf","library/group1/Complete 1.e4 Course/06_Open_Sicilian_Sveshnikov_Classical_Kan_and_Taimanov.pdf","484803","64bdbb0d4ad80e77c554aa2121fbe5cc8bc6f2dba45ee2ab5c09a20e58ed624a","git","484803","64bdbb0d4ad80e77c554aa2121fbe5cc8bc6f2dba45ee2ab5c09a20e58ed624a"
"chess5","group1/Complete 1.e4 Course/07_French_Defense_Advance_Repertoire.pdf","library/group1/Complete 1.e4 Course/07_French_Defense_Advance_Repertoire.pdf","484690","5b32692e48c6d3c5aa58290624a7fee2d43d308abb60c363f277e8ab0892828a","git","484690","5b32692e48c6d3c5aa58290624a7fee2d43d308abb60c363f277e8ab0892828a"
"chess5","group1/Complete 1.e4 Course/08_Caro_Kann_Advance_Repertoire.pdf","library/group1/Complete 1.e4 Course/08_Caro_Kann_Advance_Repertoire.pdf","484358","bf511c5ba0584f7d5aa905f22fb3a1a0184c71f9320cf10545a15cfb5cbca8ee","git","484358","bf511c5ba0584f7d5aa905f22fb3a1a0184c71f9320cf10545a15cfb5cbca8ee"
"chess5","group1/Complete 1.e4 Course/09_Pirc_and_Modern_Defense_Repertoire.pdf","library/group1/Complete 1.e4 Course/09_Pirc_and_Modern_Defense_Repertoire.pdf","484767","815c387f29e432568326f02d42ac0473f9aff23db27c93d21b0e7d83a86d65e8","git","484767","815c387f29e432568326f02d42ac0473f9aff23db27c93d21b0e7d83a86d65e8"
"chess5","group1/Complete 1.e4 Course/10_Scandinavian_and_Alekhine_Repertoire.pdf","library/group1/Complete 1.e4 Course/10_Scandinavian_and_Alekhine_Repertoire.pdf","485013","1563889f6b42b304fb02f4a8015b1cc7420e57cd23b22dd73219fa7e9cc388e0","git","485013","1563889f6b42b304fb02f4a8015b1cc7420e57cd23b22dd73219fa7e9cc388e0"
"chess5","group1/Complete 1.e4 Course/11_Gambits_Traps_and_Rare_First_Moves.pdf","library/group1/Complete 1.e4 Course/11_Gambits_Traps_and_Rare_First_Moves.pdf","801448","bf12c8743ff291a4aee5dff643b3510e094b38a045af19ce6bb9680900ce6f43","git","801448","bf12c8743ff291a4aee5dff643b3510e094b38a045af19ce6bb9680900ce6f43"
"chess5","group1/Complete 1.e4 Course/12_1_e4_Pawn_Structure_and_Plan_Atlas.pdf","library/group1/Complete 1.e4 Course/12_1_e4_Pawn_Structure_and_Plan_Atlas.pdf","473444","4368b950427bd70857818f09b6e8736addcddb26855e4c6bddf45d1ae43637e2","git","473444","4368b950427bd70857818f09b6e8736addcddb26855e4c6bddf45d1ae43637e2"
"chess5","group1/Complete 1.e4 Course/13_1_e4_Tactics_Traps_and_Defensive_Resources.pdf","library/group1/Complete 1.e4 Course/13_1_e4_Tactics_Traps_and_Defensive_Resources.pdf","555185","4b09d45f93de4adadb3ebb4d13280b037b3bafd9e34b96e972ad94dca6d5fd10","git","555185","4b09d45f93de4adadb3ebb4d13280b037b3bafd9e34b96e972ad94dca6d5fd10"
"chess5","group1/Complete 1.e4 Course/14_1_e4_Model_Games_and_Guess_the_Move_Training.pdf","library/group1/Complete 1.e4 Course/14_1_e4_Model_Games_and_Guess_the_Move_Training.pdf","400121","9cebaf1619d49e6cca67a2b9e28eb679c498cbf0ba5f542d8e36c20c041dff44","git","400121","9cebaf1619d49e6cca67a2b9e28eb679c498cbf0ba5f542d8e36c20c041dff44"
"chess5","group1/Complete 1.e4 Course/15_1_e4_Final_Workbook_and_Fritz_Companion.pdf","library/group1/Complete 1.e4 Course/15_1_e4_Final_Workbook_and_Fritz_Companion.pdf","840813","c681d36820573e744a54e939b843c0a124f5fc688ad428c09e3a7d12666cf6e0","git","840813","c681d36820573e744a54e939b843c0a124f5fc688ad428c09e3a7d12666cf6e0"
"chess5","group1/Complete 1.e4 Course/Constructed_1e4_Model_Games.pgn","library/group1/Complete 1.e4 Course/Constructed_1e4_Model_Games.pgn","7320","7d5c9f9ae6898751b120f79d8c94b776b8c0ffb4a5988be2d1393b2267fb1f33","git","7320","7d5c9f9ae6898751b120f79d8c94b776b8c0ffb4a5988be2d1393b2267fb1f33"
"chess5","group1/Complete 1.e4 Course/LIBRARY_MANIFEST.csv","library/group1/Complete 1.e4 Course/LIBRARY_MANIFEST.csv","1564","31855c86551e32ce91c2149dc8d1646410e4fb7bbf4556cb3d8b4cc0fb892cc8","git","1564","31855c86551e32ce91c2149dc8d1646410e4fb7bbf4556cb3d8b4cc0fb892cc8"
"chess5","group1/Complete 1.e4 Course/START_HERE.txt","library/group1/Complete 1.e4 Course/START_HERE.txt","2019","3898fa9f505ab403aa81ffa101a95e38402edcbf9d054fa035ba67caadffbe19","git","2019","3898fa9f505ab403aa81ffa101a95e38402edcbf9d054fa035ba67caadffbe19"
"chess5","group1/Complete 1.e4 Course/Training_Positions.csv","library/group1/Complete 1.e4 Course/Training_Positions.csv","19267","24cbaf8d3766d8189d4b496f98273831e7d0017e1bf9e422d01557e7e2865320","git","19267","24cbaf8d3766d8189d4b496f98273831e7d0017e1bf9e422d01557e7e2865320"
"chess5","group1/Complete 1.e4 Course/Training_Positions.pgn","library/group1/Complete 1.e4 Course/Training_Positions.pgn","39900","6e614fe8b226a5de4b96626d75087a4e28139a63cd7d52273133e3f76c964ed7","git","39900","6e614fe8b226a5de4b96626d75087a4e28139a63cd7d52273133e3f76c964ed7"
"chess5","group1/Complete 1.e4 Course/White_1e4_Repertoire.pgn","library/group1/Complete 1.e4 Course/White_1e4_Repertoire.pgn","57554","a5a71881db69f051eb7928f6f5605df18b5fb324027f48409ddda92e32b82bba","git","57554","a5a71881db69f051eb7928f6f5605df18b5fb324027f48409ddda92e32b82bba"
"chess5","group1/Complete Chess Opening Atlas - A00 to E99/A_Flank_and_Indian_Openings/A00_Irregular_and_Uncommon_Openings.pdf","library/group1/Complete Chess Opening Atlas - A00 to E99/A_Flank_and_Indian_Openings/A00_Irregular_and_Uncommon_Openings.pdf","152508","8aa1e78fec81d254c1f3577938bbb87d9a752ffbf3f8864289f3443de4306395","git","152508","8aa1e78fec81d254c1f3577938bbb87d9a752ffbf3f8864289f3443de4306395"
"chess5","group1/Complete Chess Opening Atlas - A00 to E99/A_Flank_and_Indian_Openings/A01_Nimzo_Larsen_Attack.pdf","library/group1/Complete Chess Opening Atlas - A00 to E99/A_Flank_and_Indian_Openings/A01_Nimzo_Larsen_Attack.pdf","120315","08a40cd2e57bbaa1ab30770083656ebcb184b06950ac28da2dda18f533362a49","git","120315","08a40cd2e57bbaa1ab30770083656ebcb184b06950ac28da2dda18f533362a49"
"chess5","group1/Complete Chess Opening Atlas - A00 to E99/A_Flank_and_Indian_Openings/A02_Bird_Opening.pdf","library/group1/Complete Chess Opening Atlas - A00 to E99/A_Flank_and_Indian_Openings/A02_Bird_Opening.pdf","121895","ddcdac837df9c836ab009f812f8a7db951a6fa35a12ea22cac599fd89ba47019","git","121895","ddcdac837df9c836ab009f812f8a7db951a6fa35a12ea22cac599fd89ba47019"
"chess5","group1/Complete Chess Opening Atlas - A00 to E99/A_Flank_and_Indian_Openings/A03_Bird_Opening.pdf","library/group1/Complete Chess Opening Atlas - A00 to E99/A_Flank_and_Indian_Openings/A03_Bird_Opening.pdf","118343","66fa7c7a06e90dbdd26c1f8fc2d710e445a73704c06c1436e0c729967a85a781","git","118343","66fa7c7a06e90dbdd26c1f8fc2d710e445a73704c06c1436e0c729967a85a781"
"chess5","group1/Complete Chess Opening Atlas - A00 to E99/A_Flank_and_Indian_Openings/A04_Zukertort_Opening.pdf","library/group1/Complete Chess Opening Atlas - A00 to E99/A_Flank_and_Indian_Openings/A04_Zukertort_Opening.pdf","124662","7592e1a842f2ca87bd5c4063b190b3734bded36c401723b5f15d94889ac04aee","git","124662","7592e1a842f2ca87bd5c4063b190b3734bded36c401723b5f15d94889ac04aee"
"chess5","group1/Complete Chess Opening Atlas - A00 to E99/A_Flank_and_Indian_Openings/A05_Zukertort_Opening.pdf","library/group1/Complete Chess Opening Atlas - A00 to E99/A_Flank_and_Indian_Openings/A05_Zukertort_Opening.pdf","120227","d67f304224137c92a7a3303520a8ea764fd234b1b186974a83ac178a43707be3","git","120227","d67f304224137c92a7a3303520a8ea764fd234b1b186974a83ac178a43707be3"
"chess5","group1/Complete Chess Opening Atlas - A00 to E99/A_Flank_and_Indian_Openings/A06_Zukertort_Opening.pdf","library/group1/Complete Chess Opening Atlas - A00 to E99/A_Flank_and_Indian_Openings/A06_Zukertort_Opening.pdf","120140","28655cd4de50b0faeb304c28222e52a82734fa5a52ff442ac6bdc82591b8e115","git","120140","28655cd4de50b0faeb304c28222e52a82734fa5a52ff442ac6bdc82591b8e115"
"chess5","group1/Complete Chess Opening Atlas - A00 to E99/A_Flank_and_Indian_Openings/A07_Kings_Indian_Attack.pdf","library/group1/Complete Chess Opening Atlas - A00 to E99/A_Flank_and_Indian_Openings/A07_Kings_Indian_Attack.pdf","121953","da88286c6c440f6aa959d10a30b5464a05138abdc07d6ec0a37f2110a9448395","git","121953","da88286c6c440f6aa959d10a30b5464a05138abdc07d6ec0a37f2110a9448395"
"chess5","group1/Complete Chess Opening Atlas - A00 to E99/A_Flank_and_Indian_Openings/A08_Kings_Indian_Attack.pdf","library/group1/Complete Chess Opening Atlas - A00 to E99/A_Flank_and_Indian_Openings/A08_Kings_Indian_Attack.pdf","118521","36771e98a3c3a746f4f33418a4e31199cd48ba6f9739dc6c69382465436aa6a8","git","118521","36771e98a3c3a746f4f33418a4e31199cd48ba6f9739dc6c69382465436aa6a8"
"chess5","group1/Complete Chess Opening Atlas - A00 to E99/A_Flank_and_Indian_Openings/A09_R_ti_Opening.pdf","library/group1/Complete Chess Opening Atlas - A00 to E99/A_Flank_and_Indian_Openings/A09_R_ti_Opening.pdf","118773","725a817b295a3d37c1f4c8bb04f8f77ff1380a514e845453b251d7518a22de23","git","118773","725a817b295a3d37c1f4c8bb04f8f77ff1380a514e845453b251d7518a22de23"
"chess5","group1/Complete Chess Opening Atlas - A00 to E99/A_Flank_and_Indian_Openings/A10_English_Opening.pdf","library/group1/Complete Chess Opening Atlas - A00 to E99/A_Flank_and_Indian_Openings/A10_English_Opening.pdf","122207","58c300364adcfb5a8ff3770570f6d3bc495c612ae3274c17971ad849d5b700fd","git","122207","58c300364adcfb5a8ff3770570f6d3bc495c612ae3274c17971ad849d5b700fd"
"chess5","group1/Complete Chess Opening Atlas - A00 to E99/A_Flank_and_Indian_Openings/A11_R_ti_Opening.pdf","library/group1/Complete Chess Opening Atlas - A00 to E99/A_Flank_and_Indian_Openings/A11_R_ti_Opening.pdf","120305","8955154998a257818ae716749baec5237b5d4bf8c26b179dd743059065ee96af","git","120305","8955154998a257818ae716749baec5237b5d4bf8c26b179dd743059065ee96af"
"chess5","group1/Complete Chess Opening Atlas - A00 to E99/A_Flank_and_Indian_Openings/A12_R_ti_Opening.pdf","library/group1/Complete Chess Opening Atlas - A00 to E99/A_Flank_and_Indian_Openings/A12_R_ti_Opening.pdf","122408","3eceb347920a1caf015e3809a7b6b797fb38a3459abf5dfbb3833b88f2c48985","git","122408","3eceb347920a1caf015e3809a7b6b797fb38a3459abf5dfbb3833b88f2c48985"
"chess5","group1/Complete Chess Opening Atlas - A00 to E99/A_Flank_and_Indian_Openings/A13_English_Opening.pdf","library/group1/Complete Chess Opening Atlas - A00 to E99/A_Flank_and_Indian_Openings/A13_English_Opening.pdf","120416","52bcc151c88054dd72a6f2a42b73f3c682abbb957c4415998cbb3aaf9dea4630","git","120416","52bcc151c88054dd72a6f2a42b73f3c682abbb957c4415998cbb3aaf9dea4630"
"chess5","group1/Complete Chess Opening Atlas - A00 to E99/A_Flank_and_Indian_Openings/A14_English_Opening.pdf","library/group1/Complete Chess Opening Atlas - A00 to E99/A_Flank_and_Indian_Openings/A14_English_Opening.pdf","120216","31b38fd78d223769beedb226ba8973019339c1fe4b3d487d932cf3ae761351de","git","120216","31b38fd78d223769beedb226ba8973019339c1fe4b3d487d932cf3ae761351de"
"chess5","group1/Complete Chess Opening Atlas - A00 to E99/A_Flank_and_Indian_Openings/A15_English_Opening.pdf","library/group1/Complete Chess Opening Atlas - A00 to E99/A_Flank_and_Indian_Openings/A15_English_Opening.pdf","120416","2434431ad432c2a82426499856466b2c37751f90f6ec362e1eaa9be67ba5af6a","git","120416","2434431ad432c2a82426499856466b2c37751f90f6ec362e1eaa9be67ba5af6a"
"chess5","group1/Complete Chess Opening Atlas - A00 to E99/A_Flank_and_Indian_Openings/A16_English_Opening.pdf","library/group1/Complete Chess Opening Atlas - A00 to E99/A_Flank_and_Indian_Openings/A16_English_Opening.pdf","118454","28a00b6fd4594a2935ceb4d318bea08a189105c0bb78edd8febcf53082e847e1","git","118454","28a00b6fd4594a2935ceb4d318bea08a189105c0bb78edd8febcf53082e847e1"
"chess5","group1/Complete Chess Opening Atlas - A00 to E99/A_Flank_and_Indian_Openings/A17_English_Opening.pdf","library/group1/Complete Chess Opening Atlas - A00 to E99/A_Flank_and_Indian_Openings/A17_English_Opening.pdf","118157","188d2b6103011a2685a30a73e2a8f9dd9d08b16fcbc97acdb5be3d93a6a08736","git","118157","188d2b6103011a2685a30a73e2a8f9dd9d08b16fcbc97acdb5be3d93a6a08736"
"chess5","group1/Complete Chess Opening Atlas - A00 to E99/A_Flank_and_Indian_Openings/A18_English_Opening.pdf","library/group1/Complete Chess Opening Atlas - A00 to E99/A_Flank_and_Indian_Openings/A18_English_Opening.pdf","117700","9e1d20e2e7bf02c2b748312df136da458afecda03ca4c261ab7c4021d1ffbd44","git","117700","9e1d20e2e7bf02c2b748312df136da458afecda03ca4c261ab7c4021d1ffbd44"
"chess5","group1/Complete Chess Opening Atlas - A00 to E99/A_Flank_and_Indian_Openings/A19_English_Opening.pdf","library/group1/Complete Chess Opening Atlas - A00 to E99/A_Flank_and_Indian_Openings/A19_English_Opening.pdf","117681","f085b625b8002a4864c6943f35713b6665782dba0ba6ede394b2962762868564","git","117681","f085b625b8002a4864c6943f35713b6665782dba0ba6ede394b2962762868564"
"chess5","group1/Complete Chess Opening Atlas - A00 to E99/A_Flank_and_Indian_Openings/A20_English_Opening.pdf","library/group1/Complete Chess Opening Atlas - A00 to E99/A_Flank_and_Indian_Openings/A20_English_Opening.pdf","117951","d67222968767f2107ddb9214365fcb32d83e4b8a25b207fe54fbcc7258bd1ce4","git","117951","d67222968767f2107ddb9214365fcb32d83e4b8a25b207fe54fbcc7258bd1ce4"
"chess5","group1/Complete Chess Opening Atlas - A00 to E99/A_Flank_and_Indian_Openings/A21_English_Opening.pdf","library/group1/Complete Chess Opening Atlas - A00 to E99/A_Flank_and_Indian_Openings/A21_English_Opening.pdf","118108","5b6a2e9e57e05f701ee4fb4111efe366be086fdca25a796027af4d3a89dfb5eb","git","118108","5b6a2e9e57e05f701ee4fb4111efe366be086fdca25a796027af4d3a89dfb5eb"
"chess5","group1/Complete Chess Opening Atlas - A00 to E99/A_Flank_and_Indian_Openings/A22_English_Opening.pdf","library/group1/Complete Chess Opening Atlas - A00 to E99/A_Flank_and_Indian_Openings/A22_English_Opening.pdf","118331","4fa5ea7ae88da1cc175e7c1ed8c905ccf8527e394104f96d3cb3d2014f691460","git","118331","4fa5ea7ae88da1cc175e7c1ed8c905ccf8527e394104f96d3cb3d2014f691460"
"chess5","group1/Complete Chess Opening Atlas - A00 to E99/A_Flank_and_Indian_Openings/A23_English_Opening.pdf","library/group1/Complete Chess Opening Atlas - A00 to E99/A_Flank_and_Indian_Openings/A23_English_Opening.pdf","117684","a07b0496424db922a8613ec64785ca25246b3c7e21554480a60fb4b5a8720737","git","117684","a07b0496424db922a8613ec64785ca25246b3c7e21554480a60fb4b5a8720737"
"chess5","group1/Complete Chess Opening Atlas - A00 to E99/A_Flank_and_Indian_Openings/A24_English_Opening.pdf","library/group1/Complete Chess Opening Atlas - A00 to E99/A_Flank_and_Indian_Openings/A24_English_Opening.pdf","117552","937e415f49cb29e3d237fea72f7ee28cd4e4d3939e62784b3857c5cbf53b78eb","git","117552","937e415f49cb29e3d237fea72f7ee28cd4e4d3939e62784b3857c5cbf53b78eb"
"chess5","group1/Complete Chess Opening Atlas - A00 to E99/A_Flank_and_Indian_Openings/A25_English_Opening.pdf","library/group1/Complete Chess Opening Atlas - A00 to E99/A_Flank_and_Indian_Openings/A25_English_Opening.pdf","119952","f8f386668780ddfaa32d3c3f529242654d532277e4baed3d817aec301518d122","git","119952","f8f386668780ddfaa32d3c3f529242654d532277e4baed3d817aec301518d122"
"chess5","group1/Complete Chess Opening Atlas - A00 to E99/A_Flank_and_Indian_Openings/A26_English_Opening.pdf","library/group1/Complete Chess Opening Atlas - A00 to E99/A_Flank_and_Indian_Openings/A26_English_Opening.pdf","117749","2f60279067e472462ed70b950d79ded05eccce60e76f4f156c91b7c0d65f6db0","git","117749","2f60279067e472462ed70b950d79ded05eccce60e76f4f156c91b7c0d65f6db0"
"chess5","group1/Complete Chess Opening Atlas - A00 to E99/A_Flank_and_Indian_Openings/A27_English_Opening.pdf","library/group1/Complete Chess Opening Atlas - A00 to E99/A_Flank_and_Indian_Openings/A27_English_Opening.pdf","117508","9fc838db72b40af32ca7f11c23771148a441f0459d7a90e030f51549b729e29f","git","117508","9fc838db72b40af32ca7f11c23771148a441f0459d7a90e030f51549b729e29f"
"chess5","group1/Complete Chess Opening Atlas - A00 to E99/A_Flank_and_Indian_Openings/A28_English_Opening.pdf","library/group1/Complete Chess Opening Atlas - A00 to E99/A_Flank_and_Indian_Openings/A28_English_Opening.pdf","118505","f4cc9eb3e359caa93dd5202f12639312f92ae64c667c2d08c3137a42b583c5b4","git","118505","f4cc9eb3e359caa93dd5202f12639312f92ae64c667c2d08c3137a42b583c5b4"
"chess5","group1/Complete Chess Opening Atlas - A00 to E99/A_Flank_and_Indian_Openings/A29_English_Opening.pdf","library/group1/Complete Chess Opening Atlas - A00 to E99/A_Flank_and_Indian_Openings/A29_English_Opening.pdf","120328","3bba73e0c07596bde348c2342a055a1c4fbf9f2a8f9595710aa136044e78d9f5","git","120328","3bba73e0c07596bde348c2342a055a1c4fbf9f2a8f9595710aa136044e78d9f5"
"chess5","group1/Complete Chess Opening Atlas - A00 to E99/A_Flank_and_Indian_Openings/A30_English_Opening.pdf","library/group1/Complete Chess Opening Atlas - A00 to E99/A_Flank_and_Indian_Openings/A30_English_Opening.pdf","118134","f350348ca6b28eb8e9e135a25c2683372ef838410beb915a64dbc30a05f98879","git","118134","f350348ca6b28eb8e9e135a25c2683372ef838410beb915a64dbc30a05f98879"
"chess5","group1/Complete Chess Opening Atlas - A00 to E99/A_Flank_and_Indian_Openings/A31_English_Opening.pdf","library/group1/Complete Chess Opening Atlas - A00 to E99/A_Flank_and_Indian_Openings/A31_English_Opening.pdf","117521","25cd1457f093f642465a14a6f55933528244f4359908386d3009422a5b553eaf","git","117521","25cd1457f093f642465a14a6f55933528244f4359908386d3009422a5b553eaf"
"chess5","group1/Complete Chess Opening Atlas - A00 to E99/A_Flank_and_Indian_Openings/A32_English_Opening.pdf","library/group1/Complete Chess Opening Atlas - A00 to E99/A_Flank_and_Indian_Openings/A32_English_Opening.pdf","117563","f15caf85eb4d2410c41f44eaf12b506ce854890e91c71942931be311f625922e","git","117563","f15caf85eb4d2410c41f44eaf12b506ce854890e91c71942931be311f625922e"
"chess5","group1/Complete Chess Opening Atlas - A00 to E99/A_Flank_and_Indian_Openings/A33_English_Opening.pdf","library/group1/Complete Chess Opening Atlas - A00 to E99/A_Flank_and_Indian_Openings/A33_English_Opening.pdf","117731","ea28a18ffbe61899a795ddf2050f1421429d824e8a708e4d9e1b2336281f834b","git","117731","ea28a18ffbe61899a795ddf2050f1421429d824e8a708e4d9e1b2336281f834b"
"chess5","group1/Complete Chess Opening Atlas - A00 to E99/A_Flank_and_Indian_Openings/A34_English_Opening.pdf","library/group1/Complete Chess Opening Atlas - A00 to E99/A_Flank_and_Indian_Openings/A34_English_Opening.pdf","118198","e5cd77eff25c3201643420519afcf34278e086ea10016206edc4392087428ca9","git","118198","e5cd77eff25c3201643420519afcf34278e086ea10016206edc4392087428ca9"
"chess5","group1/Complete Chess Opening Atlas - A00 to E99/A_Flank_and_Indian_Openings/A35_English_Opening.pdf","library/group1/Complete Chess Opening Atlas - A00 to E99/A_Flank_and_Indian_Openings/A35_English_Opening.pdf","117866","2234184c38c4a4040c64816956d7cb2f60e1b8e1b089df57de4c00b1de10ce6b","git","117866","2234184c38c4a4040c64816956d7cb2f60e1b8e1b089df57de4c00b1de10ce6b"
"chess5","group1/Complete Chess Opening Atlas - A00 to E99/A_Flank_and_Indian_Openings/A36_English_Opening.pdf","library/group1/Complete Chess Opening Atlas - A00 to E99/A_Flank_and_Indian_Openings/A36_English_Opening.pdf","117975","8071a3006edc6d0ce1e33f4650b7c597e30149dbc93a056f809f463f808feda2","git","117975","8071a3006edc6d0ce1e33f4650b7c597e30149dbc93a056f809f463f808feda2"
"chess5","group1/Complete Chess Opening Atlas - A00 to E99/A_Flank_and_Indian_Openings/A37_English_Opening.pdf","library/group1/Complete Chess Opening Atlas - A00 to E99/A_Flank_and_Indian_Openings/A37_English_Opening.pdf","118490","f6ea0a1c1d87328d48d421121cd40c761a6ddc3a717fc868c96a4edd7e4f90c3","git","118490","f6ea0a1c1d87328d48d421121cd40c761a6ddc3a717fc868c96a4edd7e4f90c3"
"chess5","group1/Complete Chess Opening Atlas - A00 to E99/A_Flank_and_Indian_Openings/A38_English_Opening.pdf","library/group1/Complete Chess Opening Atlas - A00 to E99/A_Flank_and_Indian_Openings/A38_English_Opening.pdf","117869","329b36ded53bbc4b946670a98bf7b950347a9c9420441aad0ff0583f5d7316ae","git","117869","329b36ded53bbc4b946670a98bf7b950347a9c9420441aad0ff0583f5d7316ae"
"chess5","group1/Complete Chess Opening Atlas - A00 to E99/A_Flank_and_Indian_Openings/A39_English_Opening.pdf","library/group1/Complete Chess Opening Atlas - A00 to E99/A_Flank_and_Indian_Openings/A39_English_Opening.pdf","117578","2f24f62a2ff06fe9600e9bba7beb04ce3717f315b51fb7a8699c7181b0fb3f89","git","117578","2f24f62a2ff06fe9600e9bba7beb04ce3717f315b51fb7a8699c7181b0fb3f89"
"chess5","group1/Complete Chess Opening Atlas - A00 to E99/A_Flank_and_Indian_Openings/A40_Englund_Gambit_and_English_Defense_Lines.pdf","library/group1/Complete Chess Opening Atlas - A00 to E99/A_Flank_and_Indian_Openings/A40_Englund_Gambit_and_English_Defense_Lines.pdf","129661","ff505d912e5265faa5e863eb67ac0c8e88eb7bfd88e482b2cad5cb80b4484deb","git","129661","ff505d912e5265faa5e863eb67ac0c8e88eb7bfd88e482b2cad5cb80b4484deb"
"chess5","group1/Complete Chess Opening Atlas - A00 to E99/A_Flank_and_Indian_Openings/A41_Rat_Defense_and_Modern_Defense_Lines.pdf","library/group1/Complete Chess Opening Atlas - A00 to E99/A_Flank_and_Indian_Openings/A41_Rat_Defense_and_Modern_Defense_Lines.pdf","119885","6bd3fa1331d1e3d666e9368416eac4f8be7033d00e864145030c22e1cf1ac21f","git","119885","6bd3fa1331d1e3d666e9368416eac4f8be7033d00e864145030c22e1cf1ac21f"
"chess5","group1/Complete Chess Opening Atlas - A00 to E99/A_Flank_and_Indian_Openings/A42_Modern_Defense.pdf","library/group1/Complete Chess Opening Atlas - A00 to E99/A_Flank_and_Indian_Openings/A42_Modern_Defense.pdf","118261","cfdfcbf0464edfff6f459bc258e3559a046bef8505b02b0ddabf3d4625165aad","git","118261","cfdfcbf0464edfff6f459bc258e3559a046bef8505b02b0ddabf3d4625165aad"
"chess5","group1/Complete Chess Opening Atlas - A00 to E99/A_Flank_and_Indian_Openings/A43_Benoni_Defense.pdf","library/group1/Complete Chess Opening Atlas - A00 to E99/A_Flank_and_Indian_Openings/A43_Benoni_Defense.pdf","121984","af5c6d4ac5cd13f4918d00998e63431592b6d00fd70c5611d4f16ab6a0b15dec","git","121984","af5c6d4ac5cd13f4918d00998e63431592b6d00fd70c5611d4f16ab6a0b15dec"
"chess5","group1/Complete Chess Opening Atlas - A00 to E99/A_Flank_and_Indian_Openings/A44_Benoni_Defense.pdf","library/group1/Complete Chess Opening Atlas - A00 to E99/A_Flank_and_Indian_Openings/A44_Benoni_Defense.pdf","117552","76568657dd6018492852276d943090a44c6f4a8d90a689666927d9f1fc375b88","git","117552","76568657dd6018492852276d943090a44c6f4a8d90a689666927d9f1fc375b88"
"chess5","group1/Complete Chess Opening Atlas - A00 to E99/A_Flank_and_Indian_Openings/A45_Indian_Defense.pdf","library/group1/Complete Chess Opening Atlas - A00 to E99/A_Flank_and_Indian_Openings/A45_Indian_Defense.pdf","124689","1e37e77f6cbe4c8708be126cf27409948475aab55239c06b211d7e2f9ebb6494","git","124689","1e37e77f6cbe4c8708be126cf27409948475aab55239c06b211d7e2f9ebb6494"
"chess5","group1/Complete Chess Opening Atlas - A00 to E99/A_Flank_and_Indian_Openings/A46_Indian_Defense.pdf","library/group1/Complete Chess Opening Atlas - A00 to E99/A_Flank_and_Indian_Openings/A46_Indian_Defense.pdf","120473","c6113c714ec106ea149602bd39f546e9deab0cedd77e22e989f3964a62066afb","git","120473","c6113c714ec106ea149602bd39f546e9deab0cedd77e22e989f3964a62066afb"
"chess5","group1/Complete Chess Opening Atlas - A00 to E99/A_Flank_and_Indian_Openings/A47_Marienbad_System.pdf","library/group1/Complete Chess Opening Atlas - A00 to E99/A_Flank_and_Indian_Openings/A47_Marienbad_System.pdf","118031","60b3a341de0289fd5a64fce1ce494cc6f7957407c871fcd25e2e5697a34b046c","git","118031","60b3a341de0289fd5a64fce1ce494cc6f7957407c871fcd25e2e5697a34b046c"
"chess5","group1/Complete Chess Opening Atlas - A00 to E99/A_Flank_and_Indian_Openings/A48_Queens_Pawn_Game_and_London_System_Lines.pdf","library/group1/Complete Chess Opening Atlas - A00 to E99/A_Flank_and_Indian_Openings/A48_Queens_Pawn_Game_and_London_System_Lines.pdf","120579","779d62a77a48f4d198d18f4b91596fb67cfe14aa90742123df9df8648c9c2113","git","120579","779d62a77a48f4d198d18f4b91596fb67cfe14aa90742123df9df8648c9c2113"
"chess5","group1/Complete Chess Opening Atlas - A00 to E99/A_Flank_and_Indian_Openings/A49_Indian_Defense.pdf","library/group1/Complete Chess Opening Atlas - A00 to E99/A_Flank_and_Indian_Openings/A49_Indian_Defense.pdf","117449","4f9bcc412cba520e83f8745388c1a546bf30a7aac96bf4bf61f1bc90c23280c4","git","117449","4f9bcc412cba520e83f8745388c1a546bf30a7aac96bf4bf61f1bc90c23280c4"
"chess5","group1/Complete Chess Opening Atlas - A00 to E99/A_Flank_and_Indian_Openings/A50_Indian_Defense.pdf","library/group1/Complete Chess Opening Atlas - A00 to E99/A_Flank_and_Indian_Openings/A50_Indian_Defense.pdf","118245","f54de0ab39275314b387a5d7ed03751470e3b3f5ee45e2f4bfbf7b0a1ff474fe","git","118245","f54de0ab39275314b387a5d7ed03751470e3b3f5ee45e2f4bfbf7b0a1ff474fe"
"chess5","group1/Complete Chess Opening Atlas - A00 to E99/A_Flank_and_Indian_Openings/A51_Indian_Defense.pdf","library/group1/Complete Chess Opening Atlas - A00 to E99/A_Flank_and_Indian_Openings/A51_Indian_Defense.pdf","118057","d96f4f3a8d93fd600665f869338b13fcddeec8d78ab87374a1a41e4a39b94c0a","git","118057","d96f4f3a8d93fd600665f869338b13fcddeec8d78ab87374a1a41e4a39b94c0a"
"chess5","group1/Complete Chess Opening Atlas - A00 to E99/A_Flank_and_Indian_Openings/A52_Indian_Defense.pdf","library/group1/Complete Chess Opening Atlas - A00 to E99/A_Flank_and_Indian_Openings/A52_Indian_Defense.pdf","118316","f6a9b96940cfff9cb27279837754bee12967df7f9ba2cfa75b375220cb14d251","git","118316","f6a9b96940cfff9cb27279837754bee12967df7f9ba2cfa75b375220cb14d251"
"chess5","group1/Complete Chess Opening Atlas - A00 to E99/A_Flank_and_Indian_Openings/A53_Old_Indian_Defense.pdf","library/group1/Complete Chess Opening Atlas - A00 to E99/A_Flank_and_Indian_Openings/A53_Old_Indian_Defense.pdf","118376","59fcd0992e80facc48aa56ed94e3be08708c9c2e0153cf018dc4a8adb158b3e6","git","118376","59fcd0992e80facc48aa56ed94e3be08708c9c2e0153cf018dc4a8adb158b3e6"
"chess5","group1/Complete Chess Opening Atlas - A00 to E99/A_Flank_and_Indian_Openings/A54_Old_Indian_Defense.pdf","library/group1/Complete Chess Opening Atlas - A00 to E99/A_Flank_and_Indian_Openings/A54_Old_Indian_Defense.pdf","117961","9757b0924e709643fabd53acd3119e24254eafe72385b5d5a777031bf0b789d2","git","117961","9757b0924e709643fabd53acd3119e24254eafe72385b5d5a777031bf0b789d2"
"chess5","group1/Complete Chess Opening Atlas - A00 to E99/A_Flank_and_Indian_Openings/A55_Old_Indian_Defense.pdf","library/group1/Complete Chess Opening Atlas - A00 to E99/A_Flank_and_Indian_Openings/A55_Old_Indian_Defense.pdf","117603","66199c1141381346c79509a7a96a41ac0da56223b7846d82ba35c5105c48f7ef","git","117603","66199c1141381346c79509a7a96a41ac0da56223b7846d82ba35c5105c48f7ef"
"chess5","group1/Complete Chess Opening Atlas - A00 to E99/A_Flank_and_Indian_Openings/A56_Benoni_Defense.pdf","library/group1/Complete Chess Opening Atlas - A00 to E99/A_Flank_and_Indian_Openings/A56_Benoni_Defense.pdf","118578","4d86edb8c87980b6cf4ca0212967657c164f079acde831cff1677dd8452a68df","git","118578","4d86edb8c87980b6cf4ca0212967657c164f079acde831cff1677dd8452a68df"
"chess5","group1/Complete Chess Opening Atlas - A00 to E99/A_Flank_and_Indian_Openings/A57_Benko_Gambit_Declined.pdf","library/group1/Complete Chess Opening Atlas - A00 to E99/A_Flank_and_Indian_Openings/A57_Benko_Gambit_Declined.pdf","121013","30f196a5424543dc0608e886b9d394e13a55c67c873c807ee6b9183aa64d51bd","git","121013","30f196a5424543dc0608e886b9d394e13a55c67c873c807ee6b9183aa64d51bd"
"chess5","group1/Complete Chess Opening Atlas - A00 to E99/A_Flank_and_Indian_Openings/A58_Benko_Gambit_Accepted.pdf","library/group1/Complete Chess Opening Atlas - A00 to E99/A_Flank_and_Indian_Openings/A58_Benko_Gambit_Accepted.pdf","118239","352dfb683c4463086a2f22b310f048c01f1d84b0ab33ec7e7aa31f09c2fe9246","git","118239","352dfb683c4463086a2f22b310f048c01f1d84b0ab33ec7e7aa31f09c2fe9246"
"chess5","group1/Complete Chess Opening Atlas - A00 to E99/A_Flank_and_Indian_Openings/A59_Benko_Gambit_Accepted.pdf","library/group1/Complete Chess Opening Atlas - A00 to E99/A_Flank_and_Indian_Openings/A59_Benko_Gambit_Accepted.pdf","118105","42b8b6bb448f678dc6b906f05010aa92e1f53aacb0534f71afa793259a5bfb01","git","118105","42b8b6bb448f678dc6b906f05010aa92e1f53aacb0534f71afa793259a5bfb01"
"chess5","group1/Complete Chess Opening Atlas - A00 to E99/A_Flank_and_Indian_Openings/A60_Benoni_Defense.pdf","library/group1/Complete Chess Opening Atlas - A00 to E99/A_Flank_and_Indian_Openings/A60_Benoni_Defense.pdf","117735","ad23e3e55a2ba5a52e3f078556a98de57634af12bb2c2afe98e760a8667ccf8e","git","117735","ad23e3e55a2ba5a52e3f078556a98de57634af12bb2c2afe98e760a8667ccf8e"
"chess5","group1/Complete Chess Opening Atlas - A00 to E99/A_Flank_and_Indian_Openings/A61_Benoni_Defense.pdf","library/group1/Complete Chess Opening Atlas - A00 to E99/A_Flank_and_Indian_Openings/A61_Benoni_Defense.pdf","117932","3a40b7b70100010e5033217ce883d2f48aafac1af5ec303dc5a86e9c75430c67","git","117932","3a40b7b70100010e5033217ce883d2f48aafac1af5ec303dc5a86e9c75430c67"
"chess5","group1/Complete Chess Opening Atlas - A00 to E99/A_Flank_and_Indian_Openings/A62_Benoni_Defense.pdf","library/group1/Complete Chess Opening Atlas - A00 to E99/A_Flank_and_Indian_Openings/A62_Benoni_Defense.pdf","117616","b0002674a2a3bd28726058e3f7638f6d86268ba319e36255cdad44757f6b0049","git","117616","b0002674a2a3bd28726058e3f7638f6d86268ba319e36255cdad44757f6b0049"
"chess5","group1/Complete Chess Opening Atlas - A00 to E99/A_Flank_and_Indian_Openings/A63_Benoni_Defense.pdf","library/group1/Complete Chess Opening Atlas - A00 to E99/A_Flank_and_Indian_Openings/A63_Benoni_Defense.pdf","117691","b602197e8f548f95f5abab626da78d930f87f8843b7c67c047833dff9b83e377","git","117691","b602197e8f548f95f5abab626da78d930f87f8843b7c67c047833dff9b83e377"
"chess5","group1/Complete Chess Opening Atlas - A00 to E99/A_Flank_and_Indian_Openings/A64_Benoni_Defense.pdf","library/group1/Complete Chess Opening Atlas - A00 to E99/A_Flank_and_Indian_Openings/A64_Benoni_Defense.pdf","117740","8f21dc3b522ea43662466dc60645f9993f783e509a7333a1a738965464d6fdb7","git","117740","8f21dc3b522ea43662466dc60645f9993f783e509a7333a1a738965464d6fdb7"
"chess5","group1/Complete Chess Opening Atlas - A00 to E99/A_Flank_and_Indian_Openings/A65_Benoni_Defense.pdf","library/group1/Complete Chess Opening Atlas - A00 to E99/A_Flank_and_Indian_Openings/A65_Benoni_Defense.pdf","118528","87d70e3f2e60ecad8ae1f2a93424f4d58f679ab1c0fce72e2361fcc087829e27","git","118528","87d70e3f2e60ecad8ae1f2a93424f4d58f679ab1c0fce72e2361fcc087829e27"
"chess5","group1/Complete Chess Opening Atlas - A00 to E99/A_Flank_and_Indian_Openings/A66_Benoni_Defense.pdf","library/group1/Complete Chess Opening Atlas - A00 to E99/A_Flank_and_Indian_Openings/A66_Benoni_Defense.pdf","117763","f52aa7cb17cf3ecb7c98edf248fd876f09631dfafddbe08b7ed8376605a0e016","git","117763","f52aa7cb17cf3ecb7c98edf248fd876f09631dfafddbe08b7ed8376605a0e016"
"chess5","group1/Complete Chess Opening Atlas - A00 to E99/A_Flank_and_Indian_Openings/A67_Benoni_Defense.pdf","library/group1/Complete Chess Opening Atlas - A00 to E99/A_Flank_and_Indian_Openings/A67_Benoni_Defense.pdf","117591","7e276916c0ef5104faacf1123a9cc73501db2268d632b59d25cbdec5a54a2186","git","117591","7e276916c0ef5104faacf1123a9cc73501db2268d632b59d25cbdec5a54a2186"
"chess5","group1/Complete Chess Opening Atlas - A00 to E99/A_Flank_and_Indian_Openings/A68_Benoni_Defense.pdf","library/group1/Complete Chess Opening Atlas - A00 to E99/A_Flank_and_Indian_Openings/A68_Benoni_Defense.pdf","117554","c7e23e3fc6af1c78c682fc457b75d6901d57b3886d85d8cefddd80cb9e0a87b9","git","117554","c7e23e3fc6af1c78c682fc457b75d6901d57b3886d85d8cefddd80cb9e0a87b9"
"chess5","group1/Complete Chess Opening Atlas - A00 to E99/A_Flank_and_Indian_Openings/A69_Benoni_Defense.pdf","library/group1/Complete Chess Opening Atlas - A00 to E99/A_Flank_and_Indian_Openings/A69_Benoni_Defense.pdf","117618","63f5c26f79c342db82c44de755585c469485161e0e213f13f8be75f1265dd894","git","117618","63f5c26f79c342db82c44de755585c469485161e0e213f13f8be75f1265dd894"
"chess5","group1/Complete Chess Opening Atlas - A00 to E99/A_Flank_and_Indian_Openings/A70_Benoni_Defense.pdf","library/group1/Complete Chess Opening Atlas - A00 to E99/A_Flank_and_Indian_Openings/A70_Benoni_Defense.pdf","117862","4ca7ca88d00e149ee97bb09a1265d65888d37c1977d8aa0e0894fb18929c051c","git","117862","4ca7ca88d00e149ee97bb09a1265d65888d37c1977d8aa0e0894fb18929c051c"
"chess5","group1/Complete Chess Opening Atlas - A00 to E99/A_Flank_and_Indian_Openings/A71_Benoni_Defense.pdf","library/group1/Complete Chess Opening Atlas - A00 to E99/A_Flank_and_Indian_Openings/A71_Benoni_Defense.pdf","117604","0ef81e9368d9a2427ce701959b322d690899c62fb441e6c6328888f9cb2847b7","git","117604","0ef81e9368d9a2427ce701959b322d690899c62fb441e6c6328888f9cb2847b7"
"chess5","group1/Complete Chess Opening Atlas - A00 to E99/A_Flank_and_Indian_Openings/A72_Benoni_Defense.pdf","library/group1/Complete Chess Opening Atlas - A00 to E99/A_Flank_and_Indian_Openings/A72_Benoni_Defense.pdf","117588","3e46292ae8cb54698ec3a3087d092d3d8f10195b0195c63f94a22eb943b2566d","git","117588","3e46292ae8cb54698ec3a3087d092d3d8f10195b0195c63f94a22eb943b2566d"
"chess5","group1/Complete Chess Opening Atlas - A00 to E99/A_Flank_and_Indian_Openings/A73_Benoni_Defense.pdf","library/group1/Complete Chess Opening Atlas - A00 to E99/A_Flank_and_Indian_Openings/A73_Benoni_Defense.pdf","117619","5d3ad8be2ce0c761c405ca8b9e7223251c1917ba2690d8ca7906b568c301c275","git","117619","5d3ad8be2ce0c761c405ca8b9e7223251c1917ba2690d8ca7906b568c301c275"
"chess5","group1/Complete Chess Opening Atlas - A00 to E99/A_Flank_and_Indian_Openings/A74_Benoni_Defense.pdf","library/group1/Complete Chess Opening Atlas - A00 to E99/A_Flank_and_Indian_Openings/A74_Benoni_Defense.pdf","117626","58d5e68e02bb997c8ffb8b67b8fe38fb3d3d1b4dd62f120b493219704fd2ba88","git","117626","58d5e68e02bb997c8ffb8b67b8fe38fb3d3d1b4dd62f120b493219704fd2ba88"
"chess5","group1/Complete Chess Opening Atlas - A00 to E99/A_Flank_and_Indian_Openings/A75_Benoni_Defense.pdf","library/group1/Complete Chess Opening Atlas - A00 to E99/A_Flank_and_Indian_Openings/A75_Benoni_Defense.pdf","117624","1fd03b9f47ee64afd9c6c91acd89c875cd5e7582f960b9b7fc6ba53da4fa54ab","git","117624","1fd03b9f47ee64afd9c6c91acd89c875cd5e7582f960b9b7fc6ba53da4fa54ab"
"chess5","group1/Complete Chess Opening Atlas - A00 to E99/A_Flank_and_Indian_Openings/A76_Benoni_Defense.pdf","library/group1/Complete Chess Opening Atlas - A00 to E99/A_Flank_and_Indian_Openings/A76_Benoni_Defense.pdf","117666","e9aaa0687e075d8db851229da8380e060595e758444e20cf936539ff912f6f4e","git","117666","e9aaa0687e075d8db851229da8380e060595e758444e20cf936539ff912f6f4e"
"chess5","group1/Complete Chess Opening Atlas - A00 to E99/A_Flank_and_Indian_Openings/A77_Benoni_Defense.pdf","library/group1/Complete Chess Opening Atlas - A00 to E99/A_Flank_and_Indian_Openings/A77_Benoni_Defense.pdf","117691","bedd74d39bd7a0df971e9a56de5e90afd53fad052f70e3d20778015b65737e2d","git","117691","bedd74d39bd7a0df971e9a56de5e90afd53fad052f70e3d20778015b65737e2d"
"chess5","group1/Complete Chess Opening Atlas - A00 to E99/A_Flank_and_Indian_Openings/A78_Benoni_Defense.pdf","library/group1/Complete Chess Opening Atlas - A00 to E99/A_Flank_and_Indian_Openings/A78_Benoni_Defense.pdf","117686","6d232d25669545b8b51e9930d458512e6deab430eb75d997422f3a42bb31b574","git","117686","6d232d25669545b8b51e9930d458512e6deab430eb75d997422f3a42bb31b574"
"chess5","group1/Complete Chess Opening Atlas - A00 to E99/A_Flank_and_Indian_Openings/A79_Benoni_Defense.pdf","library/group1/Complete Chess Opening Atlas - A00 to E99/A_Flank_and_Indian_Openings/A79_Benoni_Defense.pdf","117709","ae38715e0b6035b92ded264e9181491ad4a4f7d55bda05ae63c779da098363ef","git","117709","ae38715e0b6035b92ded264e9181491ad4a4f7d55bda05ae63c779da098363ef"
"chess5","group1/Complete Chess Opening Atlas - A00 to E99/A_Flank_and_Indian_Openings/A80_Dutch_Defense.pdf","library/group1/Complete Chess Opening Atlas - A00 to E99/A_Flank_and_Indian_Openings/A80_Dutch_Defense.pdf","121780","d943c214c6ea75d6f47b92de05e01f6b0d17df10fe2b21f10bcd3d0ae72165d4","git","121780","d943c214c6ea75d6f47b92de05e01f6b0d17df10fe2b21f10bcd3d0ae72165d4"
"chess5","group1/Complete Chess Opening Atlas - A00 to E99/A_Flank_and_Indian_Openings/A81_Dutch_Defense.pdf","library/group1/Complete Chess Opening Atlas - A00 to E99/A_Flank_and_Indian_Openings/A81_Dutch_Defense.pdf","117949","1839e838feb806a97400e39c58331fc03bf5078b05fb4ac685b30c336f846e0a","git","117949","1839e838feb806a97400e39c58331fc03bf5078b05fb4ac685b30c336f846e0a"
"chess5","group1/Complete Chess Opening Atlas - A00 to E99/A_Flank_and_Indian_Openings/A82_Dutch_Defense.pdf","library/group1/Complete Chess Opening Atlas - A00 to E99/A_Flank_and_Indian_Openings/A82_Dutch_Defense.pdf","118062","878437cf09f434aa3dd0d1da9df135c719e1db51f398768968cd17b098fdd5da","git","118062","878437cf09f434aa3dd0d1da9df135c719e1db51f398768968cd17b098fdd5da"
"chess5","group1/Complete Chess Opening Atlas - A00 to E99/A_Flank_and_Indian_Openings/A83_Dutch_Defense.pdf","library/group1/Complete Chess Opening Atlas - A00 to E99/A_Flank_and_Indian_Openings/A83_Dutch_Defense.pdf","118032","0cd102d0bd909dbe59357b72cb0614ddc47fbfa77f19dc2b8037dd497e331ac6","git","118032","0cd102d0bd909dbe59357b72cb0614ddc47fbfa77f19dc2b8037dd497e331ac6"
"chess5","group1/Complete Chess Opening Atlas - A00 to E99/A_Flank_and_Indian_Openings/A84_Dutch_Defense.pdf","library/group1/Complete Chess Opening Atlas - A00 to E99/A_Flank_and_Indian_Openings/A84_Dutch_Defense.pdf","118081","e2bfc2f789de3d66b395339c9d155ed7e6c8837a3d91b046746d8a30e1bde4b5","git","118081","e2bfc2f789de3d66b395339c9d155ed7e6c8837a3d91b046746d8a30e1bde4b5"
"chess5","group1/Complete Chess Opening Atlas - A00 to E99/A_Flank_and_Indian_Openings/A85_Dutch_Defense.pdf","library/group1/Complete Chess Opening Atlas - A00 to E99/A_Flank_and_Indian_Openings/A85_Dutch_Defense.pdf","117420","415aa4c60ca0863156a82ddfd1b415c776c2e5d03e26558093b647dc83b2ba44","git","117420","415aa4c60ca0863156a82ddfd1b415c776c2e5d03e26558093b647dc83b2ba44"
"chess5","group1/Complete Chess Opening Atlas - A00 to E99/A_Flank_and_Indian_Openings/A86_Dutch_Defense.pdf","library/group1/Complete Chess Opening Atlas - A00 to E99/A_Flank_and_Indian_Openings/A86_Dutch_Defense.pdf","117722","7df9fc57aa3af6cdd0c3532fdec7fc187cb365d7cbc6d92e2a0e645848241fcf","git","117722","7df9fc57aa3af6cdd0c3532fdec7fc187cb365d7cbc6d92e2a0e645848241fcf"
"chess5","group1/Complete Chess Opening Atlas - A00 to E99/A_Flank_and_Indian_Openings/A87_Dutch_Defense.pdf","library/group1/Complete Chess Opening Atlas - A00 to E99/A_Flank_and_Indian_Openings/A87_Dutch_Defense.pdf","117477","d68b275cf07c5be370d4bf26f7519538a37d75aaac303aadd6b94fb43c19b5b0","git","117477","d68b275cf07c5be370d4bf26f7519538a37d75aaac303aadd6b94fb43c19b5b0"
"chess5","group1/Complete Chess Opening Atlas - A00 to E99/A_Flank_and_Indian_Openings/A88_Dutch_Defense.pdf","library/group1/Complete Chess Opening Atlas - A00 to E99/A_Flank_and_Indian_Openings/A88_Dutch_Defense.pdf","117550","8dbb7760c5ae79475f74e7bed8c58f7fb0981e4cba12c2d2b5bdd5a9f61fcd6f","git","117550","8dbb7760c5ae79475f74e7bed8c58f7fb0981e4cba12c2d2b5bdd5a9f61fcd6f"
"chess5","group1/Complete Chess Opening Atlas - A00 to E99/A_Flank_and_Indian_Openings/A89_Dutch_Defense.pdf","library/group1/Complete Chess Opening Atlas - A00 to E99/A_Flank_and_Indian_Openings/A89_Dutch_Defense.pdf","117562","e7d21e10236e3de068939212f1cb3c91cfb27f8ab51b45bd9eadf201d5796cfb","git","117562","e7d21e10236e3de068939212f1cb3c91cfb27f8ab51b45bd9eadf201d5796cfb"
"chess5","group1/Complete Chess Opening Atlas - A00 to E99/A_Flank_and_Indian_Openings/A90_Dutch_Defense.pdf","library/group1/Complete Chess Opening Atlas - A00 to E99/A_Flank_and_Indian_Openings/A90_Dutch_Defense.pdf","117958","25fcd3a7bb3376aba6857d19b3887e4612eeb2fc8c924c3906e0bd86a8cd25dd","git","117958","25fcd3a7bb3376aba6857d19b3887e4612eeb2fc8c924c3906e0bd86a8cd25dd"
"chess5","group1/Complete Chess Opening Atlas - A00 to E99/A_Flank_and_Indian_Openings/A91_Dutch_Defense.pdf","library/group1/Complete Chess Opening Atlas - A00 to E99/A_Flank_and_Indian_Openings/A91_Dutch_Defense.pdf","117595","9f0be98edfb2936fda213329ca50531cea39ac79412d245820a204f9afbf3337","git","117595","9f0be98edfb2936fda213329ca50531cea39ac79412d245820a204f9afbf3337"
"chess5","group1/Complete Chess Opening Atlas - A00 to E99/A_Flank_and_Indian_Openings/A92_Dutch_Defense.pdf","library/group1/Complete Chess Opening Atlas - A00 to E99/A_Flank_and_Indian_Openings/A92_Dutch_Defense.pdf","117829","d95eeb893540407115c4f10c62bd6601792d3fb1749c057838e2dc45a5d8cdb0","git","117829","d95eeb893540407115c4f10c62bd6601792d3fb1749c057838e2dc45a5d8cdb0"
"chess5","group1/Complete Chess Opening Atlas - A00 to E99/A_Flank_and_Indian_Openings/A93_Dutch_Defense.pdf","library/group1/Complete Chess Opening Atlas - A00 to E99/A_Flank_and_Indian_Openings/A93_Dutch_Defense.pdf","117523","f2aca6502310f5245657872ef0290b01c6e3f0c80c5de82464bbe7e06c98f988","git","117523","f2aca6502310f5245657872ef0290b01c6e3f0c80c5de82464bbe7e06c98f988"
"chess5","group1/Complete Chess Opening Atlas - A00 to E99/A_Flank_and_Indian_Openings/A94_Dutch_Defense.pdf","library/group1/Complete Chess Opening Atlas - A00 to E99/A_Flank_and_Indian_Openings/A94_Dutch_Defense.pdf","117501","92a5c26b74a12e705ed46196e3c70aa30e0158b0a8a2c91f37bc3af8c14fe3f3","git","117501","92a5c26b74a12e705ed46196e3c70aa30e0158b0a8a2c91f37bc3af8c14fe3f3"
"chess5","group1/Complete Chess Opening Atlas - A00 to E99/A_Flank_and_Indian_Openings/A95_Dutch_Defense.pdf","library/group1/Complete Chess Opening Atlas - A00 to E99/A_Flank_and_Indian_Openings/A95_Dutch_Defense.pdf","117650","7679d556194b65c31039ac4de0d8268c1e41b8afa2886aeaa5a0a41d00296f2c","git","117650","7679d556194b65c31039ac4de0d8268c1e41b8afa2886aeaa5a0a41d00296f2c"
"chess5","group1/Complete Chess Opening Atlas - A00 to E99/A_Flank_and_Indian_Openings/A96_Dutch_Defense.pdf","library/group1/Complete Chess Opening Atlas - A00 to E99/A_Flank_and_Indian_Openings/A96_Dutch_Defense.pdf","117758","81a593b898f003e1539273a2945075c23fa6cbdec47917bec1fe7631baedbc1d","git","117758","81a593b898f003e1539273a2945075c23fa6cbdec47917bec1fe7631baedbc1d"
"chess5","group1/Complete Chess Opening Atlas - A00 to E99/A_Flank_and_Indian_Openings/A97_Dutch_Defense.pdf","library/group1/Complete Chess Opening Atlas - A00 to E99/A_Flank_and_Indian_Openings/A97_Dutch_Defense.pdf","117697","d6cce505e38ea61799b418b88932f1c2fc874be980871c9bc77f730c90a8eb14","git","117697","d6cce505e38ea61799b418b88932f1c2fc874be980871c9bc77f730c90a8eb14"
"chess5","group1/Complete Chess Opening Atlas - A00 to E99/A_Flank_and_Indian_Openings/A98_Dutch_Defense.pdf","library/group1/Complete Chess Opening Atlas - A00 to E99/A_Flank_and_Indian_Openings/A98_Dutch_Defense.pdf","117603","1333183dd6361d63c14ab47d9892d12c29fa9c1aafb7289a5f03269a87ebd6f5","git","117603","1333183dd6361d63c14ab47d9892d12c29fa9c1aafb7289a5f03269a87ebd6f5"
"chess5","group1/Complete Chess Opening Atlas - A00 to E99/A_Flank_and_Indian_Openings/A99_Dutch_Defense.pdf","library/group1/Complete Chess Opening Atlas - A00 to E99/A_Flank_and_Indian_Openings/A99_Dutch_Defense.pdf","117598","d97395e09d38e3c7f6a42f423c8e7abdc76b09aa44044f8067659e2bf8a834d2","git","117598","d97395e09d38e3c7f6a42f423c8e7abdc76b09aa44044f8067659e2bf8a834d2"
"chess5","group1/Complete Chess Opening Atlas - A00 to E99/ALL_3810_NAMED_OPENING_LINES.csv","library/group1/Complete Chess Opening Atlas - A00 to E99/ALL_3810_NAMED_OPENING_LINES.csv","643622","6b9fdaee14a6161e403bf012b0ae7aa84f78432a70889cd66c40fcd22c4375cb","git","643622","6b9fdaee14a6161e403bf012b0ae7aa84f78432a70889cd66c40fcd22c4375cb"
"chess5","group1/Complete Chess Opening Atlas - A00 to E99/ALL_3810_NAMED_OPENING_LINES.pgn","library/group1/Complete Chess Opening Atlas - A00 to E99/ALL_3810_NAMED_OPENING_LINES.pgn","1097493","d788a4ab6fe02dd578c6ed04782108c8bd2450fcd6a264d22803deb03261bc7e","git","1097493","d788a4ab6fe02dd578c6ed04782108c8bd2450fcd6a264d22803deb03261bc7e"
"chess5","group1/Complete Chess Opening Atlas - A00 to E99/B_Semi_Open_Games/B00_Uncommon_Kings_Pawn_Openings.pdf","library/group1/Complete Chess Opening Atlas - A00 to E99/B_Semi_Open_Games/B00_Uncommon_Kings_Pawn_Openings.pdf","137444","17fb43e20a8ae900d95ee1c4706a49e9738e182856190bb57834adb8f945f5ce","git","137444","17fb43e20a8ae900d95ee1c4706a49e9738e182856190bb57834adb8f945f5ce"
"chess5","group1/Complete Chess Opening Atlas - A00 to E99/B_Semi_Open_Games/B01_Scandinavian_Defense.pdf","library/group1/Complete Chess Opening Atlas - A00 to E99/B_Semi_Open_Games/B01_Scandinavian_Defense.pdf","128840","2da21f77f92aa02b315dba332cb0a61b3a86e5ad4e9d77d372dd77c5848dcbd4","git","128840","2da21f77f92aa02b315dba332cb0a61b3a86e5ad4e9d77d372dd77c5848dcbd4"
"chess5","group1/Complete Chess Opening Atlas - A00 to E99/B_Semi_Open_Games/B02_Alekhine_Defense.pdf","library/group1/Complete Chess Opening Atlas - A00 to E99/B_Semi_Open_Games/B02_Alekhine_Defense.pdf","123121","1493c68385370a67230eebc5a0b942ed251a38df031f7eb33ff5efdfec50b6c2","git","123121","1493c68385370a67230eebc5a0b942ed251a38df031f7eb33ff5efdfec50b6c2"
"chess5","group1/Complete Chess Opening Atlas - A00 to E99/B_Semi_Open_Games/B03_Alekhine_Defense.pdf","library/group1/Complete Chess Opening Atlas - A00 to E99/B_Semi_Open_Games/B03_Alekhine_Defense.pdf","120733","5655928d0185df987c3deb1ec645eeeca52945e2afc4b4925d3707ab34df83f5","git","120733","5655928d0185df987c3deb1ec645eeeca52945e2afc4b4925d3707ab34df83f5"
"chess5","group1/Complete Chess Opening Atlas - A00 to E99/B_Semi_Open_Games/B04_Alekhine_Defense.pdf","library/group1/Complete Chess Opening Atlas - A00 to E99/B_Semi_Open_Games/B04_Alekhine_Defense.pdf","118097","9e8f94312639d910631fbed7f5f2c5f64fe661170b0d3160c41951363a290d03","git","118097","9e8f94312639d910631fbed7f5f2c5f64fe661170b0d3160c41951363a290d03"
"chess5","group1/Complete Chess Opening Atlas - A00 to E99/B_Semi_Open_Games/B05_Alekhine_Defense.pdf","library/group1/Complete Chess Opening Atlas - A00 to E99/B_Semi_Open_Games/B05_Alekhine_Defense.pdf","117989","49b4f58ed22652765b81fffd0664d06913be0a4498f7478bfe605b1d97a07408","git","117989","49b4f58ed22652765b81fffd0664d06913be0a4498f7478bfe605b1d97a07408"
"chess5","group1/Complete Chess Opening Atlas - A00 to E99/B_Semi_Open_Games/B06_Modern_Defense.pdf","library/group1/Complete Chess Opening Atlas - A00 to E99/B_Semi_Open_Games/B06_Modern_Defense.pdf","127576","ad57f8786ef819a142bf6869a99bb1826df512a1ab7656e725f2b914b3bed579","git","127576","ad57f8786ef819a142bf6869a99bb1826df512a1ab7656e725f2b914b3bed579"
"chess5","group1/Complete Chess Opening Atlas - A00 to E99/B_Semi_Open_Games/B07_Pirc_Defense.pdf","library/group1/Complete Chess Opening Atlas - A00 to E99/B_Semi_Open_Games/B07_Pirc_Defense.pdf","120639","72ff1628969bbcb587af49fb00d5ddaff89bc4fac7965f0b70a0fb39bde793ea","git","120639","72ff1628969bbcb587af49fb00d5ddaff89bc4fac7965f0b70a0fb39bde793ea"
"chess5","group1/Complete Chess Opening Atlas - A00 to E99/B_Semi_Open_Games/B08_Pirc_Defense.pdf","library/group1/Complete Chess Opening Atlas - A00 to E99/B_Semi_Open_Games/B08_Pirc_Defense.pdf","118172","604efeab1f8d4246658aa7d60dcb2dcc883c905a30262b5bdf43cbe2f3aba6a0","git","118172","604efeab1f8d4246658aa7d60dcb2dcc883c905a30262b5bdf43cbe2f3aba6a0"
"chess5","group1/Complete Chess Opening Atlas - A00 to E99/B_Semi_Open_Games/B09_Pirc_Defense.pdf","library/group1/Complete Chess Opening Atlas - A00 to E99/B_Semi_Open_Games/B09_Pirc_Defense.pdf","118274","2feb833fda102626718fdffc311b33bc49f0562cde4bd29751e2dfe8341d1a5c","git","118274","2feb833fda102626718fdffc311b33bc49f0562cde4bd29751e2dfe8341d1a5c"
"chess5","group1/Complete Chess Opening Atlas - A00 to E99/B_Semi_Open_Games/B10_Caro_Kann_Defense.pdf","library/group1/Complete Chess Opening Atlas - A00 to E99/B_Semi_Open_Games/B10_Caro_Kann_Defense.pdf","124219","c9f5898f24d14979639efe603ec18fa9095ff063386ca2cec5ad499ac2cf140e","git","124219","c9f5898f24d14979639efe603ec18fa9095ff063386ca2cec5ad499ac2cf140e"
"chess5","group1/Complete Chess Opening Atlas - A00 to E99/B_Semi_Open_Games/B11_Caro_Kann_Defense.pdf","library/group1/Complete Chess Opening Atlas - A00 to E99/B_Semi_Open_Games/B11_Caro_Kann_Defense.pdf","117692","2e928daf56097d03fe528a144efa0ea63153fd6d459d5a451ba7464285bc48f9","git","117692","2e928daf56097d03fe528a144efa0ea63153fd6d459d5a451ba7464285bc48f9"
"chess5","group1/Complete Chess Opening Atlas - A00 to E99/B_Semi_Open_Games/B12_Caro_Kann_Defense.pdf","library/group1/Complete Chess Opening Atlas - A00 to E99/B_Semi_Open_Games/B12_Caro_Kann_Defense.pdf","122580","d115542e9eb425236ccd546d53b8de9f1244a826d374e811bca5b5e3065e18ce","git","122580","d115542e9eb425236ccd546d53b8de9f1244a826d374e811bca5b5e3065e18ce"
"chess5","group1/Complete Chess Opening Atlas - A00 to E99/B_Semi_Open_Games/B13_Caro_Kann_Defense.pdf","library/group1/Complete Chess Opening Atlas - A00 to E99/B_Semi_Open_Games/B13_Caro_Kann_Defense.pdf","120294","82edf2f2cf215f796ed03d6ae6884ee62eb87c089c6a0b813b58cbc8b897f214","git","120294","82edf2f2cf215f796ed03d6ae6884ee62eb87c089c6a0b813b58cbc8b897f214"
"chess5","group1/Complete Chess Opening Atlas - A00 to E99/B_Semi_Open_Games/B14_Caro_Kann_Defense.pdf","library/group1/Complete Chess Opening Atlas - A00 to E99/B_Semi_Open_Games/B14_Caro_Kann_Defense.pdf","118158","72e7e4f5df29a25d3cf43255602de71d8f2482bc3a1a83b8158e297c2e878cf7","git","118158","72e7e4f5df29a25d3cf43255602de71d8f2482bc3a1a83b8158e297c2e878cf7"
"chess5","group1/Complete Chess Opening Atlas - A00 to E99/B_Semi_Open_Games/B15_Caro_Kann_Defense.pdf","library/group1/Complete Chess Opening Atlas - A00 to E99/B_Semi_Open_Games/B15_Caro_Kann_Defense.pdf","120088","c5e3c0b08e875b91946d907ac3f7b801df5e1f022ab8e111ab9a007c176d42f7","git","120088","c5e3c0b08e875b91946d907ac3f7b801df5e1f022ab8e111ab9a007c176d42f7"
"chess5","group1/Complete Chess Opening Atlas - A00 to E99/B_Semi_Open_Games/B16_Caro_Kann_Defense.pdf","library/group1/Complete Chess Opening Atlas - A00 to E99/B_Semi_Open_Games/B16_Caro_Kann_Defense.pdf","117597","d08d61829120409c2d13d7a9058ac7d113fbb39ffe326a72f81252349cf07f43","git","117597","d08d61829120409c2d13d7a9058ac7d113fbb39ffe326a72f81252349cf07f43"
"chess5","group1/Complete Chess Opening Atlas - A00 to E99/B_Semi_Open_Games/B17_Caro_Kann_Defense.pdf","library/group1/Complete Chess Opening Atlas - A00 to E99/B_Semi_Open_Games/B17_Caro_Kann_Defense.pdf","118346","fe1df12a7366706981bb601503c2833bbb5822c75622128e0ab1dc3334fd17c5","git","118346","fe1df12a7366706981bb601503c2833bbb5822c75622128e0ab1dc3334fd17c5"
"chess5","group1/Complete Chess Opening Atlas - A00 to E99/B_Semi_Open_Games/B18_Caro_Kann_Defense.pdf","library/group1/Complete Chess Opening Atlas - A00 to E99/B_Semi_Open_Games/B18_Caro_Kann_Defense.pdf","118082","519e3f287664431f027f9b221303d8f1bd97f8d11cd772d4219be598967581bc","git","118082","519e3f287664431f027f9b221303d8f1bd97f8d11cd772d4219be598967581bc"
"chess5","group1/Complete Chess Opening Atlas - A00 to E99/B_Semi_Open_Games/B19_Caro_Kann_Defense.pdf","library/group1/Complete Chess Opening Atlas - A00 to E99/B_Semi_Open_Games/B19_Caro_Kann_Defense.pdf","117972","784a342e60eb94b863afdd42f6b852abb68c6a8bb181c21e88ad4e412f40e38d","git","117972","784a342e60eb94b863afdd42f6b852abb68c6a8bb181c21e88ad4e412f40e38d"
"chess5","group1/Complete Chess Opening Atlas - A00 to E99/B_Semi_Open_Games/B20_Sicilian_Defense.pdf","library/group1/Complete Chess Opening Atlas - A00 to E99/B_Semi_Open_Games/B20_Sicilian_Defense.pdf","122844","e2ae9a0f0f09adc0ffc46a7714fbbfb09ca1e3ae3c9f48c219cc93a80af84bab","git","122844","e2ae9a0f0f09adc0ffc46a7714fbbfb09ca1e3ae3c9f48c219cc93a80af84bab"
"chess5","group1/Complete Chess Opening Atlas - A00 to E99/B_Semi_Open_Games/B21_Sicilian_Defense.pdf","library/group1/Complete Chess Opening Atlas - A00 to E99/B_Semi_Open_Games/B21_Sicilian_Defense.pdf","126508","8163c787fe17c6090ba61043297a46b6e796c343ec65bdcc6e92ae8ea7ecd3e0","git","126508","8163c787fe17c6090ba61043297a46b6e796c343ec65bdcc6e92ae8ea7ecd3e0"
"chess5","group1/Complete Chess Opening Atlas - A00 to E99/B_Semi_Open_Games/B22_Sicilian_Defense.pdf","library/group1/Complete Chess Opening Atlas - A00 to E99/B_Semi_Open_Games/B22_Sicilian_Defense.pdf","120449","8e6c5d4435b91a2f40834b63ce3ab99d51560d84e1d1d16954e0a01a58be243c","git","120449","8e6c5d4435b91a2f40834b63ce3ab99d51560d84e1d1d16954e0a01a58be243c"
"chess5","group1/Complete Chess Opening Atlas - A00 to E99/B_Semi_Open_Games/B23_Sicilian_Defense.pdf","library/group1/Complete Chess Opening Atlas - A00 to E99/B_Semi_Open_Games/B23_Sicilian_Defense.pdf","119815","0f369e01dce26d9a80dbcfc7cbc3568952116af356a10f4503d0b6b8d799249d","git","119815","0f369e01dce26d9a80dbcfc7cbc3568952116af356a10f4503d0b6b8d799249d"
"chess5","group1/Complete Chess Opening Atlas - A00 to E99/B_Semi_Open_Games/B24_Sicilian_Defense.pdf","library/group1/Complete Chess Opening Atlas - A00 to E99/B_Semi_Open_Games/B24_Sicilian_Defense.pdf","117862","02f96dbdbd52818ff4abeceb43d5f4591385f500fc50e709020323432f294de2","git","117862","02f96dbdbd52818ff4abeceb43d5f4591385f500fc50e709020323432f294de2"
"chess5","group1/Complete Chess Opening Atlas - A00 to E99/B_Semi_Open_Games/B25_Sicilian_Defense.pdf","library/group1/Complete Chess Opening Atlas - A00 to E99/B_Semi_Open_Games/B25_Sicilian_Defense.pdf","118064","d0cd5821f8a2907a9853ff37355ec0566546fa9237ea58ccb0f08940e19e8baf","git","118064","d0cd5821f8a2907a9853ff37355ec0566546fa9237ea58ccb0f08940e19e8baf"
"chess5","group1/Complete Chess Opening Atlas - A00 to E99/B_Semi_Open_Games/B26_Sicilian_Defense.pdf","library/group1/Complete Chess Opening Atlas - A00 to E99/B_Semi_Open_Games/B26_Sicilian_Defense.pdf","117591","cd860f8994e958993cd8138ee2b708c33ae3a4c17bb535dfb4560ccbd314c878","git","117591","cd860f8994e958993cd8138ee2b708c33ae3a4c17bb535dfb4560ccbd314c878"
"chess5","group1/Complete Chess Opening Atlas - A00 to E99/B_Semi_Open_Games/B27_Sicilian_Defense.pdf","library/group1/Complete Chess Opening Atlas - A00 to E99/B_Semi_Open_Games/B27_Sicilian_Defense.pdf","122542","ac43094b11f51d3ca97ca24c624e8d3e31fb128467d7a8af4923e19eb9f8314b","git","122542","ac43094b11f51d3ca97ca24c624e8d3e31fb128467d7a8af4923e19eb9f8314b"
"chess5","group1/Complete Chess Opening Atlas - A00 to E99/B_Semi_Open_Games/B28_Sicilian_Defense.pdf","library/group1/Complete Chess Opening Atlas - A00 to E99/B_Semi_Open_Games/B28_Sicilian_Defense.pdf","122260","77cf403d662d95d4ec12ed497b6c660edd353ec6f3cdbc9bce184e061feb07e2","git","122260","77cf403d662d95d4ec12ed497b6c660edd353ec6f3cdbc9bce184e061feb07e2"
"chess5","group1/Complete Chess Opening Atlas - A00 to E99/B_Semi_Open_Games/B29_Sicilian_Defense.pdf","library/group1/Complete Chess Opening Atlas - A00 to E99/B_Semi_Open_Games/B29_Sicilian_Defense.pdf","118009","a4cbe189eae67be3ac6f3363b2bf0d38e202a5be5c7c4c688e6b6cba33725df4","git","118009","a4cbe189eae67be3ac6f3363b2bf0d38e202a5be5c7c4c688e6b6cba33725df4"
"chess5","group1/Complete Chess Opening Atlas - A00 to E99/B_Semi_Open_Games/B30_Sicilian_Defense.pdf","library/group1/Complete Chess Opening Atlas - A00 to E99/B_Semi_Open_Games/B30_Sicilian_Defense.pdf","118503","82efecf4ddcaed36cf2b686edaee4458a6c674975b1286ef4143de0b36284092","git","118503","82efecf4ddcaed36cf2b686edaee4458a6c674975b1286ef4143de0b36284092"
"chess5","group1/Complete Chess Opening Atlas - A00 to E99/B_Semi_Open_Games/B31_Sicilian_Defense.pdf","library/group1/Complete Chess Opening Atlas - A00 to E99/B_Semi_Open_Games/B31_Sicilian_Defense.pdf","118120","cf47d6f84ff3bb1aed7705233bc8df4b81ed10d193ed226a1c65a8218c67cead","git","118120","cf47d6f84ff3bb1aed7705233bc8df4b81ed10d193ed226a1c65a8218c67cead"
"chess5","group1/Complete Chess Opening Atlas - A00 to E99/B_Semi_Open_Games/B32_Sicilian_Defense.pdf","library/group1/Complete Chess Opening Atlas - A00 to E99/B_Semi_Open_Games/B32_Sicilian_Defense.pdf","120085","2adf961ae2c88c1498f1c3729d848ee196b01b488bf8a261fa8e491df3142c37","git","120085","2adf961ae2c88c1498f1c3729d848ee196b01b488bf8a261fa8e491df3142c37"
"chess5","group1/Complete Chess Opening Atlas - A00 to E99/B_Semi_Open_Games/B33_Sicilian_Defense.pdf","library/group1/Complete Chess Opening Atlas - A00 to E99/B_Semi_Open_Games/B33_Sicilian_Defense.pdf","119955","72838ce9b0b82f3f3308dfc8a4915ce25a18507c4a8f5bbeef06e30a0c837bec","git","119955","72838ce9b0b82f3f3308dfc8a4915ce25a18507c4a8f5bbeef06e30a0c837bec"
"chess5","group1/Complete Chess Opening Atlas - A00 to E99/B_Semi_Open_Games/B34_Sicilian_Defense.pdf","library/group1/Complete Chess Opening Atlas - A00 to E99/B_Semi_Open_Games/B34_Sicilian_Defense.pdf","117675","1f5a5f179fdb5e335013e1b2950379e5464adfd5e9457c2258b51159b7372ea2","git","117675","1f5a5f179fdb5e335013e1b2950379e5464adfd5e9457c2258b51159b7372ea2"
"chess5","group1/Complete Chess Opening Atlas - A00 to E99/B_Semi_Open_Games/B35_Sicilian_Defense.pdf","library/group1/Complete Chess Opening Atlas - A00 to E99/B_Semi_Open_Games/B35_Sicilian_Defense.pdf","117683","b89347c77994396e12f05f10f5c1481fad987dff1c6dd3da88106973e16a7ec7","git","117683","b89347c77994396e12f05f10f5c1481fad987dff1c6dd3da88106973e16a7ec7"
"chess5","group1/Complete Chess Opening Atlas - A00 to E99/B_Semi_Open_Games/B36_Sicilian_Defense.pdf","library/group1/Complete Chess Opening Atlas - A00 to E99/B_Semi_Open_Games/B36_Sicilian_Defense.pdf","118006","6d287e7a34ae21cba4a6997d33675fbd9738202087ab55fd3fe72e62ba131247","git","118006","6d287e7a34ae21cba4a6997d33675fbd9738202087ab55fd3fe72e62ba131247"
"chess5","group1/Complete Chess Opening Atlas - A00 to E99/B_Semi_Open_Games/B37_Sicilian_Defense.pdf","library/group1/Complete Chess Opening Atlas - A00 to E99/B_Semi_Open_Games/B37_Sicilian_Defense.pdf","117992","1b9c7e327447de7c34c6b0acf0bb9b425d633f3c003bd31abb404e71b8b321a2","git","117992","1b9c7e327447de7c34c6b0acf0bb9b425d633f3c003bd31abb404e71b8b321a2"
"chess5","group1/Complete Chess Opening Atlas - A00 to E99/B_Semi_Open_Games/B38_Sicilian_Defense.pdf","library/group1/Complete Chess Opening Atlas - A00 to E99/B_Semi_Open_Games/B38_Sicilian_Defense.pdf","117836","a192c5a80bc9f20095ab513607d5f7b9709f28791cb168c4a6bf9689bafdce6e","git","117836","a192c5a80bc9f20095ab513607d5f7b9709f28791cb168c4a6bf9689bafdce6e"
"chess5","group1/Complete Chess Opening Atlas - A00 to E99/B_Semi_Open_Games/B39_Sicilian_Defense.pdf","library/group1/Complete Chess Opening Atlas - A00 to E99/B_Semi_Open_Games/B39_Sicilian_Defense.pdf","117888","829fc9d59fe3da5a612f784a3401e69889661ac2118ff1e2c2cedadded2589a5","git","117888","829fc9d59fe3da5a612f784a3401e69889661ac2118ff1e2c2cedadded2589a5"
"chess5","group1/Complete Chess Opening Atlas - A00 to E99/B_Semi_Open_Games/B40_Sicilian_Defense.pdf","library/group1/Complete Chess Opening Atlas - A00 to E99/B_Semi_Open_Games/B40_Sicilian_Defense.pdf","120729","c714126e345dc4315562f99a14cbc24abfc52765f323cda174cd909d4e3dd931","git","120729","c714126e345dc4315562f99a14cbc24abfc52765f323cda174cd909d4e3dd931"
"chess5","group1/Complete Chess Opening Atlas - A00 to E99/B_Semi_Open_Games/B41_Sicilian_Defense.pdf","library/group1/Complete Chess Opening Atlas - A00 to E99/B_Semi_Open_Games/B41_Sicilian_Defense.pdf","118184","3fafbe4a80e19066504d09a16482b5b6dd467b785edc9e0e095d31c7b818b02d","git","118184","3fafbe4a80e19066504d09a16482b5b6dd467b785edc9e0e095d31c7b818b02d"
"chess5","group1/Complete Chess Opening Atlas - A00 to E99/B_Semi_Open_Games/B42_Sicilian_Defense.pdf","library/group1/Complete Chess Opening Atlas - A00 to E99/B_Semi_Open_Games/B42_Sicilian_Defense.pdf","117895","6cef99f186dd003b2aa4ec56d5792514a8139f00d70686dfac79853206095780","git","117895","6cef99f186dd003b2aa4ec56d5792514a8139f00d70686dfac79853206095780"
"chess5","group1/Complete Chess Opening Atlas - A00 to E99/B_Semi_Open_Games/B43_Sicilian_Defense.pdf","library/group1/Complete Chess Opening Atlas - A00 to E99/B_Semi_Open_Games/B43_Sicilian_Defense.pdf","117928","1b9a139f3f2678d947d55717316ecd18394f69638357d74a9f2d660c2e4e1da7","git","117928","1b9a139f3f2678d947d55717316ecd18394f69638357d74a9f2d660c2e4e1da7"
"chess5","group1/Complete Chess Opening Atlas - A00 to E99/B_Semi_Open_Games/B44_Sicilian_Defense.pdf","library/group1/Complete Chess Opening Atlas - A00 to E99/B_Semi_Open_Games/B44_Sicilian_Defense.pdf","118069","70df96f3706bb6aea1999d174ebc7c8edf1526a37229a69af5ac6703b1a79c0c","git","118069","70df96f3706bb6aea1999d174ebc7c8edf1526a37229a69af5ac6703b1a79c0c"
"chess5","group1/Complete Chess Opening Atlas - A00 to E99/B_Semi_Open_Games/B45_Sicilian_Defense.pdf","library/group1/Complete Chess Opening Atlas - A00 to E99/B_Semi_Open_Games/B45_Sicilian_Defense.pdf","118135","3d36f94d3358df3b0a650f8e22f88d6ffb8559ed3bbaefe25b8cadc623cb9bb6","git","118135","3d36f94d3358df3b0a650f8e22f88d6ffb8559ed3bbaefe25b8cadc623cb9bb6"
"chess5","group1/Complete Chess Opening Atlas - A00 to E99/B_Semi_Open_Games/B46_Sicilian_Defense.pdf","library/group1/Complete Chess Opening Atlas - A00 to E99/B_Semi_Open_Games/B46_Sicilian_Defense.pdf","117491","2a209efa200e0863d37af80b4b24c325154cd92359f4f6545ce832ebcbb8a0b5","git","117491","2a209efa200e0863d37af80b4b24c325154cd92359f4f6545ce832ebcbb8a0b5"
"chess5","group1/Complete Chess Opening Atlas - A00 to E99/B_Semi_Open_Games/B47_Sicilian_Defense.pdf","library/group1/Complete Chess Opening Atlas - A00 to E99/B_Semi_Open_Games/B47_Sicilian_Defense.pdf","117684","0ad38fc9dca8cd4f6627e4ecdb8d36fca1c71ce6e43d0cf04eb642cc39733ff8","git","117684","0ad38fc9dca8cd4f6627e4ecdb8d36fca1c71ce6e43d0cf04eb642cc39733ff8"
"chess5","group1/Complete Chess Opening Atlas - A00 to E99/B_Semi_Open_Games/B48_Sicilian_Defense.pdf","library/group1/Complete Chess Opening Atlas - A00 to E99/B_Semi_Open_Games/B48_Sicilian_Defense.pdf","117556","06ad8763afcf02a01d733cfce76b6c604f700daf12062960356ec1b4b02d1aa8","git","117556","06ad8763afcf02a01d733cfce76b6c604f700daf12062960356ec1b4b02d1aa8"
"chess5","group1/Complete Chess Opening Atlas - A00 to E99/B_Semi_Open_Games/B49_Sicilian_Defense.pdf","library/group1/Complete Chess Opening Atlas - A00 to E99/B_Semi_Open_Games/B49_Sicilian_Defense.pdf","117542","260b650909dde9e71300e9ba1e75711a0138fcd04eff7a9667e64fb4319bbf83","git","117542","260b650909dde9e71300e9ba1e75711a0138fcd04eff7a9667e64fb4319bbf83"
"chess5","group1/Complete Chess Opening Atlas - A00 to E99/B_Semi_Open_Games/B50_Sicilian_Defense.pdf","library/group1/Complete Chess Opening Atlas - A00 to E99/B_Semi_Open_Games/B50_Sicilian_Defense.pdf","120044","6ce7d758644fb8ab4ec88efec3eff5ec68b53d533a6960cc2c4d8db6403f6af1","git","120044","6ce7d758644fb8ab4ec88efec3eff5ec68b53d533a6960cc2c4d8db6403f6af1"
"chess5","group1/Complete Chess Opening Atlas - A00 to E99/B_Semi_Open_Games/B51_Sicilian_Defense.pdf","library/group1/Complete Chess Opening Atlas - A00 to E99/B_Semi_Open_Games/B51_Sicilian_Defense.pdf","117804","c0e2eacb8a94f4eaedc50867c1750e39558001ca225c146af28dd27970bbc29f","git","117804","c0e2eacb8a94f4eaedc50867c1750e39558001ca225c146af28dd27970bbc29f"
"chess5","group1/Complete Chess Opening Atlas - A00 to E99/B_Semi_Open_Games/B52_Sicilian_Defense.pdf","library/group1/Complete Chess Opening Atlas - A00 to E99/B_Semi_Open_Games/B52_Sicilian_Defense.pdf","117811","6c5ce9c1d27a6382ed0e0f94eb49ab54ba93bfbc7d9ec5a9866217bb34ea8224","git","117811","6c5ce9c1d27a6382ed0e0f94eb49ab54ba93bfbc7d9ec5a9866217bb34ea8224"
"chess5","group1/Complete Chess Opening Atlas - A00 to E99/B_Semi_Open_Games/B53_Sicilian_Defense.pdf","library/group1/Complete Chess Opening Atlas - A00 to E99/B_Semi_Open_Games/B53_Sicilian_Defense.pdf","117664","084d28cb321c2a6e02ecaad5cbba4ef759a0880251e5fae654108d99332a52f5","git","117664","084d28cb321c2a6e02ecaad5cbba4ef759a0880251e5fae654108d99332a52f5"
"chess5","group1/Complete Chess Opening Atlas - A00 to E99/B_Semi_Open_Games/B54_Sicilian_Defense.pdf","library/group1/Complete Chess Opening Atlas - A00 to E99/B_Semi_Open_Games/B54_Sicilian_Defense.pdf","117909","813cf528393caac036d381125b28b89338b148f6d764ac2d0c2cf096ea3b19c0","git","117909","813cf528393caac036d381125b28b89338b148f6d764ac2d0c2cf096ea3b19c0"
"chess5","group1/Complete Chess Opening Atlas - A00 to E99/B_Semi_Open_Games/B55_Sicilian_Defense.pdf","library/group1/Complete Chess Opening Atlas - A00 to E99/B_Semi_Open_Games/B55_Sicilian_Defense.pdf","117561","e0828c947473dec1af4c7a76386f9f050ac98389b298f48f5dd9c92bb34fdf9a","git","117561","e0828c947473dec1af4c7a76386f9f050ac98389b298f48f5dd9c92bb34fdf9a"
"chess5","group1/Complete Chess Opening Atlas - A00 to E99/B_Semi_Open_Games/B56_Sicilian_Defense.pdf","library/group1/Complete Chess Opening Atlas - A00 to E99/B_Semi_Open_Games/B56_Sicilian_Defense.pdf","118023","c2f53c9d81854a3bf68086bdbc9ef8c044da9f5c20750d62cabb01e3d614236b","git","118023","c2f53c9d81854a3bf68086bdbc9ef8c044da9f5c20750d62cabb01e3d614236b"
"chess5","group1/Complete Chess Opening Atlas - A00 to E99/B_Semi_Open_Games/B57_Sicilian_Defense.pdf","library/group1/Complete Chess Opening Atlas - A00 to E99/B_Semi_Open_Games/B57_Sicilian_Defense.pdf","117773","18ac2d31dda2cfdb39d3030571b080994ff12fe5578146788a5e350e22a0711e","git","117773","18ac2d31dda2cfdb39d3030571b080994ff12fe5578146788a5e350e22a0711e"
"chess5","group1/Complete Chess Opening Atlas - A00 to E99/B_Semi_Open_Games/B58_Sicilian_Defense.pdf","library/group1/Complete Chess Opening Atlas - A00 to E99/B_Semi_Open_Games/B58_Sicilian_Defense.pdf","117914","229101cc55a1da681013362b0106e8bbc4c178f32469b19384335f1ed4d00fa4","git","117914","229101cc55a1da681013362b0106e8bbc4c178f32469b19384335f1ed4d00fa4"
"chess5","group1/Complete Chess Opening Atlas - A00 to E99/B_Semi_Open_Games/B59_Sicilian_Defense.pdf","library/group1/Complete Chess Opening Atlas - A00 to E99/B_Semi_Open_Games/B59_Sicilian_Defense.pdf","117552","f618c0f116fded1839d7295e349ca20691b53a64574111815f6c039bf0ffebe6","git","117552","f618c0f116fded1839d7295e349ca20691b53a64574111815f6c039bf0ffebe6"
"chess5","group1/Complete Chess Opening Atlas - A00 to E99/B_Semi_Open_Games/B60_Sicilian_Defense.pdf","library/group1/Complete Chess Opening Atlas - A00 to E99/B_Semi_Open_Games/B60_Sicilian_Defense.pdf","117799","67b6830dcf95aa1defb00cc580cb346eca55e7b5b39b11e130e0497def070801","git","117799","67b6830dcf95aa1defb00cc580cb346eca55e7b5b39b11e130e0497def070801"
"chess5","group1/Complete Chess Opening Atlas - A00 to E99/B_Semi_Open_Games/B61_Sicilian_Defense.pdf","library/group1/Complete Chess Opening Atlas - A00 to E99/B_Semi_Open_Games/B61_Sicilian_Defense.pdf","117583","5b9cfdcff570ea33830f7be4335a9910e012f187d497454e8fc1e95fa08891bd","git","117583","5b9cfdcff570ea33830f7be4335a9910e012f187d497454e8fc1e95fa08891bd"
"chess5","group1/Complete Chess Opening Atlas - A00 to E99/B_Semi_Open_Games/B62_Sicilian_Defense.pdf","library/group1/Complete Chess Opening Atlas - A00 to E99/B_Semi_Open_Games/B62_Sicilian_Defense.pdf","118052","6f38194760e224e15bc71ae78cb1f0aa9b449fcf6b7ae9996fc5b293d850b3a6","git","118052","6f38194760e224e15bc71ae78cb1f0aa9b449fcf6b7ae9996fc5b293d850b3a6"
"chess5","group1/Complete Chess Opening Atlas - A00 to E99/B_Semi_Open_Games/B63_Sicilian_Defense.pdf","library/group1/Complete Chess Opening Atlas - A00 to E99/B_Semi_Open_Games/B63_Sicilian_Defense.pdf","117986","35f067aaed2e65fd6e1f8e51e3484ede1a852e3a01c51c3cb4cf6d331202c055","git","117986","35f067aaed2e65fd6e1f8e51e3484ede1a852e3a01c51c3cb4cf6d331202c055"
"chess5","group1/Complete Chess Opening Atlas - A00 to E99/B_Semi_Open_Games/B64_Sicilian_Defense.pdf","library/group1/Complete Chess Opening Atlas - A00 to E99/B_Semi_Open_Games/B64_Sicilian_Defense.pdf","117782","885888519052e0c6a0755d1734c12649e7ff2a9200b3e4f9f78cf10a6ae5047b","git","117782","885888519052e0c6a0755d1734c12649e7ff2a9200b3e4f9f78cf10a6ae5047b"
"chess5","group1/Complete Chess Opening Atlas - A00 to E99/B_Semi_Open_Games/B65_Sicilian_Defense.pdf","library/group1/Complete Chess Opening Atlas - A00 to E99/B_Semi_Open_Games/B65_Sicilian_Defense.pdf","117885","b79403c660ed059f4d92c4e400808c8440ea71d307ed475d689ad5b0bf250cca","git","117885","b79403c660ed059f4d92c4e400808c8440ea71d307ed475d689ad5b0bf250cca"
"chess5","group1/Complete Chess Opening Atlas - A00 to E99/B_Semi_Open_Games/B66_Sicilian_Defense.pdf","library/group1/Complete Chess Opening Atlas - A00 to E99/B_Semi_Open_Games/B66_Sicilian_Defense.pdf","117619","a8bfb011bfe1cc9f69459f3e38a49ad3e5e7c9488ccf88e4d741457208ee7719","git","117619","a8bfb011bfe1cc9f69459f3e38a49ad3e5e7c9488ccf88e4d741457208ee7719"
"chess5","group1/Complete Chess Opening Atlas - A00 to E99/B_Semi_Open_Games/B67_Sicilian_Defense.pdf","library/group1/Complete Chess Opening Atlas - A00 to E99/B_Semi_Open_Games/B67_Sicilian_Defense.pdf","117621","7bad6c637df688aedcacb0c6279bb4655bd4f4bf28a1082b4866e517a3116196","git","117621","7bad6c637df688aedcacb0c6279bb4655bd4f4bf28a1082b4866e517a3116196"
"chess5","group1/Complete Chess Opening Atlas - A00 to E99/B_Semi_Open_Games/B68_Sicilian_Defense.pdf","library/group1/Complete Chess Opening Atlas - A00 to E99/B_Semi_Open_Games/B68_Sicilian_Defense.pdf","117663","79fd74c491556ba57aad2e91b97ec150979eafe561a149e5447f8c40a8634e7d","git","117663","79fd74c491556ba57aad2e91b97ec150979eafe561a149e5447f8c40a8634e7d"
"chess5","group1/Complete Chess Opening Atlas - A00 to E99/B_Semi_Open_Games/B69_Sicilian_Defense.pdf","library/group1/Complete Chess Opening Atlas - A00 to E99/B_Semi_Open_Games/B69_Sicilian_Defense.pdf","117806","0342dae8d139ff984a893ddc531788f947b407e0a5bf259ad669abe35414f9ee","git","117806","0342dae8d139ff984a893ddc531788f947b407e0a5bf259ad669abe35414f9ee"
"chess5","group1/Complete Chess Opening Atlas - A00 to E99/B_Semi_Open_Games/B70_Sicilian_Defense.pdf","library/group1/Complete Chess Opening Atlas - A00 to E99/B_Semi_Open_Games/B70_Sicilian_Defense.pdf","117766","9c6d0ebd433fc1194af8ebda3e0c7bf8328de8bba212691c27d98387e9e00fa1","git","117766","9c6d0ebd433fc1194af8ebda3e0c7bf8328de8bba212691c27d98387e9e00fa1"
"chess5","group1/Complete Chess Opening Atlas - A00 to E99/B_Semi_Open_Games/B71_Sicilian_Defense.pdf","library/group1/Complete Chess Opening Atlas - A00 to E99/B_Semi_Open_Games/B71_Sicilian_Defense.pdf","117685","10e404964eab17610213ae8067ed82de516f065943da9dc124814d03a8f79631","git","117685","10e404964eab17610213ae8067ed82de516f065943da9dc124814d03a8f79631"
"chess5","group1/Complete Chess Opening Atlas - A00 to E99/B_Semi_Open_Games/B72_Sicilian_Defense.pdf","library/group1/Complete Chess Opening Atlas - A00 to E99/B_Semi_Open_Games/B72_Sicilian_Defense.pdf","118140","0ad918bdec159bd6a51d3f42a1dcbadf7838f433761954444ca7af1b48969210","git","118140","0ad918bdec159bd6a51d3f42a1dcbadf7838f433761954444ca7af1b48969210"
"chess5","group1/Complete Chess Opening Atlas - A00 to E99/B_Semi_Open_Games/B73_Sicilian_Defense.pdf","library/group1/Complete Chess Opening Atlas - A00 to E99/B_Semi_Open_Games/B73_Sicilian_Defense.pdf","117871","612d26d63233780be8259154c0a8daeabab5bc896d9ca4a5331394ec4eb90ba0","git","117871","612d26d63233780be8259154c0a8daeabab5bc896d9ca4a5331394ec4eb90ba0"
"chess5","group1/Complete Chess Opening Atlas - A00 to E99/B_Semi_Open_Games/B74_Sicilian_Defense.pdf","library/group1/Complete Chess Opening Atlas - A00 to E99/B_Semi_Open_Games/B74_Sicilian_Defense.pdf","118649","ca4121c0a3ba2888891d4a92a7fabfd1e9b2b840d544bf0412737474ec26ae99","git","118649","ca4121c0a3ba2888891d4a92a7fabfd1e9b2b840d544bf0412737474ec26ae99"
"chess5","group1/Complete Chess Opening Atlas - A00 to E99/B_Semi_Open_Games/B75_Sicilian_Defense.pdf","library/group1/Complete Chess Opening Atlas - A00 to E99/B_Semi_Open_Games/B75_Sicilian_Defense.pdf","117846","0033afa38339306e798dbb72374a901342f17dbabf2dddadbd135197375933aa","git","117846","0033afa38339306e798dbb72374a901342f17dbabf2dddadbd135197375933aa"
"chess5","group1/Complete Chess Opening Atlas - A00 to E99/B_Semi_Open_Games/B76_Sicilian_Defense.pdf","library/group1/Complete Chess Opening Atlas - A00 to E99/B_Semi_Open_Games/B76_Sicilian_Defense.pdf","117921","3659162155733a8625013807a11f0bb50f7aeb2b71526e855b0b04270c6b545b","git","117921","3659162155733a8625013807a11f0bb50f7aeb2b71526e855b0b04270c6b545b"
"chess5","group1/Complete Chess Opening Atlas - A00 to E99/B_Semi_Open_Games/B77_Sicilian_Defense.pdf","library/group1/Complete Chess Opening Atlas - A00 to E99/B_Semi_Open_Games/B77_Sicilian_Defense.pdf","118310","9db6b7b7fbf7f9a5cdcbc478e812004f47323a9e234be97a13a1b472761d4205","git","118310","9db6b7b7fbf7f9a5cdcbc478e812004f47323a9e234be97a13a1b472761d4205"
"chess5","group1/Complete Chess Opening Atlas - A00 to E99/B_Semi_Open_Games/B78_Sicilian_Defense.pdf","library/group1/Complete Chess Opening Atlas - A00 to E99/B_Semi_Open_Games/B78_Sicilian_Defense.pdf","118036","b73f837d6771e635db496ef8a4e6678f962ab080d9903fe41c7f7e61b654ecca","git","118036","b73f837d6771e635db496ef8a4e6678f962ab080d9903fe41c7f7e61b654ecca"
"chess5","group1/Complete Chess Opening Atlas - A00 to E99/B_Semi_Open_Games/B79_Sicilian_Defense.pdf","library/group1/Complete Chess Opening Atlas - A00 to E99/B_Semi_Open_Games/B79_Sicilian_Defense.pdf","117831","49cea068843ec8bc7fc93a9b01dcdf65039eb9f51daa15b67ca31495206950b5","git","117831","49cea068843ec8bc7fc93a9b01dcdf65039eb9f51daa15b67ca31495206950b5"
"chess5","group1/Complete Chess Opening Atlas - A00 to E99/B_Semi_Open_Games/B80_Sicilian_Defense.pdf","library/group1/Complete Chess Opening Atlas - A00 to E99/B_Semi_Open_Games/B80_Sicilian_Defense.pdf","117927","909eb4dd73ee1eac3b6e1f13c5095c9b3ccd6814453daab7b92dd063ea475853","git","117927","909eb4dd73ee1eac3b6e1f13c5095c9b3ccd6814453daab7b92dd063ea475853"
"chess5","group1/Complete Chess Opening Atlas - A00 to E99/B_Semi_Open_Games/B81_Sicilian_Defense.pdf","library/group1/Complete Chess Opening Atlas - A00 to E99/B_Semi_Open_Games/B81_Sicilian_Defense.pdf","117531","01a149724e811e3fa9c04f97be5ff1da90441f0fb66a84c6adf15364e3be8a8f","git","117531","01a149724e811e3fa9c04f97be5ff1da90441f0fb66a84c6adf15364e3be8a8f"
"chess5","group1/Complete Chess Opening Atlas - A00 to E99/B_Semi_Open_Games/B82_Sicilian_Defense.pdf","library/group1/Complete Chess Opening Atlas - A00 to E99/B_Semi_Open_Games/B82_Sicilian_Defense.pdf","117721","d5a0b5b4c82d12988850b83b069369c9aa3e594c4e9bfeb9f0a4194204e58637","git","117721","d5a0b5b4c82d12988850b83b069369c9aa3e594c4e9bfeb9f0a4194204e58637"
"chess5","group1/Complete Chess Opening Atlas - A00 to E99/B_Semi_Open_Games/B83_Sicilian_Defense.pdf","library/group1/Complete Chess Opening Atlas - A00 to E99/B_Semi_Open_Games/B83_Sicilian_Defense.pdf","117927","faca60eefcf415fa683ba6716668b005cf269a3d5d18b4f94bd5645807ac17cb","git","117927","faca60eefcf415fa683ba6716668b005cf269a3d5d18b4f94bd5645807ac17cb"
"chess5","group1/Complete Chess Opening Atlas - A00 to E99/B_Semi_Open_Games/B84_Sicilian_Defense.pdf","library/group1/Complete Chess Opening Atlas - A00 to E99/B_Semi_Open_Games/B84_Sicilian_Defense.pdf","117825","ddc00b3ab0ca89b0af8f3327417fd4502e1af9b874734e2c6b6aac56a0c29233","git","117825","ddc00b3ab0ca89b0af8f3327417fd4502e1af9b874734e2c6b6aac56a0c29233"
"chess5","group1/Complete Chess Opening Atlas - A00 to E99/B_Semi_Open_Games/B85_Sicilian_Defense.pdf","library/group1/Complete Chess Opening Atlas - A00 to E99/B_Semi_Open_Games/B85_Sicilian_Defense.pdf","118012","c1d6327064e76f64552ca88b62b29ace003b6d671b760cfb813788fa21cc2bb5","git","118012","c1d6327064e76f64552ca88b62b29ace003b6d671b760cfb813788fa21cc2bb5"
"chess5","group1/Complete Chess Opening Atlas - A00 to E99/B_Semi_Open_Games/B86_Sicilian_Defense.pdf","library/group1/Complete Chess Opening Atlas - A00 to E99/B_Semi_Open_Games/B86_Sicilian_Defense.pdf","117500","9840121218480bb3f7239cb1b3e01d037870b8fb5ec120e433963f9713592c76","git","117500","9840121218480bb3f7239cb1b3e01d037870b8fb5ec120e433963f9713592c76"
"chess5","group1/Complete Chess Opening Atlas - A00 to E99/B_Semi_Open_Games/B87_Sicilian_Defense.pdf","library/group1/Complete Chess Opening Atlas - A00 to E99/B_Semi_Open_Games/B87_Sicilian_Defense.pdf","117554","e2583896c264f4e10ce370c06359fd80e6fa8d995ec5d397ee269894832df21c","git","117554","e2583896c264f4e10ce370c06359fd80e6fa8d995ec5d397ee269894832df21c"
"chess5","group1/Complete Chess Opening Atlas - A00 to E99/B_Semi_Open_Games/B88_Sicilian_Defense.pdf","library/group1/Complete Chess Opening Atlas - A00 to E99/B_Semi_Open_Games/B88_Sicilian_Defense.pdf","117735","6d2c121317d1bfca89d39bff84f59dad8b914ae0ca392a7c9d25937799c2ceda","git","117735","6d2c121317d1bfca89d39bff84f59dad8b914ae0ca392a7c9d25937799c2ceda"
"chess5","group1/Complete Chess Opening Atlas - A00 to E99/B_Semi_Open_Games/B89_Sicilian_Defense.pdf","library/group1/Complete Chess Opening Atlas - A00 to E99/B_Semi_Open_Games/B89_Sicilian_Defense.pdf","117863","8d09d3b7d6a142c1910af2fd5e099b6348ddeb22942f006efc4735213b000198","git","117863","8d09d3b7d6a142c1910af2fd5e099b6348ddeb22942f006efc4735213b000198"
"chess5","group1/Complete Chess Opening Atlas - A00 to E99/B_Semi_Open_Games/B90_Sicilian_Defense.pdf","library/group1/Complete Chess Opening Atlas - A00 to E99/B_Semi_Open_Games/B90_Sicilian_Defense.pdf","120487","2f8c7ec81923001a9dbc5e949bf2675fde5160f132e0e85720fe195ca07ac099","git","120487","2f8c7ec81923001a9dbc5e949bf2675fde5160f132e0e85720fe195ca07ac099"
"chess5","group1/Complete Chess Opening Atlas - A00 to E99/B_Semi_Open_Games/B91_Sicilian_Defense.pdf","library/group1/Complete Chess Opening Atlas - A00 to E99/B_Semi_Open_Games/B91_Sicilian_Defense.pdf","117537","9c271047fe4f47bd7a5a9389282fa4b09930408e04b910c768d80fd89f7ec660","git","117537","9c271047fe4f47bd7a5a9389282fa4b09930408e04b910c768d80fd89f7ec660"
"chess5","group1/Complete Chess Opening Atlas - A00 to E99/B_Semi_Open_Games/B92_Sicilian_Defense.pdf","library/group1/Complete Chess Opening Atlas - A00 to E99/B_Semi_Open_Games/B92_Sicilian_Defense.pdf","117956","4aeb6e1f008c685079ad8d4178af19cd69fc1c7818eae5a3bd34b250beed3c94","git","117956","4aeb6e1f008c685079ad8d4178af19cd69fc1c7818eae5a3bd34b250beed3c94"
"chess5","group1/Complete Chess Opening Atlas - A00 to E99/B_Semi_Open_Games/B93_Sicilian_Defense.pdf","library/group1/Complete Chess Opening Atlas - A00 to E99/B_Semi_Open_Games/B93_Sicilian_Defense.pdf","117530","56d143f3203300c226579ce8fcce1f40294913c73e355b0a4a2a18041a3d256d","git","117530","56d143f3203300c226579ce8fcce1f40294913c73e355b0a4a2a18041a3d256d"
"chess5","group1/Complete Chess Opening Atlas - A00 to E99/B_Semi_Open_Games/B94_Sicilian_Defense.pdf","library/group1/Complete Chess Opening Atlas - A00 to E99/B_Semi_Open_Games/B94_Sicilian_Defense.pdf","117720","07de4883ae022c5c12c446fbcbf0ac2b12fc93df69f62b0fb82d03a7123d82b8","git","117720","07de4883ae022c5c12c446fbcbf0ac2b12fc93df69f62b0fb82d03a7123d82b8"
"chess5","group1/Complete Chess Opening Atlas - A00 to E99/B_Semi_Open_Games/B95_Sicilian_Defense.pdf","library/group1/Complete Chess Opening Atlas - A00 to E99/B_Semi_Open_Games/B95_Sicilian_Defense.pdf","117531","86877b89a597630e3c7f5c20c27d99b9c5108f588223a7e7874c263027cdd2f7","git","117531","86877b89a597630e3c7f5c20c27d99b9c5108f588223a7e7874c263027cdd2f7"
"chess5","group1/Complete Chess Opening Atlas - A00 to E99/B_Semi_Open_Games/B96_Sicilian_Defense.pdf","library/group1/Complete Chess Opening Atlas - A00 to E99/B_Semi_Open_Games/B96_Sicilian_Defense.pdf","117965","eb14962c04f2f23623d256b5e43828a6517611f1d2c7f8697c145f6d9e3a6920","git","117965","eb14962c04f2f23623d256b5e43828a6517611f1d2c7f8697c145f6d9e3a6920"
"chess5","group1/Complete Chess Opening Atlas - A00 to E99/B_Semi_Open_Games/B97_Sicilian_Defense.pdf","library/group1/Complete Chess Opening Atlas - A00 to E99/B_Semi_Open_Games/B97_Sicilian_Defense.pdf","117742","f7ef29862b114202540e809f74760aa26fda5c1e8f9d4bf0561db206604380e7","git","117742","f7ef29862b114202540e809f74760aa26fda5c1e8f9d4bf0561db206604380e7"
"chess5","group1/Complete Chess Opening Atlas - A00 to E99/B_Semi_Open_Games/B98_Sicilian_Defense.pdf","library/group1/Complete Chess Opening Atlas - A00 to E99/B_Semi_Open_Games/B98_Sicilian_Defense.pdf","117955","6b50ba86a91ddb195553f979f016d97ecb51b9431d6f99166f2e476aaa05cb3f","git","117955","6b50ba86a91ddb195553f979f016d97ecb51b9431d6f99166f2e476aaa05cb3f"
"chess5","group1/Complete Chess Opening Atlas - A00 to E99/B_Semi_Open_Games/B99_Sicilian_Defense.pdf","library/group1/Complete Chess Opening Atlas - A00 to E99/B_Semi_Open_Games/B99_Sicilian_Defense.pdf","117657","ed47c894327d449e1160f0da0d8ce193294c04563fa858f471869c67cde2e92c","git","117657","ed47c894327d449e1160f0da0d8ce193294c04563fa858f471869c67cde2e92c"
"chess5","group1/Complete Chess Opening Atlas - A00 to E99/C_Open_Games_and_French/C00_French_Defense_and_Early_e4_e6_Deviations.pdf","library/group1/Complete Chess Opening Atlas - A00 to E99/C_Open_Games_and_French/C00_French_Defense_and_Early_e4_e6_Deviations.pdf","127400","f686e5801db7f91caed086787feea2b8caa3c08eeb3c4fbc68cd8af7df5d7c70","git","127400","f686e5801db7f91caed086787feea2b8caa3c08eeb3c4fbc68cd8af7df5d7c70"
"chess5","group1/Complete Chess Opening Atlas - A00 to E99/C_Open_Games_and_French/C01_French_Defense.pdf","library/group1/Complete Chess Opening Atlas - A00 to E99/C_Open_Games_and_French/C01_French_Defense.pdf","118125","a5b812c5d14e2cb287b3b24bab44ba3c3da6a38e0d9d5fc77f84b87ab8a38a84","git","118125","a5b812c5d14e2cb287b3b24bab44ba3c3da6a38e0d9d5fc77f84b87ab8a38a84"
"chess5","group1/Complete Chess Opening Atlas - A00 to E99/C_Open_Games_and_French/C02_French_Defense.pdf","library/group1/Complete Chess Opening Atlas - A00 to E99/C_Open_Games_and_French/C02_French_Defense.pdf","122685","53ce0e2eb44f1fcf77fe88e1a1ebfa0bf0cc82e964beb7fc8540ffb24c241e66","git","122685","53ce0e2eb44f1fcf77fe88e1a1ebfa0bf0cc82e964beb7fc8540ffb24c241e66"
"chess5","group1/Complete Chess Opening Atlas - A00 to E99/C_Open_Games_and_French/C03_French_Defense.pdf","library/group1/Complete Chess Opening Atlas - A00 to E99/C_Open_Games_and_French/C03_French_Defense.pdf","118156","7b07d11ce27a112d39ba29564419c00d1ae107dd0cea52bfee67bb21def7d5b8","git","118156","7b07d11ce27a112d39ba29564419c00d1ae107dd0cea52bfee67bb21def7d5b8"
"chess5","group1/Complete Chess Opening Atlas - A00 to E99/C_Open_Games_and_French/C04_French_Defense.pdf","library/group1/Complete Chess Opening Atlas - A00 to E99/C_Open_Games_and_French/C04_French_Defense.pdf","117612","80bb9680a400fac9e025c9029ec2671e23a89098a211ecacc95601046279b755","git","117612","80bb9680a400fac9e025c9029ec2671e23a89098a211ecacc95601046279b755"
"chess5","group1/Complete Chess Opening Atlas - A00 to E99/C_Open_Games_and_French/C05_French_Defense.pdf","library/group1/Complete Chess Opening Atlas - A00 to E99/C_Open_Games_and_French/C05_French_Defense.pdf","117966","756161fa1492bec0ae2d1fa2e27c4c1dbbe8bd614ed55cda46ef96d76c85575a","git","117966","756161fa1492bec0ae2d1fa2e27c4c1dbbe8bd614ed55cda46ef96d76c85575a"
"chess5","group1/Complete Chess Opening Atlas - A00 to E99/C_Open_Games_and_French/C06_French_Defense.pdf","library/group1/Complete Chess Opening Atlas - A00 to E99/C_Open_Games_and_French/C06_French_Defense.pdf","117790","3fab7672c41e0c13b2588378faaa8f035c5f029b430ba72e4878c151d43c0ad0","git","117790","3fab7672c41e0c13b2588378faaa8f035c5f029b430ba72e4878c151d43c0ad0"
"chess5","group1/Complete Chess Opening Atlas - A00 to E99/C_Open_Games_and_French/C07_French_Defense.pdf","library/group1/Complete Chess Opening Atlas - A00 to E99/C_Open_Games_and_French/C07_French_Defense.pdf","118495","6caa286e6a425632f66af733bee459d41354878555cf7e871322e1ab54729c0c","git","118495","6caa286e6a425632f66af733bee459d41354878555cf7e871322e1ab54729c0c"
"chess5","group1/Complete Chess Opening Atlas - A00 to E99/C_Open_Games_and_French/C08_French_Defense.pdf","library/group1/Complete Chess Opening Atlas - A00 to E99/C_Open_Games_and_French/C08_French_Defense.pdf","117692","10cfadcad314963edfe4bf31ea5904415f8aeb805cac201cb5193ae7b2e5c7a3","git","117692","10cfadcad314963edfe4bf31ea5904415f8aeb805cac201cb5193ae7b2e5c7a3"
"chess5","group1/Complete Chess Opening Atlas - A00 to E99/C_Open_Games_and_French/C09_French_Defense.pdf","library/group1/Complete Chess Opening Atlas - A00 to E99/C_Open_Games_and_French/C09_French_Defense.pdf","117760","dc98d5291fb8c912c8fbd0accaf18ce512f0ff5ca11acf331273c7417befab08","git","117760","dc98d5291fb8c912c8fbd0accaf18ce512f0ff5ca11acf331273c7417befab08"
"chess5","group1/Complete Chess Opening Atlas - A00 to E99/C_Open_Games_and_French/C10_French_Defense.pdf","library/group1/Complete Chess Opening Atlas - A00 to E99/C_Open_Games_and_French/C10_French_Defense.pdf","119937","0befbff81ec20301754b967d6b040e21078db45d9e8ff4c8457a2a31c4ae5675","git","119937","0befbff81ec20301754b967d6b040e21078db45d9e8ff4c8457a2a31c4ae5675"
"chess5","group1/Complete Chess Opening Atlas - A00 to E99/C_Open_Games_and_French/C11_French_Defense.pdf","library/group1/Complete Chess Opening Atlas - A00 to E99/C_Open_Games_and_French/C11_French_Defense.pdf","122000","32bf1acc0e5e243e907c7b4f2ef9407eb99b6434523c2f2d26659a963c1dcc98","git","122000","32bf1acc0e5e243e907c7b4f2ef9407eb99b6434523c2f2d26659a963c1dcc98"
"chess5","group1/Complete Chess Opening Atlas - A00 to E99/C_Open_Games_and_French/C12_French_Defense.pdf","library/group1/Complete Chess Opening Atlas - A00 to E99/C_Open_Games_and_French/C12_French_Defense.pdf","120242","fddc52ec14b9c18d7951413b1bd0909329783c846775d8aa040cc2e37b2fd315","git","120242","fddc52ec14b9c18d7951413b1bd0909329783c846775d8aa040cc2e37b2fd315"
"chess5","group1/Complete Chess Opening Atlas - A00 to E99/C_Open_Games_and_French/C13_French_Defense.pdf","library/group1/Complete Chess Opening Atlas - A00 to E99/C_Open_Games_and_French/C13_French_Defense.pdf","120310","0bcb48928f36e0f586c6dfcf70deb319a559566ab874051767a3146f4319c920","git","120310","0bcb48928f36e0f586c6dfcf70deb319a559566ab874051767a3146f4319c920"
"chess5","group1/Complete Chess Opening Atlas - A00 to E99/C_Open_Games_and_French/C14_French_Defense.pdf","library/group1/Complete Chess Opening Atlas - A00 to E99/C_Open_Games_and_French/C14_French_Defense.pdf","118423","034f09a2b0c00cef5dccd770a2389bc329cc4c94d586a770733595652eea1889","git","118423","034f09a2b0c00cef5dccd770a2389bc329cc4c94d586a770733595652eea1889"
"chess5","group1/Complete Chess Opening Atlas - A00 to E99/C_Open_Games_and_French/C15_French_Defense.pdf","library/group1/Complete Chess Opening Atlas - A00 to E99/C_Open_Games_and_French/C15_French_Defense.pdf","120580","ddbebb5f71dca0872d702c35b044450d9345c9889ffd5e49ae53a2dac829aa42","git","120580","ddbebb5f71dca0872d702c35b044450d9345c9889ffd5e49ae53a2dac829aa42"
"chess5","group1/Complete Chess Opening Atlas - A00 to E99/C_Open_Games_and_French/C16_French_Defense.pdf","library/group1/Complete Chess Opening Atlas - A00 to E99/C_Open_Games_and_French/C16_French_Defense.pdf","117735","c060ba79ca095a55e05a70fd70996d73e40f0036957801661eb2e4f4147d2f24","git","117735","c060ba79ca095a55e05a70fd70996d73e40f0036957801661eb2e4f4147d2f24"
"chess5","group1/Complete Chess Opening Atlas - A00 to E99/C_Open_Games_and_French/C17_French_Defense.pdf","library/group1/Complete Chess Opening Atlas - A00 to E99/C_Open_Games_and_French/C17_French_Defense.pdf","118683","d83d2e8b6c6e31dbb5672677d22c63061f186b2e3f1d73946bcde671bab63842","git","118683","d83d2e8b6c6e31dbb5672677d22c63061f186b2e3f1d73946bcde671bab63842"
"chess5","group1/Complete Chess Opening Atlas - A00 to E99/C_Open_Games_and_French/C18_French_Defense.pdf","library/group1/Complete Chess Opening Atlas - A00 to E99/C_Open_Games_and_French/C18_French_Defense.pdf","120514","2f1dc7abe6e0be860bc6ec9897c43070a4986964a49528b6b160c7430584534e","git","120514","2f1dc7abe6e0be860bc6ec9897c43070a4986964a49528b6b160c7430584534e"
"chess5","group1/Complete Chess Opening Atlas - A00 to E99/C_Open_Games_and_French/C19_French_Defense.pdf","library/group1/Complete Chess Opening Atlas - A00 to E99/C_Open_Games_and_French/C19_French_Defense.pdf","120262","7b07256d901dd02330258b9b62e6fae6e804d2c13ceb3244875112ff2fe0b3a1","git","120262","7b07256d901dd02330258b9b62e6fae6e804d2c13ceb3244875112ff2fe0b3a1"
"chess5","group1/Complete Chess Opening Atlas - A00 to E99/C_Open_Games_and_French/C20_Kings_Pawn_Game.pdf","library/group1/Complete Chess Opening Atlas - A00 to E99/C_Open_Games_and_French/C20_Kings_Pawn_Game.pdf","124399","4b1986e4a4620d9c40d061331c5b0eed4799eedc819130e377fe00f822ecde0e","git","124399","4b1986e4a4620d9c40d061331c5b0eed4799eedc819130e377fe00f822ecde0e"
"chess5","group1/Complete Chess Opening Atlas - A00 to E99/C_Open_Games_and_French/C21_Center_Game.pdf","library/group1/Complete Chess Opening Atlas - A00 to E99/C_Open_Games_and_French/C21_Center_Game.pdf","121955","afd8bd2340c43394e3351623b7591af8f0d27728728afd668b512ea01608c466","git","121955","afd8bd2340c43394e3351623b7591af8f0d27728728afd668b512ea01608c466"
"chess5","group1/Complete Chess Opening Atlas - A00 to E99/C_Open_Games_and_French/C22_Center_Game.pdf","library/group1/Complete Chess Opening Atlas - A00 to E99/C_Open_Games_and_French/C22_Center_Game.pdf","118219","150319b6a19f50cdc3d795f86a4c04e6ebf74f565a4a6e33ff624572d93cd599","git","118219","150319b6a19f50cdc3d795f86a4c04e6ebf74f565a4a6e33ff624572d93cd599"
"chess5","group1/Complete Chess Opening Atlas - A00 to E99/C_Open_Games_and_French/C23_Bishops_Opening.pdf","library/group1/Complete Chess Opening Atlas - A00 to E99/C_Open_Games_and_French/C23_Bishops_Opening.pdf","122617","43ce51879db1819f9de0d03fe1f64449e302b150e0a399a473ce485eb91607bd","git","122617","43ce51879db1819f9de0d03fe1f64449e302b150e0a399a473ce485eb91607bd"
"chess5","group1/Complete Chess Opening Atlas - A00 to E99/C_Open_Games_and_French/C24_Bishops_Opening.pdf","library/group1/Complete Chess Opening Atlas - A00 to E99/C_Open_Games_and_French/C24_Bishops_Opening.pdf","119772","c216712f8f8709753505042e1dabcf090cc32ce174569b51eb782c3247b4c725","git","119772","c216712f8f8709753505042e1dabcf090cc32ce174569b51eb782c3247b4c725"
"chess5","group1/Complete Chess Opening Atlas - A00 to E99/C_Open_Games_and_French/C25_Vienna_Game.pdf","library/group1/Complete Chess Opening Atlas - A00 to E99/C_Open_Games_and_French/C25_Vienna_Game.pdf","124800","b58ed4f4983f79d6cf84ce77c1453601772e2c29de183d9f20de56eb931b0c9b","git","124800","b58ed4f4983f79d6cf84ce77c1453601772e2c29de183d9f20de56eb931b0c9b"
"chess5","group1/Complete Chess Opening Atlas - A00 to E99/C_Open_Games_and_French/C26_Vienna_Game.pdf","library/group1/Complete Chess Opening Atlas - A00 to E99/C_Open_Games_and_French/C26_Vienna_Game.pdf","119740","5a09bde33479179cc21ad6ddbc7064b46049813deac7d694990c1e5d6081b1e0","git","119740","5a09bde33479179cc21ad6ddbc7064b46049813deac7d694990c1e5d6081b1e0"
"chess5","group1/Complete Chess Opening Atlas - A00 to E99/C_Open_Games_and_French/C27_Vienna_Game.pdf","library/group1/Complete Chess Opening Atlas - A00 to E99/C_Open_Games_and_French/C27_Vienna_Game.pdf","118347","932c54d7da55104740fe2741d7b31734b920f56f5a69acf5bfb88ea265b22b7f","git","118347","932c54d7da55104740fe2741d7b31734b920f56f5a69acf5bfb88ea265b22b7f"
"chess5","group1/Complete Chess Opening Atlas - A00 to E99/C_Open_Games_and_French/C28_Vienna_Game.pdf","library/group1/Complete Chess Opening Atlas - A00 to E99/C_Open_Games_and_French/C28_Vienna_Game.pdf","117970","b26a6e14d0349fb4a84af012830630d747679f192f6f35e354a7b2868d2f2d95","git","117970","b26a6e14d0349fb4a84af012830630d747679f192f6f35e354a7b2868d2f2d95"
"chess5","group1/Complete Chess Opening Atlas - A00 to E99/C_Open_Games_and_French/C29_Vienna_Game.pdf","library/group1/Complete Chess Opening Atlas - A00 to E99/C_Open_Games_and_French/C29_Vienna_Game.pdf","119745","d550f693fb974c1417ac90d5744c92b27bf12830cba90b7259d240a07cd0e42f","git","119745","d550f693fb974c1417ac90d5744c92b27bf12830cba90b7259d240a07cd0e42f"
"chess5","group1/Complete Chess Opening Atlas - A00 to E99/C_Open_Games_and_French/C30_Kings_Gambit_Declined.pdf","library/group1/Complete Chess Opening Atlas - A00 to E99/C_Open_Games_and_French/C30_Kings_Gambit_Declined.pdf","125068","4c2c87dfb75b02624cf94d15474c44ad0df0e8cae3425cdaee429c2a07a49924","git","125068","4c2c87dfb75b02624cf94d15474c44ad0df0e8cae3425cdaee429c2a07a49924"
"chess5","group1/Complete Chess Opening Atlas - A00 to E99/C_Open_Games_and_French/C31_Kings_Gambit_Declined.pdf","library/group1/Complete Chess Opening Atlas - A00 to E99/C_Open_Games_and_French/C31_Kings_Gambit_Declined.pdf","120624","555bb8ace013a0116b86d0e44104fb6a797dfd915cb5b942c7b10adcb0c24e7d","git","120624","555bb8ace013a0116b86d0e44104fb6a797dfd915cb5b942c7b10adcb0c24e7d"
"chess5","group1/Complete Chess Opening Atlas - A00 to E99/C_Open_Games_and_French/C32_Kings_Gambit_Declined.pdf","library/group1/Complete Chess Opening Atlas - A00 to E99/C_Open_Games_and_French/C32_Kings_Gambit_Declined.pdf","118582","5898d84d0e0e6bb215c487002e687686c5ecd48735cd9981d3a33978ebf9c553","git","118582","5898d84d0e0e6bb215c487002e687686c5ecd48735cd9981d3a33978ebf9c553"
"chess5","group1/Complete Chess Opening Atlas - A00 to E99/C_Open_Games_and_French/C33_Kings_Gambit_Accepted.pdf","library/group1/Complete Chess Opening Atlas - A00 to E99/C_Open_Games_and_French/C33_Kings_Gambit_Accepted.pdf","128786","038ab96fd9854b656f320effb2386ff765d95e8f6fdfa78805a121e7027f958f","git","128786","038ab96fd9854b656f320effb2386ff765d95e8f6fdfa78805a121e7027f958f"
"chess5","group1/Complete Chess Opening Atlas - A00 to E99/C_Open_Games_and_French/C34_Kings_Gambit_Accepted.pdf","library/group1/Complete Chess Opening Atlas - A00 to E99/C_Open_Games_and_French/C34_Kings_Gambit_Accepted.pdf","120261","3cc4140df8e01108638c0de54720950efb67cbb4244a18873f1181fdf87e0ae0","git","120261","3cc4140df8e01108638c0de54720950efb67cbb4244a18873f1181fdf87e0ae0"
"chess5","group1/Complete Chess Opening Atlas - A00 to E99/C_Open_Games_and_French/C35_Kings_Gambit_Accepted.pdf","library/group1/Complete Chess Opening Atlas - A00 to E99/C_Open_Games_and_French/C35_Kings_Gambit_Accepted.pdf","118056","688257f9e523217743c23b1721732f36b4fd748ae93ba0d38de3df85873ef2aa","git","118056","688257f9e523217743c23b1721732f36b4fd748ae93ba0d38de3df85873ef2aa"
"chess5","group1/Complete Chess Opening Atlas - A00 to E99/C_Open_Games_and_French/C36_Kings_Gambit_Accepted.pdf","library/group1/Complete Chess Opening Atlas - A00 to E99/C_Open_Games_and_French/C36_Kings_Gambit_Accepted.pdf","118036","ffb16c411a34d9c8e834b5c6ad4b7796ddbd84d6e06e84b313d488117b5cdfa0","git","118036","ffb16c411a34d9c8e834b5c6ad4b7796ddbd84d6e06e84b313d488117b5cdfa0"
"chess5","group1/Complete Chess Opening Atlas - A00 to E99/C_Open_Games_and_French/C37_Kings_Gambit_Accepted.pdf","library/group1/Complete Chess Opening Atlas - A00 to E99/C_Open_Games_and_French/C37_Kings_Gambit_Accepted.pdf","125457","690bf03c21f6f291c9a6cba48c142e4afb77f174df287d04149db35288c1620b","git","125457","690bf03c21f6f291c9a6cba48c142e4afb77f174df287d04149db35288c1620b"
"chess5","group1/Complete Chess Opening Atlas - A00 to E99/C_Open_Games_and_French/C38_Kings_Gambit_Accepted.pdf","library/group1/Complete Chess Opening Atlas - A00 to E99/C_Open_Games_and_French/C38_Kings_Gambit_Accepted.pdf","118363","e079c2588c9113a1bdc2d5376e62270b95c61dba2ee1f67a1701cdebe0d8e88c","git","118363","e079c2588c9113a1bdc2d5376e62270b95c61dba2ee1f67a1701cdebe0d8e88c"
"chess5","group1/Complete Chess Opening Atlas - A00 to E99/C_Open_Games_and_French/C39_Kings_Gambit_Accepted.pdf","library/group1/Complete Chess Opening Atlas - A00 to E99/C_Open_Games_and_French/C39_Kings_Gambit_Accepted.pdf","124762","b91cb4983be2d87a06483766ff5be9a008dc5bd69088bb3360214d7ccb989dc8","git","124762","b91cb4983be2d87a06483766ff5be9a008dc5bd69088bb3360214d7ccb989dc8"
"chess5","group1/Complete Chess Opening Atlas - A00 to E99/C_Open_Games_and_French/C40_Latvian_Gambit.pdf","library/group1/Complete Chess Opening Atlas - A00 to E99/C_Open_Games_and_French/C40_Latvian_Gambit.pdf","127019","a38db8bcd7303073c3acea41c2488ba4737edb65e807610744aee9c3861f569e","git","127019","a38db8bcd7303073c3acea41c2488ba4737edb65e807610744aee9c3861f569e"
"chess5","group1/Complete Chess Opening Atlas - A00 to E99/C_Open_Games_and_French/C41_Philidor_Defense.pdf","library/group1/Complete Chess Opening Atlas - A00 to E99/C_Open_Games_and_French/C41_Philidor_Defense.pdf","127298","ed4693069020a3ac59e25b21c3e4c55beca3feae5c9e104ad17a9f6a9c6b4475","git","127298","ed4693069020a3ac59e25b21c3e4c55beca3feae5c9e104ad17a9f6a9c6b4475"
"chess5","group1/Complete Chess Opening Atlas - A00 to E99/C_Open_Games_and_French/C42_Petrovs_Defense.pdf","library/group1/Complete Chess Opening Atlas - A00 to E99/C_Open_Games_and_French/C42_Petrovs_Defense.pdf","126976","02874bed55f12e1c3db238d075d7fc42920047e87eae0cd942e3b09e95c80927","git","126976","02874bed55f12e1c3db238d075d7fc42920047e87eae0cd942e3b09e95c80927"
"chess5","group1/Complete Chess Opening Atlas - A00 to E99/C_Open_Games_and_French/C43_Petrovs_Defense.pdf","library/group1/Complete Chess Opening Atlas - A00 to E99/C_Open_Games_and_French/C43_Petrovs_Defense.pdf","120018","de5184ccf75b0f415288121ef3d006ede1795d727db9e8535c96f851e9b99bee","git","120018","de5184ccf75b0f415288121ef3d006ede1795d727db9e8535c96f851e9b99bee"
"chess5","group1/Complete Chess Opening Atlas - A00 to E99/C_Open_Games_and_French/C44_Scotch_Game.pdf","library/group1/Complete Chess Opening Atlas - A00 to E99/C_Open_Games_and_French/C44_Scotch_Game.pdf","129986","09310045661212d10cac9b20ff6a20648479baf0aed1951f2518fd69afc85094","git","129986","09310045661212d10cac9b20ff6a20648479baf0aed1951f2518fd69afc85094"
"chess5","group1/Complete Chess Opening Atlas - A00 to E99/C_Open_Games_and_French/C45_Scotch_Game.pdf","library/group1/Complete Chess Opening Atlas - A00 to E99/C_Open_Games_and_French/C45_Scotch_Game.pdf","124302","52064770fc0adb166d752170da4c18bf4a2e49bc95f4991e7f0e6ca96572945f","git","124302","52064770fc0adb166d752170da4c18bf4a2e49bc95f4991e7f0e6ca96572945f"
"chess5","group1/Complete Chess Opening Atlas - A00 to E99/C_Open_Games_and_French/C46_Three_Knights_Opening.pdf","library/group1/Complete Chess Opening Atlas - A00 to E99/C_Open_Games_and_French/C46_Three_Knights_Opening.pdf","118103","af6c6db19a943f5b3100394811b7c36279fe1afaf83f603d5a5ce05f0acf90c0","git","118103","af6c6db19a943f5b3100394811b7c36279fe1afaf83f603d5a5ce05f0acf90c0"
"chess5","group1/Complete Chess Opening Atlas - A00 to E99/C_Open_Games_and_French/C47_Four_Knights_Game.pdf","library/group1/Complete Chess Opening Atlas - A00 to E99/C_Open_Games_and_French/C47_Four_Knights_Game.pdf","122239","39a86211058037a3074b48d4c5faa6f4e879c6d278bf17bdac3c445a82798277","git","122239","39a86211058037a3074b48d4c5faa6f4e879c6d278bf17bdac3c445a82798277"
"chess5","group1/Complete Chess Opening Atlas - A00 to E99/C_Open_Games_and_French/C48_Four_Knights_Game.pdf","library/group1/Complete Chess Opening Atlas - A00 to E99/C_Open_Games_and_French/C48_Four_Knights_Game.pdf","120368","862dd4e89fd527eed894c22567fbc7932d033f7290755458a225f43a4f4d7a27","git","120368","862dd4e89fd527eed894c22567fbc7932d033f7290755458a225f43a4f4d7a27"
"chess5","group1/Complete Chess Opening Atlas - A00 to E99/C_Open_Games_and_French/C49_Four_Knights_Game.pdf","library/group1/Complete Chess Opening Atlas - A00 to E99/C_Open_Games_and_French/C49_Four_Knights_Game.pdf","120470","ef02d9e0df4110d8100b261b4921c6b27f6add0dab28d5057a87609a0fc924bc","git","120470","ef02d9e0df4110d8100b261b4921c6b27f6add0dab28d5057a87609a0fc924bc"
"chess5","group1/Complete Chess Opening Atlas - A00 to E99/C_Open_Games_and_French/C50_Italian_Game.pdf","library/group1/Complete Chess Opening Atlas - A00 to E99/C_Open_Games_and_French/C50_Italian_Game.pdf","122447","244b5ab6a4acc3fe4ec9abd7a5b5c26d2ca36b7a68e2122ac3c9883405457203","git","122447","244b5ab6a4acc3fe4ec9abd7a5b5c26d2ca36b7a68e2122ac3c9883405457203"
"chess5","group1/Complete Chess Opening Atlas - A00 to E99/C_Open_Games_and_French/C51_Italian_Game.pdf","library/group1/Complete Chess Opening Atlas - A00 to E99/C_Open_Games_and_French/C51_Italian_Game.pdf","124906","a6568f4c08965a8aacfd69925c84ca81208abb659a052c27ae495e1d8db2be96","git","124906","a6568f4c08965a8aacfd69925c84ca81208abb659a052c27ae495e1d8db2be96"
"chess5","group1/Complete Chess Opening Atlas - A00 to E99/C_Open_Games_and_French/C52_Italian_Game.pdf","library/group1/Complete Chess Opening Atlas - A00 to E99/C_Open_Games_and_French/C52_Italian_Game.pdf","122690","c87e85cc29d62b2575a5ac97643bca8840dcb59278da232af2c20d76d583f574","git","122690","c87e85cc29d62b2575a5ac97643bca8840dcb59278da232af2c20d76d583f574"
"chess5","group1/Complete Chess Opening Atlas - A00 to E99/C_Open_Games_and_French/C53_Italian_Game.pdf","library/group1/Complete Chess Opening Atlas - A00 to E99/C_Open_Games_and_French/C53_Italian_Game.pdf","118426","e0499d98d942b1dccf421c7b0235429445cb51e1303b5811f8501377487e624b","git","118426","e0499d98d942b1dccf421c7b0235429445cb51e1303b5811f8501377487e624b"
"chess5","group1/Complete Chess Opening Atlas - A00 to E99/C_Open_Games_and_French/C54_Italian_Game.pdf","library/group1/Complete Chess Opening Atlas - A00 to E99/C_Open_Games_and_French/C54_Italian_Game.pdf","128903","680802ffc9624ee8a78f71af15b03fc05732470fec1446264e01128ab19eeaa9","git","128903","680802ffc9624ee8a78f71af15b03fc05732470fec1446264e01128ab19eeaa9"
"chess5","group1/Complete Chess Opening Atlas - A00 to E99/C_Open_Games_and_French/C55_Italian_Game.pdf","library/group1/Complete Chess Opening Atlas - A00 to E99/C_Open_Games_and_French/C55_Italian_Game.pdf","118139","51b86a62ab98e40bb9a9ab20d78b30990c02fd38dcdc25ca2c2b1aeade700677","git","118139","51b86a62ab98e40bb9a9ab20d78b30990c02fd38dcdc25ca2c2b1aeade700677"
"chess5","group1/Complete Chess Opening Atlas - A00 to E99/C_Open_Games_and_French/C56_Italian_Game.pdf","library/group1/Complete Chess Opening Atlas - A00 to E99/C_Open_Games_and_French/C56_Italian_Game.pdf","123118","592998fd376bee9978c140008631ad11f4c08fd5e2c49cff7800d3aaa56047b0","git","123118","592998fd376bee9978c140008631ad11f4c08fd5e2c49cff7800d3aaa56047b0"
"chess5","group1/Complete Chess Opening Atlas - A00 to E99/C_Open_Games_and_French/C57_Italian_Game.pdf","library/group1/Complete Chess Opening Atlas - A00 to E99/C_Open_Games_and_French/C57_Italian_Game.pdf","120760","85e144f5853d477470ade1f6ab932d2028d20afa90f4c0ecbd904e971bf48f3c","git","120760","85e144f5853d477470ade1f6ab932d2028d20afa90f4c0ecbd904e971bf48f3c"
"chess5","group1/Complete Chess Opening Atlas - A00 to E99/C_Open_Games_and_French/C58_Italian_Game.pdf","library/group1/Complete Chess Opening Atlas - A00 to E99/C_Open_Games_and_French/C58_Italian_Game.pdf","120029","4f9eb60dd44aabfd2546e527ba7233e52d51d27379f47185befc57c540c7be0f","git","120029","4f9eb60dd44aabfd2546e527ba7233e52d51d27379f47185befc57c540c7be0f"
"chess5","group1/Complete Chess Opening Atlas - A00 to E99/C_Open_Games_and_French/C59_Italian_Game.pdf","library/group1/Complete Chess Opening Atlas - A00 to E99/C_Open_Games_and_French/C59_Italian_Game.pdf","118184","f9632e62255fd1a17190cec885ea53d1c53f4a75cf160399d8a2bbb6fc488089","git","118184","f9632e62255fd1a17190cec885ea53d1c53f4a75cf160399d8a2bbb6fc488089"
"chess5","group1/Complete Chess Opening Atlas - A00 to E99/C_Open_Games_and_French/C60_Ruy_Lopez.pdf","library/group1/Complete Chess Opening Atlas - A00 to E99/C_Open_Games_and_French/C60_Ruy_Lopez.pdf","122060","74e32a30f9063fad6214963ef5475065344b320e9c2da3fc7e2a7f406741a309","git","122060","74e32a30f9063fad6214963ef5475065344b320e9c2da3fc7e2a7f406741a309"
"chess5","group1/Complete Chess Opening Atlas - A00 to E99/C_Open_Games_and_French/C61_Ruy_Lopez.pdf","library/group1/Complete Chess Opening Atlas - A00 to E99/C_Open_Games_and_French/C61_Ruy_Lopez.pdf","117671","7631fcfdc07e7366c16a775015ca65f4448f33c06d9a40bc1e6d2eaff1d70184","git","117671","7631fcfdc07e7366c16a775015ca65f4448f33c06d9a40bc1e6d2eaff1d70184"
"chess5","group1/Complete Chess Opening Atlas - A00 to E99/C_Open_Games_and_French/C62_Ruy_Lopez.pdf","library/group1/Complete Chess Opening Atlas - A00 to E99/C_Open_Games_and_French/C62_Ruy_Lopez.pdf","118047","57e7ab18bcd53fd3e950ac3b351e5cd59815a7c1ef25d2af8161403f0ffc0276","git","118047","57e7ab18bcd53fd3e950ac3b351e5cd59815a7c1ef25d2af8161403f0ffc0276"
"chess5","group1/Complete Chess Opening Atlas - A00 to E99/C_Open_Games_and_French/C63_Ruy_Lopez.pdf","library/group1/Complete Chess Opening Atlas - A00 to E99/C_Open_Games_and_French/C63_Ruy_Lopez.pdf","118750","ab843698fbf255d4ed4cd549d3022bd92a009b5eb2e24b909db6244bd3514f77","git","118750","ab843698fbf255d4ed4cd549d3022bd92a009b5eb2e24b909db6244bd3514f77"
"chess5","group1/Complete Chess Opening Atlas - A00 to E99/C_Open_Games_and_French/C64_Ruy_Lopez.pdf","library/group1/Complete Chess Opening Atlas - A00 to E99/C_Open_Games_and_French/C64_Ruy_Lopez.pdf","119750","21d371369207360342f3f88356a8ba8c26ae5ae2335c9a3ba4a98b6c604e3e69","git","119750","21d371369207360342f3f88356a8ba8c26ae5ae2335c9a3ba4a98b6c604e3e69"
"chess5","group1/Complete Chess Opening Atlas - A00 to E99/C_Open_Games_and_French/C65_Ruy_Lopez.pdf","library/group1/Complete Chess Opening Atlas - A00 to E99/C_Open_Games_and_French/C65_Ruy_Lopez.pdf","120133","4b1c7c34a2cb69cc01dbe0d9e309aff6bbf79946a828fccfa1a0d6cc4446e5c8","git","120133","4b1c7c34a2cb69cc01dbe0d9e309aff6bbf79946a828fccfa1a0d6cc4446e5c8"
"chess5","group1/Complete Chess Opening Atlas - A00 to E99/C_Open_Games_and_French/C66_Ruy_Lopez.pdf","library/group1/Complete Chess Opening Atlas - A00 to E99/C_Open_Games_and_French/C66_Ruy_Lopez.pdf","118362","d971c6778ae0f58c8cdc23b8f7a2b82e83f1f8050d5532ba500a3756fe2c0c71","git","118362","d971c6778ae0f58c8cdc23b8f7a2b82e83f1f8050d5532ba500a3756fe2c0c71"
"chess5","group1/Complete Chess Opening Atlas - A00 to E99/C_Open_Games_and_French/C67_Ruy_Lopez.pdf","library/group1/Complete Chess Opening Atlas - A00 to E99/C_Open_Games_and_French/C67_Ruy_Lopez.pdf","120733","bc1e2fa67b4a5f6f9cabad311381491e23b9994269f80e15819fb17d3f4bc78f","git","120733","bc1e2fa67b4a5f6f9cabad311381491e23b9994269f80e15819fb17d3f4bc78f"
"chess5","group1/Complete Chess Opening Atlas - A00 to E99/C_Open_Games_and_French/C68_Ruy_Lopez.pdf","library/group1/Complete Chess Opening Atlas - A00 to E99/C_Open_Games_and_French/C68_Ruy_Lopez.pdf","118104","c6d081e9b8bfbbe488e6f8652da081902bc0fd660e9e6c7d025201de48246c2b","git","118104","c6d081e9b8bfbbe488e6f8652da081902bc0fd660e9e6c7d025201de48246c2b"
"chess5","group1/Complete Chess Opening Atlas - A00 to E99/C_Open_Games_and_French/C69_Ruy_Lopez.pdf","library/group1/Complete Chess Opening Atlas - A00 to E99/C_Open_Games_and_French/C69_Ruy_Lopez.pdf","117998","e8ff2671bcf896237d862966c18d618bda89bcdb443ee9bbc98299cca7ee0dd5","git","117998","e8ff2671bcf896237d862966c18d618bda89bcdb443ee9bbc98299cca7ee0dd5"
"chess5","group1/Complete Chess Opening Atlas - A00 to E99/C_Open_Games_and_French/C70_Ruy_Lopez.pdf","library/group1/Complete Chess Opening Atlas - A00 to E99/C_Open_Games_and_French/C70_Ruy_Lopez.pdf","120017","3a86928c820469ac7af9e9d3bc287dc46bd70dd762ef8163aeb91b45fa01c830","git","120017","3a86928c820469ac7af9e9d3bc287dc46bd70dd762ef8163aeb91b45fa01c830"
"chess5","group1/Complete Chess Opening Atlas - A00 to E99/C_Open_Games_and_French/C71_Ruy_Lopez.pdf","library/group1/Complete Chess Opening Atlas - A00 to E99/C_Open_Games_and_French/C71_Ruy_Lopez.pdf","117845","883a7d16b9a87a2eedf036df7b008b2654598f4ad94dc5dbf31b893b16d4c2cd","git","117845","883a7d16b9a87a2eedf036df7b008b2654598f4ad94dc5dbf31b893b16d4c2cd"
"chess5","group1/Complete Chess Opening Atlas - A00 to E99/C_Open_Games_and_French/C72_Ruy_Lopez.pdf","library/group1/Complete Chess Opening Atlas - A00 to E99/C_Open_Games_and_French/C72_Ruy_Lopez.pdf","117771","ae2245851ec0a8c7020907250025e1cf97ad8ddb3248543f8622f6a4770f3e30","git","117771","ae2245851ec0a8c7020907250025e1cf97ad8ddb3248543f8622f6a4770f3e30"
"chess5","group1/Complete Chess Opening Atlas - A00 to E99/C_Open_Games_and_French/C73_Ruy_Lopez.pdf","library/group1/Complete Chess Opening Atlas - A00 to E99/C_Open_Games_and_French/C73_Ruy_Lopez.pdf","117667","5ca345cfbcb80da323ea823d5683c5bc0ca6e73940b3bd09f32a3221a56103c5","git","117667","5ca345cfbcb80da323ea823d5683c5bc0ca6e73940b3bd09f32a3221a56103c5"
"chess5","group1/Complete Chess Opening Atlas - A00 to E99/C_Open_Games_and_French/C74_Ruy_Lopez.pdf","library/group1/Complete Chess Opening Atlas - A00 to E99/C_Open_Games_and_French/C74_Ruy_Lopez.pdf","117868","a5df2f1c1855141c7ef8752819fe6a898b23678e2154ad9c1369a7252ba23f31","git","117868","a5df2f1c1855141c7ef8752819fe6a898b23678e2154ad9c1369a7252ba23f31"
"chess5","group1/Complete Chess Opening Atlas - A00 to E99/C_Open_Games_and_French/C75_Ruy_Lopez.pdf","library/group1/Complete Chess Opening Atlas - A00 to E99/C_Open_Games_and_French/C75_Ruy_Lopez.pdf","117729","1887adba4fc5cee613560310343a869980bc9b96d9caec9b62c3f0ca3c73fac5","git","117729","1887adba4fc5cee613560310343a869980bc9b96d9caec9b62c3f0ca3c73fac5"
"chess5","group1/Complete Chess Opening Atlas - A00 to E99/C_Open_Games_and_French/C76_Ruy_Lopez.pdf","library/group1/Complete Chess Opening Atlas - A00 to E99/C_Open_Games_and_French/C76_Ruy_Lopez.pdf","117654","d51b78d5d1937fa893d135e910248170f99773f53b45817b6c8b81fad82405b6","git","117654","d51b78d5d1937fa893d135e910248170f99773f53b45817b6c8b81fad82405b6"
"chess5","group1/Complete Chess Opening Atlas - A00 to E99/C_Open_Games_and_French/C77_Ruy_Lopez.pdf","library/group1/Complete Chess Opening Atlas - A00 to E99/C_Open_Games_and_French/C77_Ruy_Lopez.pdf","118563","fbf5c9586e7faeb996d3902379eb59a3135db9dbe317e6af43b655e4bbd995ae","git","118563","fbf5c9586e7faeb996d3902379eb59a3135db9dbe317e6af43b655e4bbd995ae"
"chess5","group1/Complete Chess Opening Atlas - A00 to E99/C_Open_Games_and_French/C78_Ruy_Lopez.pdf","library/group1/Complete Chess Opening Atlas - A00 to E99/C_Open_Games_and_French/C78_Ruy_Lopez.pdf","118846","a59148fded6315c1801c43b11e37e21372b3145ae567cf63c43d2c96d3394e22","git","118846","a59148fded6315c1801c43b11e37e21372b3145ae567cf63c43d2c96d3394e22"
"chess5","group1/Complete Chess Opening Atlas - A00 to E99/C_Open_Games_and_French/C79_Ruy_Lopez.pdf","library/group1/Complete Chess Opening Atlas - A00 to E99/C_Open_Games_and_French/C79_Ruy_Lopez.pdf","118008","56fe7625b39ba1a3b883b59655affb0f7a05ea2552a281adcf92eedec63a6674","git","118008","56fe7625b39ba1a3b883b59655affb0f7a05ea2552a281adcf92eedec63a6674"
"chess5","group1/Complete Chess Opening Atlas - A00 to E99/C_Open_Games_and_French/C80_Ruy_Lopez.pdf","library/group1/Complete Chess Opening Atlas - A00 to E99/C_Open_Games_and_French/C80_Ruy_Lopez.pdf","120762","e6f1190685815dec362e68b47aac2b157fa952c563ebc7ca299debf3c61906ec","git","120762","e6f1190685815dec362e68b47aac2b157fa952c563ebc7ca299debf3c61906ec"
"chess5","group1/Complete Chess Opening Atlas - A00 to E99/C_Open_Games_and_French/C81_Ruy_Lopez.pdf","library/group1/Complete Chess Opening Atlas - A00 to E99/C_Open_Games_and_French/C81_Ruy_Lopez.pdf","117886","a5b219fe2cabb147ac1105b3328e13f30c0d539b60b09f7ac1dba855259d817a","git","117886","a5b219fe2cabb147ac1105b3328e13f30c0d539b60b09f7ac1dba855259d817a"
"chess5","group1/Complete Chess Opening Atlas - A00 to E99/C_Open_Games_and_French/C82_Ruy_Lopez.pdf","library/group1/Complete Chess Opening Atlas - A00 to E99/C_Open_Games_and_French/C82_Ruy_Lopez.pdf","118332","f231a4eb8ec5b8483fcbbe70c6b080f2cf365075c752e56ac47252e80d172201","git","118332","f231a4eb8ec5b8483fcbbe70c6b080f2cf365075c752e56ac47252e80d172201"
"chess5","group1/Complete Chess Opening Atlas - A00 to E99/C_Open_Games_and_French/C83_Ruy_Lopez.pdf","library/group1/Complete Chess Opening Atlas - A00 to E99/C_Open_Games_and_French/C83_Ruy_Lopez.pdf","118312","dcf72dda2c38e98f2dc1356879385932bdd6c1a11f64cda0a53a43094953e40f","git","118312","dcf72dda2c38e98f2dc1356879385932bdd6c1a11f64cda0a53a43094953e40f"
"chess5","group1/Complete Chess Opening Atlas - A00 to E99/C_Open_Games_and_French/C84_Ruy_Lopez.pdf","library/group1/Complete Chess Opening Atlas - A00 to E99/C_Open_Games_and_French/C84_Ruy_Lopez.pdf","118133","15ce0af4ada5482b02d4fbd3ebd7acfde844bdb0a992a691c8e76e2b2cabe18b","git","118133","15ce0af4ada5482b02d4fbd3ebd7acfde844bdb0a992a691c8e76e2b2cabe18b"
"chess5","group1/Complete Chess Opening Atlas - A00 to E99/C_Open_Games_and_French/C85_Ruy_Lopez.pdf","library/group1/Complete Chess Opening Atlas - A00 to E99/C_Open_Games_and_French/C85_Ruy_Lopez.pdf","117525","ea200575ff1dfe549721dccd335a5c939b2fe59281722ca1697249b350906bf5","git","117525","ea200575ff1dfe549721dccd335a5c939b2fe59281722ca1697249b350906bf5"
"chess5","group1/Complete Chess Opening Atlas - A00 to E99/C_Open_Games_and_French/C86_Ruy_Lopez.pdf","library/group1/Complete Chess Opening Atlas - A00 to E99/C_Open_Games_and_French/C86_Ruy_Lopez.pdf","117931","9c37b97bba3bc6bc0016eeae3d682de60aefb243750a4b8e693b0d62c3ab2deb","git","117931","9c37b97bba3bc6bc0016eeae3d682de60aefb243750a4b8e693b0d62c3ab2deb"
"chess5","group1/Complete Chess Opening Atlas - A00 to E99/C_Open_Games_and_French/C87_Ruy_Lopez.pdf","library/group1/Complete Chess Opening Atlas - A00 to E99/C_Open_Games_and_French/C87_Ruy_Lopez.pdf","117585","a85aa5b8d0ac00860df27b521b5c7fb57ea8a3541b00a229f88d5a4d1944dadd","git","117585","a85aa5b8d0ac00860df27b521b5c7fb57ea8a3541b00a229f88d5a4d1944dadd"
"chess5","group1/Complete Chess Opening Atlas - A00 to E99/C_Open_Games_and_French/C88_Ruy_Lopez.pdf","library/group1/Complete Chess Opening Atlas - A00 to E99/C_Open_Games_and_French/C88_Ruy_Lopez.pdf","118633","1a6578105e399e51bb5b5f37d5a39648be48c402aedde8d85c246348e5e1b1c6","git","118633","1a6578105e399e51bb5b5f37d5a39648be48c402aedde8d85c246348e5e1b1c6"
"chess5","group1/Complete Chess Opening Atlas - A00 to E99/C_Open_Games_and_French/C89_Ruy_Lopez.pdf","library/group1/Complete Chess Opening Atlas - A00 to E99/C_Open_Games_and_French/C89_Ruy_Lopez.pdf","118661","70b9d38a219b9592194a291fef1618a6f0b84d91ebcf013d6a09c90a21c9c4c4","git","118661","70b9d38a219b9592194a291fef1618a6f0b84d91ebcf013d6a09c90a21c9c4c4"
"chess5","group1/Complete Chess Opening Atlas - A00 to E99/C_Open_Games_and_French/C90_Ruy_Lopez.pdf","library/group1/Complete Chess Opening Atlas - A00 to E99/C_Open_Games_and_French/C90_Ruy_Lopez.pdf","117969","4258758e0f95a1b9fadedc553b809ec95a38fbcbfbd9253d0974f66b904feaa2","git","117969","4258758e0f95a1b9fadedc553b809ec95a38fbcbfbd9253d0974f66b904feaa2"
"chess5","group1/Complete Chess Opening Atlas - A00 to E99/C_Open_Games_and_French/C91_Ruy_Lopez.pdf","library/group1/Complete Chess Opening Atlas - A00 to E99/C_Open_Games_and_French/C91_Ruy_Lopez.pdf","117901","14cdd3ebab53d4bcbe6adddb278845e9c3c960a7e75b9ad3a20cf54eaff9d1b4","git","117901","14cdd3ebab53d4bcbe6adddb278845e9c3c960a7e75b9ad3a20cf54eaff9d1b4"
"chess5","group1/Complete Chess Opening Atlas - A00 to E99/C_Open_Games_and_French/C92_Ruy_Lopez.pdf","library/group1/Complete Chess Opening Atlas - A00 to E99/C_Open_Games_and_French/C92_Ruy_Lopez.pdf","118257","c4429d61f288f4baf1e34602af29499343184ef0fa36c4771afba8e9a5283633","git","118257","c4429d61f288f4baf1e34602af29499343184ef0fa36c4771afba8e9a5283633"
"chess5","group1/Complete Chess Opening Atlas - A00 to E99/C_Open_Games_and_French/C93_Ruy_Lopez.pdf","library/group1/Complete Chess Opening Atlas - A00 to E99/C_Open_Games_and_French/C93_Ruy_Lopez.pdf","117634","d82f8c8ea4b2c89ad3a8fbad9e18edacd2a8e847211210f1494936c49dad78d3","git","117634","d82f8c8ea4b2c89ad3a8fbad9e18edacd2a8e847211210f1494936c49dad78d3"
"chess5","group1/Complete Chess Opening Atlas - A00 to E99/C_Open_Games_and_French/C94_Ruy_Lopez.pdf","library/group1/Complete Chess Opening Atlas - A00 to E99/C_Open_Games_and_French/C94_Ruy_Lopez.pdf","117797","8ef6602d3497d7449d23ed245f68f43e9508134cadb8ec761d79582cd5539eb6","git","117797","8ef6602d3497d7449d23ed245f68f43e9508134cadb8ec761d79582cd5539eb6"
"chess5","group1/Complete Chess Opening Atlas - A00 to E99/C_Open_Games_and_French/C95_Ruy_Lopez.pdf","library/group1/Complete Chess Opening Atlas - A00 to E99/C_Open_Games_and_French/C95_Ruy_Lopez.pdf","118019","333c8a0ad9d1d020c731be7addcf24e0ac5a6e12b8f3a1cc3c22680d2767fd77","git","118019","333c8a0ad9d1d020c731be7addcf24e0ac5a6e12b8f3a1cc3c22680d2767fd77"
"chess5","group1/Complete Chess Opening Atlas - A00 to E99/C_Open_Games_and_French/C96_Ruy_Lopez.pdf","library/group1/Complete Chess Opening Atlas - A00 to E99/C_Open_Games_and_French/C96_Ruy_Lopez.pdf","118269","aa4641e588aa0c9533167cd0b6950e7f127d9e131101c454b8c337bf2df3ae24","git","118269","aa4641e588aa0c9533167cd0b6950e7f127d9e131101c454b8c337bf2df3ae24"
"chess5","group1/Complete Chess Opening Atlas - A00 to E99/C_Open_Games_and_French/C97_Ruy_Lopez.pdf","library/group1/Complete Chess Opening Atlas - A00 to E99/C_Open_Games_and_French/C97_Ruy_Lopez.pdf","117974","3c34f45e3f037c130de3a38c73cb752689d7e59c9c960965702227c03d502c78","git","117974","3c34f45e3f037c130de3a38c73cb752689d7e59c9c960965702227c03d502c78"
"chess5","group1/Complete Chess Opening Atlas - A00 to E99/C_Open_Games_and_French/C98_Ruy_Lopez.pdf","library/group1/Complete Chess Opening Atlas - A00 to E99/C_Open_Games_and_French/C98_Ruy_Lopez.pdf","117840","88951f5202db641d064874a1095e06f58b0f8ec4289e2e51edb79a85a935c33b","git","117840","88951f5202db641d064874a1095e06f58b0f8ec4289e2e51edb79a85a935c33b"
"chess5","group1/Complete Chess Opening Atlas - A00 to E99/C_Open_Games_and_French/C99_Ruy_Lopez.pdf","library/group1/Complete Chess Opening Atlas - A00 to E99/C_Open_Games_and_French/C99_Ruy_Lopez.pdf","117707","bdaa968b2e901ec0157bcaea6964937e4b2dd14dcc76f61f5ae479353bcf15ad","git","117707","bdaa968b2e901ec0157bcaea6964937e4b2dd14dcc76f61f5ae479353bcf15ad"
"chess5","group1/Complete Chess Opening Atlas - A00 to E99/D_Closed_Games_and_Grunfeld/D00_Closed_Games_and_Uncommon_Queens_Pawn_Openings.pdf","library/group1/Complete Chess Opening Atlas - A00 to E99/D_Closed_Games_and_Grunfeld/D00_Closed_Games_and_Uncommon_Queens_Pawn_Openings.pdf","134345","7d20246e35f818956582ebfeb8e7433d1358c4d977bb189ec80a99cedeaa1915","git","134345","7d20246e35f818956582ebfeb8e7433d1358c4d977bb189ec80a99cedeaa1915"
"chess5","group1/Complete Chess Opening Atlas - A00 to E99/D_Closed_Games_and_Grunfeld/D01_Richter_Veresov_Attack.pdf","library/group1/Complete Chess Opening Atlas - A00 to E99/D_Closed_Games_and_Grunfeld/D01_Richter_Veresov_Attack.pdf","120049","3ab57c5fa2143353f36e08e0cf08f667b594d65db5aa5698d2b239257e1c262e","git","120049","3ab57c5fa2143353f36e08e0cf08f667b594d65db5aa5698d2b239257e1c262e"
"chess5","group1/Complete Chess Opening Atlas - A00 to E99/D_Closed_Games_and_Grunfeld/D02_Queens_Pawn_Game.pdf","library/group1/Complete Chess Opening Atlas - A00 to E99/D_Closed_Games_and_Grunfeld/D02_Queens_Pawn_Game.pdf","122155","0c07498613854009c856f3a00b84f5fd247437c85b035c6586e75fe5feec23d2","git","122155","0c07498613854009c856f3a00b84f5fd247437c85b035c6586e75fe5feec23d2"
"chess5","group1/Complete Chess Opening Atlas - A00 to E99/D_Closed_Games_and_Grunfeld/D03_Queens_Pawn_Game.pdf","library/group1/Complete Chess Opening Atlas - A00 to E99/D_Closed_Games_and_Grunfeld/D03_Queens_Pawn_Game.pdf","120179","c87f07e48f4c8cb900afabd867e506f7a6b8263c273733d38525c20d12214903","git","120179","c87f07e48f4c8cb900afabd867e506f7a6b8263c273733d38525c20d12214903"
"chess5","group1/Complete Chess Opening Atlas - A00 to E99/D_Closed_Games_and_Grunfeld/D04_Queens_Pawn_Game.pdf","library/group1/Complete Chess Opening Atlas - A00 to E99/D_Closed_Games_and_Grunfeld/D04_Queens_Pawn_Game.pdf","117860","2c00bdccfb30b3f777d25169b9a8d08a5354eabbc10311ebbf6ac261cacc06f7","git","117860","2c00bdccfb30b3f777d25169b9a8d08a5354eabbc10311ebbf6ac261cacc06f7"
"chess5","group1/Complete Chess Opening Atlas - A00 to E99/D_Closed_Games_and_Grunfeld/D05_Queens_Pawn_Game.pdf","library/group1/Complete Chess Opening Atlas - A00 to E99/D_Closed_Games_and_Grunfeld/D05_Queens_Pawn_Game.pdf","120321","59377a5b8e7dd4f5021ef7c63dcf835c98b2c322c8aceaca0605fd0ec24c8a7c","git","120321","59377a5b8e7dd4f5021ef7c63dcf835c98b2c322c8aceaca0605fd0ec24c8a7c"
"chess5","group1/Complete Chess Opening Atlas - A00 to E99/D_Closed_Games_and_Grunfeld/D06_Queens_Gambit_Declined.pdf","library/group1/Complete Chess Opening Atlas - A00 to E99/D_Closed_Games_and_Grunfeld/D06_Queens_Gambit_Declined.pdf","120171","3db25f8d0d470b0ef3f2e8df322961b124213475c37c55d7bb99aa756ca5fba7","git","120171","3db25f8d0d470b0ef3f2e8df322961b124213475c37c55d7bb99aa756ca5fba7"
"chess5","group1/Complete Chess Opening Atlas - A00 to E99/D_Closed_Games_and_Grunfeld/D07_Queens_Gambit_Declined.pdf","library/group1/Complete Chess Opening Atlas - A00 to E99/D_Closed_Games_and_Grunfeld/D07_Queens_Gambit_Declined.pdf","119883","0612618014834bec108aececbca41667ac407e60a011398b624d318156be1785","git","119883","0612618014834bec108aececbca41667ac407e60a011398b624d318156be1785"
"chess5","group1/Complete Chess Opening Atlas - A00 to E99/D_Closed_Games_and_Grunfeld/D08_Queens_Gambit_Declined.pdf","library/group1/Complete Chess Opening Atlas - A00 to E99/D_Closed_Games_and_Grunfeld/D08_Queens_Gambit_Declined.pdf","118488","b9e77ec42dfcb74a399f7fb13fb8e1da362d961a4409bbb9d10119311b7e30de","git","118488","b9e77ec42dfcb74a399f7fb13fb8e1da362d961a4409bbb9d10119311b7e30de"
"chess5","group1/Complete Chess Opening Atlas - A00 to E99/D_Closed_Games_and_Grunfeld/D09_Queens_Gambit_Declined.pdf","library/group1/Complete Chess Opening Atlas - A00 to E99/D_Closed_Games_and_Grunfeld/D09_Queens_Gambit_Declined.pdf","118062","c5a95d7a81e44d44ce0d6801cc86a609123285c61c8de0fca61df1ea4ee984f7","git","118062","c5a95d7a81e44d44ce0d6801cc86a609123285c61c8de0fca61df1ea4ee984f7"
"chess5","group1/Complete Chess Opening Atlas - A00 to E99/D_Closed_Games_and_Grunfeld/D10_Slav_Defense.pdf","library/group1/Complete Chess Opening Atlas - A00 to E99/D_Closed_Games_and_Grunfeld/D10_Slav_Defense.pdf","118352","646fa57bb7f068cfc007f7e0f93e9ecddd26cbb99f518d6aee444cab451e3ef2","git","118352","646fa57bb7f068cfc007f7e0f93e9ecddd26cbb99f518d6aee444cab451e3ef2"
"chess5","group1/Complete Chess Opening Atlas - A00 to E99/D_Closed_Games_and_Grunfeld/D11_Slav_Defense.pdf","library/group1/Complete Chess Opening Atlas - A00 to E99/D_Closed_Games_and_Grunfeld/D11_Slav_Defense.pdf","118276","f0dc19459fc153f19a7f0033bde4de52f1e40d80e0d825e7f3f7ff788c50e3a7","git","118276","f0dc19459fc153f19a7f0033bde4de52f1e40d80e0d825e7f3f7ff788c50e3a7"
"chess5","group1/Complete Chess Opening Atlas - A00 to E99/D_Closed_Games_and_Grunfeld/D12_Slav_Defense.pdf","library/group1/Complete Chess Opening Atlas - A00 to E99/D_Closed_Games_and_Grunfeld/D12_Slav_Defense.pdf","117879","8ff1b2b374cc2fc4d1f39be1b06c09e97b37088e5b7178ffa5d8a6de37bdb45e","git","117879","8ff1b2b374cc2fc4d1f39be1b06c09e97b37088e5b7178ffa5d8a6de37bdb45e"
"chess5","group1/Complete Chess Opening Atlas - A00 to E99/D_Closed_Games_and_Grunfeld/D13_Slav_Defense.pdf","library/group1/Complete Chess Opening Atlas - A00 to E99/D_Closed_Games_and_Grunfeld/D13_Slav_Defense.pdf","117569","c4139dc59788814c32beeeb258740b311167ee5a632523ab395ca5f54f3b5539","git","117569","c4139dc59788814c32beeeb258740b311167ee5a632523ab395ca5f54f3b5539"
"chess5","group1/Complete Chess Opening Atlas - A00 to E99/D_Closed_Games_and_Grunfeld/D14_Slav_Defense.pdf","library/group1/Complete Chess Opening Atlas - A00 to E99/D_Closed_Games_and_Grunfeld/D14_Slav_Defense.pdf","117648","fb2ff4567294c3a47c8ca556064a38346a63355f756cd369aef39ffdf61eada7","git","117648","fb2ff4567294c3a47c8ca556064a38346a63355f756cd369aef39ffdf61eada7"
"chess5","group1/Complete Chess Opening Atlas - A00 to E99/D_Closed_Games_and_Grunfeld/D15_Slav_Defense.pdf","library/group1/Complete Chess Opening Atlas - A00 to E99/D_Closed_Games_and_Grunfeld/D15_Slav_Defense.pdf","119778","8def7f8aa688c2b40cbf058a05d3432c9bbd990af9dc0f2cfc5067c963bec4e7","git","119778","8def7f8aa688c2b40cbf058a05d3432c9bbd990af9dc0f2cfc5067c963bec4e7"
"chess5","group1/Complete Chess Opening Atlas - A00 to E99/D_Closed_Games_and_Grunfeld/D16_Slav_Defense.pdf","library/group1/Complete Chess Opening Atlas - A00 to E99/D_Closed_Games_and_Grunfeld/D16_Slav_Defense.pdf","117822","9a334aab2dc3d2c95916c156537e46d24255e185ed996a9d60716c14dc7ae24e","git","117822","9a334aab2dc3d2c95916c156537e46d24255e185ed996a9d60716c14dc7ae24e"
"chess5","group1/Complete Chess Opening Atlas - A00 to E99/D_Closed_Games_and_Grunfeld/D17_Slav_Defense.pdf","library/group1/Complete Chess Opening Atlas - A00 to E99/D_Closed_Games_and_Grunfeld/D17_Slav_Defense.pdf","118353","b85637e201c49daa8918b97cd3001da1f63967654c092eb5fd2c63d0cf9394ea","git","118353","b85637e201c49daa8918b97cd3001da1f63967654c092eb5fd2c63d0cf9394ea"
"chess5","group1/Complete Chess Opening Atlas - A00 to E99/D_Closed_Games_and_Grunfeld/D18_Slav_Defense.pdf","library/group1/Complete Chess Opening Atlas - A00 to E99/D_Closed_Games_and_Grunfeld/D18_Slav_Defense.pdf","117674","f9683d1af9dcbf229d6b6b090d03dcca2fb319189a3c89b208efc2623e38bfc7","git","117674","f9683d1af9dcbf229d6b6b090d03dcca2fb319189a3c89b208efc2623e38bfc7"
"chess5","group1/Complete Chess Opening Atlas - A00 to E99/D_Closed_Games_and_Grunfeld/D19_Slav_Defense.pdf","library/group1/Complete Chess Opening Atlas - A00 to E99/D_Closed_Games_and_Grunfeld/D19_Slav_Defense.pdf","117930","43c819dc31871088116ea6e41653703ca90082e25429e1120fc9c53657e23735","git","117930","43c819dc31871088116ea6e41653703ca90082e25429e1120fc9c53657e23735"
"chess5","group1/Complete Chess Opening Atlas - A00 to E99/D_Closed_Games_and_Grunfeld/D20_Queens_Gambit_Accepted.pdf","library/group1/Complete Chess Opening Atlas - A00 to E99/D_Closed_Games_and_Grunfeld/D20_Queens_Gambit_Accepted.pdf","120621","bee4dce92937606e1605df994116176f7b4e08353ad9d1cb54ac8d48e6658398","git","120621","bee4dce92937606e1605df994116176f7b4e08353ad9d1cb54ac8d48e6658398"
"chess5","group1/Complete Chess Opening Atlas - A00 to E99/D_Closed_Games_and_Grunfeld/D21_Queens_Gambit_Accepted.pdf","library/group1/Complete Chess Opening Atlas - A00 to E99/D_Closed_Games_and_Grunfeld/D21_Queens_Gambit_Accepted.pdf","118211","cf438cf7498e64db1ae3461a9a4227d7ee3a52fe38ab6bffef5654b94aa45eca","git","118211","cf438cf7498e64db1ae3461a9a4227d7ee3a52fe38ab6bffef5654b94aa45eca"
"chess5","group1/Complete Chess Opening Atlas - A00 to E99/D_Closed_Games_and_Grunfeld/D22_Queens_Gambit_Accepted.pdf","library/group1/Complete Chess Opening Atlas - A00 to E99/D_Closed_Games_and_Grunfeld/D22_Queens_Gambit_Accepted.pdf","117875","ed5a2aab9ddd817479de48c72874ff1361002e2a4cc28d3cc2cbea4cafd223ff","git","117875","ed5a2aab9ddd817479de48c72874ff1361002e2a4cc28d3cc2cbea4cafd223ff"
"chess5","group1/Complete Chess Opening Atlas - A00 to E99/D_Closed_Games_and_Grunfeld/D23_Queens_Gambit_Accepted.pdf","library/group1/Complete Chess Opening Atlas - A00 to E99/D_Closed_Games_and_Grunfeld/D23_Queens_Gambit_Accepted.pdf","117715","57b2c48213eccc84f5e70ef956fcbfae065a844776eaf7bfa9b5c76d45296091","git","117715","57b2c48213eccc84f5e70ef956fcbfae065a844776eaf7bfa9b5c76d45296091"
"chess5","group1/Complete Chess Opening Atlas - A00 to E99/D_Closed_Games_and_Grunfeld/D24_Queens_Gambit_Accepted.pdf","library/group1/Complete Chess Opening Atlas - A00 to E99/D_Closed_Games_and_Grunfeld/D24_Queens_Gambit_Accepted.pdf","118118","1b77a43fdf9acc8b2fb3489b863af867e970bbd45d7ffe99ecd84e57bef04738","git","118118","1b77a43fdf9acc8b2fb3489b863af867e970bbd45d7ffe99ecd84e57bef04738"
"chess5","group1/Complete Chess Opening Atlas - A00 to E99/D_Closed_Games_and_Grunfeld/D25_Queens_Gambit_Accepted.pdf","library/group1/Complete Chess Opening Atlas - A00 to E99/D_Closed_Games_and_Grunfeld/D25_Queens_Gambit_Accepted.pdf","118009","b5f9ae82e16162ffcf6c91657dbf8d716d4ed40fa3e34c35502f185678d54e4d","git","118009","b5f9ae82e16162ffcf6c91657dbf8d716d4ed40fa3e34c35502f185678d54e4d"
"chess5","group1/Complete Chess Opening Atlas - A00 to E99/D_Closed_Games_and_Grunfeld/D26_Queens_Gambit_Accepted.pdf","library/group1/Complete Chess Opening Atlas - A00 to E99/D_Closed_Games_and_Grunfeld/D26_Queens_Gambit_Accepted.pdf","118513","8ba4ca2e0c333e1b7a9838ed3ffbecb3ecaac30b9d5ee2f1d3f15f4419f4809e","git","118513","8ba4ca2e0c333e1b7a9838ed3ffbecb3ecaac30b9d5ee2f1d3f15f4419f4809e"
"chess5","group1/Complete Chess Opening Atlas - A00 to E99/D_Closed_Games_and_Grunfeld/D27_Queens_Gambit_Accepted.pdf","library/group1/Complete Chess Opening Atlas - A00 to E99/D_Closed_Games_and_Grunfeld/D27_Queens_Gambit_Accepted.pdf","118141","634da57fb5134a6532a758976063875220e7ce06d66dcc8b2ba8cbbf62fd537e","git","118141","634da57fb5134a6532a758976063875220e7ce06d66dcc8b2ba8cbbf62fd537e"
"chess5","group1/Complete Chess Opening Atlas - A00 to E99/D_Closed_Games_and_Grunfeld/D28_Queens_Gambit_Accepted.pdf","library/group1/Complete Chess Opening Atlas - A00 to E99/D_Closed_Games_and_Grunfeld/D28_Queens_Gambit_Accepted.pdf","117944","c4248265a6dd113dcc4e2fb9b77c60f5711eda67d7990a96ce8d135b5dea27d9","git","117944","c4248265a6dd113dcc4e2fb9b77c60f5711eda67d7990a96ce8d135b5dea27d9"
"chess5","group1/Complete Chess Opening Atlas - A00 to E99/D_Closed_Games_and_Grunfeld/D29_Queens_Gambit_Accepted.pdf","library/group1/Complete Chess Opening Atlas - A00 to E99/D_Closed_Games_and_Grunfeld/D29_Queens_Gambit_Accepted.pdf","117917","b1ee66078387dfc9a2d7832c22388e4fe82510e4b6cae7491c1822910a8f29e8","git","117917","b1ee66078387dfc9a2d7832c22388e4fe82510e4b6cae7491c1822910a8f29e8"
"chess5","group1/Complete Chess Opening Atlas - A00 to E99/D_Closed_Games_and_Grunfeld/D30_Queens_Gambit_Declined.pdf","library/group1/Complete Chess Opening Atlas - A00 to E99/D_Closed_Games_and_Grunfeld/D30_Queens_Gambit_Declined.pdf","120051","73eb6cde621ed681328df97b4d4ad85b05dab96f8f6447388913cff56fc29538","git","120051","73eb6cde621ed681328df97b4d4ad85b05dab96f8f6447388913cff56fc29538"
"chess5","group1/Complete Chess Opening Atlas - A00 to E99/D_Closed_Games_and_Grunfeld/D31_Semi_Slav_Defense.pdf","library/group1/Complete Chess Opening Atlas - A00 to E99/D_Closed_Games_and_Grunfeld/D31_Semi_Slav_Defense.pdf","122348","c2d2ee00e7fc7b4be9b7fa0836a3ca8d1a5ad5ab135e9a6b53501dd042f02c6f","git","122348","c2d2ee00e7fc7b4be9b7fa0836a3ca8d1a5ad5ab135e9a6b53501dd042f02c6f"
"chess5","group1/Complete Chess Opening Atlas - A00 to E99/D_Closed_Games_and_Grunfeld/D32_Tarrasch_Defense.pdf","library/group1/Complete Chess Opening Atlas - A00 to E99/D_Closed_Games_and_Grunfeld/D32_Tarrasch_Defense.pdf","120251","0d10b6e13bf159704e06475f5e5e4f2a198e1bc985c9467e359c507ca300b6c7","git","120251","0d10b6e13bf159704e06475f5e5e4f2a198e1bc985c9467e359c507ca300b6c7"
"chess5","group1/Complete Chess Opening Atlas - A00 to E99/D_Closed_Games_and_Grunfeld/D33_Tarrasch_Defense.pdf","library/group1/Complete Chess Opening Atlas - A00 to E99/D_Closed_Games_and_Grunfeld/D33_Tarrasch_Defense.pdf","118105","579b5d38ec6c59dc2661ff96b7253b18ad20a68f0abf3f395526654371d41ceb","git","118105","579b5d38ec6c59dc2661ff96b7253b18ad20a68f0abf3f395526654371d41ceb"
"chess5","group1/Complete Chess Opening Atlas - A00 to E99/D_Closed_Games_and_Grunfeld/D34_Tarrasch_Defense.pdf","library/group1/Complete Chess Opening Atlas - A00 to E99/D_Closed_Games_and_Grunfeld/D34_Tarrasch_Defense.pdf","120432","8a818452797fa9e58aa9f0b28db2c667319f73190c501bab1108b0f9b4b58b51","git","120432","8a818452797fa9e58aa9f0b28db2c667319f73190c501bab1108b0f9b4b58b51"
"chess5","group1/Complete Chess Opening Atlas - A00 to E99/D_Closed_Games_and_Grunfeld/D35_Queens_Gambit_Declined.pdf","library/group1/Complete Chess Opening Atlas - A00 to E99/D_Closed_Games_and_Grunfeld/D35_Queens_Gambit_Declined.pdf","119915","67b2aba66a5524f7a8bb05239894c048a9128ffbf475a181aa4838ec2f3aeab9","git","119915","67b2aba66a5524f7a8bb05239894c048a9128ffbf475a181aa4838ec2f3aeab9"
"chess5","group1/Complete Chess Opening Atlas - A00 to E99/D_Closed_Games_and_Grunfeld/D36_Queens_Gambit_Declined.pdf","library/group1/Complete Chess Opening Atlas - A00 to E99/D_Closed_Games_and_Grunfeld/D36_Queens_Gambit_Declined.pdf","117926","2cfb618790b2861e993b66625a479553c443cb268eba883434844e8810457e07","git","117926","2cfb618790b2861e993b66625a479553c443cb268eba883434844e8810457e07"
"chess5","group1/Complete Chess Opening Atlas - A00 to E99/D_Closed_Games_and_Grunfeld/D37_Queens_Gambit_Declined.pdf","library/group1/Complete Chess Opening Atlas - A00 to E99/D_Closed_Games_and_Grunfeld/D37_Queens_Gambit_Declined.pdf","120466","34ff9e6f743492e4b41d76534f890b143a8823f6f3350a26fc0181d1f824619a","git","120466","34ff9e6f743492e4b41d76534f890b143a8823f6f3350a26fc0181d1f824619a"
"chess5","group1/Complete Chess Opening Atlas - A00 to E99/D_Closed_Games_and_Grunfeld/D38_Queens_Gambit_Declined.pdf","library/group1/Complete Chess Opening Atlas - A00 to E99/D_Closed_Games_and_Grunfeld/D38_Queens_Gambit_Declined.pdf","117795","322e28ffbc21cc0b62f2ca4796eafa4f42fa7d38e4929145427c38a76d703f7a","git","117795","322e28ffbc21cc0b62f2ca4796eafa4f42fa7d38e4929145427c38a76d703f7a"
"chess5","group1/Complete Chess Opening Atlas - A00 to E99/D_Closed_Games_and_Grunfeld/D39_Queens_Gambit_Declined.pdf","library/group1/Complete Chess Opening Atlas - A00 to E99/D_Closed_Games_and_Grunfeld/D39_Queens_Gambit_Declined.pdf","117667","3cbf804746ac378fd3bea1850a91aab67046b021114700715fa279ee912f7c5e","git","117667","3cbf804746ac378fd3bea1850a91aab67046b021114700715fa279ee912f7c5e"
"chess5","group1/Complete Chess Opening Atlas - A00 to E99/D_Closed_Games_and_Grunfeld/D40_Queens_Gambit_Declined.pdf","library/group1/Complete Chess Opening Atlas - A00 to E99/D_Closed_Games_and_Grunfeld/D40_Queens_Gambit_Declined.pdf","118208","6175fd779226dbd062a6a30bfeef004d5be715fecc26a65a0160d8f436ee7c4c","git","118208","6175fd779226dbd062a6a30bfeef004d5be715fecc26a65a0160d8f436ee7c4c"
"chess5","group1/Complete Chess Opening Atlas - A00 to E99/D_Closed_Games_and_Grunfeld/D41_Queens_Gambit_Declined.pdf","library/group1/Complete Chess Opening Atlas - A00 to E99/D_Closed_Games_and_Grunfeld/D41_Queens_Gambit_Declined.pdf","119943","56eef69150c20474f09aca30b941e6c5a3c0b10d8e17b6c1962210e96c50df5d","git","119943","56eef69150c20474f09aca30b941e6c5a3c0b10d8e17b6c1962210e96c50df5d"
"chess5","group1/Complete Chess Opening Atlas - A00 to E99/D_Closed_Games_and_Grunfeld/D42_Queens_Gambit_Declined.pdf","library/group1/Complete Chess Opening Atlas - A00 to E99/D_Closed_Games_and_Grunfeld/D42_Queens_Gambit_Declined.pdf","117571","0165dced2dc5485559249d7e7cddd4ba94984a314c7f9e7b9f54522ed74e5888","git","117571","0165dced2dc5485559249d7e7cddd4ba94984a314c7f9e7b9f54522ed74e5888"
"chess5","group1/Complete Chess Opening Atlas - A00 to E99/D_Closed_Games_and_Grunfeld/D43_Semi_Slav_Defense.pdf","library/group1/Complete Chess Opening Atlas - A00 to E99/D_Closed_Games_and_Grunfeld/D43_Semi_Slav_Defense.pdf","117850","61569fc211c3cc206922f2d20a115315abceb5edac9abecf7d5a77d67f72cd3b","git","117850","61569fc211c3cc206922f2d20a115315abceb5edac9abecf7d5a77d67f72cd3b"
"chess5","group1/Complete Chess Opening Atlas - A00 to E99/D_Closed_Games_and_Grunfeld/D44_Semi_Slav_Defense.pdf","library/group1/Complete Chess Opening Atlas - A00 to E99/D_Closed_Games_and_Grunfeld/D44_Semi_Slav_Defense.pdf","118310","53619c8e71bf94fd9fc9de04074a819b76b3e542fb26f7068b83eaebdf6c965f","git","118310","53619c8e71bf94fd9fc9de04074a819b76b3e542fb26f7068b83eaebdf6c965f"
"chess5","group1/Complete Chess Opening Atlas - A00 to E99/D_Closed_Games_and_Grunfeld/D45_Semi_Slav_Defense.pdf","library/group1/Complete Chess Opening Atlas - A00 to E99/D_Closed_Games_and_Grunfeld/D45_Semi_Slav_Defense.pdf","120441","aa915370440f1e809fcb258b955a8a02d1c438150e382aa0be1d12818952c568","git","120441","aa915370440f1e809fcb258b955a8a02d1c438150e382aa0be1d12818952c568"
"chess5","group1/Complete Chess Opening Atlas - A00 to E99/D_Closed_Games_and_Grunfeld/D46_Semi_Slav_Defense.pdf","library/group1/Complete Chess Opening Atlas - A00 to E99/D_Closed_Games_and_Grunfeld/D46_Semi_Slav_Defense.pdf","120029","74c62c671b388ec00b98c9b82b251ca8e498296fda5f816907c8c65b1bf1e057","git","120029","74c62c671b388ec00b98c9b82b251ca8e498296fda5f816907c8c65b1bf1e057"
"chess5","group1/Complete Chess Opening Atlas - A00 to E99/D_Closed_Games_and_Grunfeld/D47_Semi_Slav_Defense.pdf","library/group1/Complete Chess Opening Atlas - A00 to E99/D_Closed_Games_and_Grunfeld/D47_Semi_Slav_Defense.pdf","118187","13277967f50cbaf85ffad88ee5472f32b4c0f8023ddb42b1cf4a1d328f2ec499","git","118187","13277967f50cbaf85ffad88ee5472f32b4c0f8023ddb42b1cf4a1d328f2ec499"
"chess5","group1/Complete Chess Opening Atlas - A00 to E99/D_Closed_Games_and_Grunfeld/D48_Semi_Slav_Defense.pdf","library/group1/Complete Chess Opening Atlas - A00 to E99/D_Closed_Games_and_Grunfeld/D48_Semi_Slav_Defense.pdf","118033","71dc63a5f034ffdcd988ed5f50a249aad631881829b0fee341b3b1e38a944670","git","118033","71dc63a5f034ffdcd988ed5f50a249aad631881829b0fee341b3b1e38a944670"
"chess5","group1/Complete Chess Opening Atlas - A00 to E99/D_Closed_Games_and_Grunfeld/D49_Semi_Slav_Defense.pdf","library/group1/Complete Chess Opening Atlas - A00 to E99/D_Closed_Games_and_Grunfeld/D49_Semi_Slav_Defense.pdf","118292","5b1e3b2ec252baa55245994a56dda5140383f4ca9589c315df8ce333d67a29d7","git","118292","5b1e3b2ec252baa55245994a56dda5140383f4ca9589c315df8ce333d67a29d7"
"chess5","group1/Complete Chess Opening Atlas - A00 to E99/D_Closed_Games_and_Grunfeld/D50_Queens_Gambit_Declined.pdf","library/group1/Complete Chess Opening Atlas - A00 to E99/D_Closed_Games_and_Grunfeld/D50_Queens_Gambit_Declined.pdf","118177","92f07f4aba9ffaa6d0e8c3b34bfe67adc2c1a2f790aa1c800d22c937a577af90","git","118177","92f07f4aba9ffaa6d0e8c3b34bfe67adc2c1a2f790aa1c800d22c937a577af90"
"chess5","group1/Complete Chess Opening Atlas - A00 to E99/D_Closed_Games_and_Grunfeld/D51_Queens_Gambit_Declined.pdf","library/group1/Complete Chess Opening Atlas - A00 to E99/D_Closed_Games_and_Grunfeld/D51_Queens_Gambit_Declined.pdf","118298","f39c56e2fd7aa7d24ea43f849b839f8c6dfd235681eec6bfbfdeff33a45583b8","git","118298","f39c56e2fd7aa7d24ea43f849b839f8c6dfd235681eec6bfbfdeff33a45583b8"
"chess5","group1/Complete Chess Opening Atlas - A00 to E99/D_Closed_Games_and_Grunfeld/D52_Queens_Gambit_Declined.pdf","library/group1/Complete Chess Opening Atlas - A00 to E99/D_Closed_Games_and_Grunfeld/D52_Queens_Gambit_Declined.pdf","118439","aad8b43fa49c8e819a85b3fddbbd9370a12e1e7072a6048af30ac737d3d25868","git","118439","aad8b43fa49c8e819a85b3fddbbd9370a12e1e7072a6048af30ac737d3d25868"
"chess5","group1/Complete Chess Opening Atlas - A00 to E99/D_Closed_Games_and_Grunfeld/D53_Queens_Gambit_Declined.pdf","library/group1/Complete Chess Opening Atlas - A00 to E99/D_Closed_Games_and_Grunfeld/D53_Queens_Gambit_Declined.pdf","118451","d42661e159a0595a1ded369e91a82b94667fdc255922424c615cbfa9c9604681","git","118451","d42661e159a0595a1ded369e91a82b94667fdc255922424c615cbfa9c9604681"
"chess5","group1/Complete Chess Opening Atlas - A00 to E99/D_Closed_Games_and_Grunfeld/D54_Queens_Gambit_Declined.pdf","library/group1/Complete Chess Opening Atlas - A00 to E99/D_Closed_Games_and_Grunfeld/D54_Queens_Gambit_Declined.pdf","117549","40c5643a0ce10c8e9a196f8f10953d13324fc4519e0ead8f07f5382b5689c807","git","117549","40c5643a0ce10c8e9a196f8f10953d13324fc4519e0ead8f07f5382b5689c807"
"chess5","group1/Complete Chess Opening Atlas - A00 to E99/D_Closed_Games_and_Grunfeld/D55_Queens_Gambit_Declined.pdf","library/group1/Complete Chess Opening Atlas - A00 to E99/D_Closed_Games_and_Grunfeld/D55_Queens_Gambit_Declined.pdf","118289","18c7ae0c4f565d611c9d32a60baa4b2c6c1ce79f96751238354bfd32417b1be0","git","118289","18c7ae0c4f565d611c9d32a60baa4b2c6c1ce79f96751238354bfd32417b1be0"
"chess5","group1/Complete Chess Opening Atlas - A00 to E99/D_Closed_Games_and_Grunfeld/D56_Queens_Gambit_Declined.pdf","library/group1/Complete Chess Opening Atlas - A00 to E99/D_Closed_Games_and_Grunfeld/D56_Queens_Gambit_Declined.pdf","118189","49409011a8cb73285c46f540bc306f7558105a17b56cfaebee93f528d20e5990","git","118189","49409011a8cb73285c46f540bc306f7558105a17b56cfaebee93f528d20e5990"
"chess5","group1/Complete Chess Opening Atlas - A00 to E99/D_Closed_Games_and_Grunfeld/D57_Queens_Gambit_Declined.pdf","library/group1/Complete Chess Opening Atlas - A00 to E99/D_Closed_Games_and_Grunfeld/D57_Queens_Gambit_Declined.pdf","117998","7d7c13ea5575d5a888d80e298c85a7e9266563b92142ee4b870a0654fb9259d0","git","117998","7d7c13ea5575d5a888d80e298c85a7e9266563b92142ee4b870a0654fb9259d0"
"chess5","group1/Complete Chess Opening Atlas - A00 to E99/D_Closed_Games_and_Grunfeld/D58_Queens_Gambit_Declined.pdf","library/group1/Complete Chess Opening Atlas - A00 to E99/D_Closed_Games_and_Grunfeld/D58_Queens_Gambit_Declined.pdf","117763","53ca9fef1b355b45ad4e59cc5d183f59dab6c82c7d30641bed9a60ee9a5e31fd","git","117763","53ca9fef1b355b45ad4e59cc5d183f59dab6c82c7d30641bed9a60ee9a5e31fd"
"chess5","group1/Complete Chess Opening Atlas - A00 to E99/D_Closed_Games_and_Grunfeld/D59_Queens_Gambit_Declined.pdf","library/group1/Complete Chess Opening Atlas - A00 to E99/D_Closed_Games_and_Grunfeld/D59_Queens_Gambit_Declined.pdf","117670","37d72c39a29fd348cc9d44602b69ff4c3d6f749cc0e67c740db97bbf8e2616be","git","117670","37d72c39a29fd348cc9d44602b69ff4c3d6f749cc0e67c740db97bbf8e2616be"
"chess5","group1/Complete Chess Opening Atlas - A00 to E99/D_Closed_Games_and_Grunfeld/D60_Queens_Gambit_Declined.pdf","library/group1/Complete Chess Opening Atlas - A00 to E99/D_Closed_Games_and_Grunfeld/D60_Queens_Gambit_Declined.pdf","117966","2d61806bac07695909b2ffc348c003dc8ef8e0094de03ca6564a924b11eb03c4","git","117966","2d61806bac07695909b2ffc348c003dc8ef8e0094de03ca6564a924b11eb03c4"
"chess5","group1/Complete Chess Opening Atlas - A00 to E99/D_Closed_Games_and_Grunfeld/D61_Queens_Gambit_Declined.pdf","library/group1/Complete Chess Opening Atlas - A00 to E99/D_Closed_Games_and_Grunfeld/D61_Queens_Gambit_Declined.pdf","118194","700462c0f59e62b828e838176ed07731051e732a8b09f9cc19cf3f6786f62a72","git","118194","700462c0f59e62b828e838176ed07731051e732a8b09f9cc19cf3f6786f62a72"
"chess5","group1/Complete Chess Opening Atlas - A00 to E99/D_Closed_Games_and_Grunfeld/D62_Queens_Gambit_Declined.pdf","library/group1/Complete Chess Opening Atlas - A00 to E99/D_Closed_Games_and_Grunfeld/D62_Queens_Gambit_Declined.pdf","117756","d7dbd5565941c0e9e4540b0030674340a15e0f09a4e28bb8457f73eedca10844","git","117756","d7dbd5565941c0e9e4540b0030674340a15e0f09a4e28bb8457f73eedca10844"
"chess5","group1/Complete Chess Opening Atlas - A00 to E99/D_Closed_Games_and_Grunfeld/D63_Queens_Gambit_Declined.pdf","library/group1/Complete Chess Opening Atlas - A00 to E99/D_Closed_Games_and_Grunfeld/D63_Queens_Gambit_Declined.pdf","119896","ef88f9fdeb8f649eb09ec2cc68b8d7658e249dbc2aa2015afd6c390b8a23c8fe","git","119896","ef88f9fdeb8f649eb09ec2cc68b8d7658e249dbc2aa2015afd6c390b8a23c8fe"
"chess5","group1/Complete Chess Opening Atlas - A00 to E99/D_Closed_Games_and_Grunfeld/D64_Queens_Gambit_Declined.pdf","library/group1/Complete Chess Opening Atlas - A00 to E99/D_Closed_Games_and_Grunfeld/D64_Queens_Gambit_Declined.pdf","118087","1c7cbf5c1daa51c0bdfbce8bffdc83cbfd6292e50377de8e08736f2443f68f7d","git","118087","1c7cbf5c1daa51c0bdfbce8bffdc83cbfd6292e50377de8e08736f2443f68f7d"
"chess5","group1/Complete Chess Opening Atlas - A00 to E99/D_Closed_Games_and_Grunfeld/D65_Queens_Gambit_Declined.pdf","library/group1/Complete Chess Opening Atlas - A00 to E99/D_Closed_Games_and_Grunfeld/D65_Queens_Gambit_Declined.pdf","117943","2c99eb7088e635947fddcbaa3934ff697707df456810924e62c785e53bc6d261","git","117943","2c99eb7088e635947fddcbaa3934ff697707df456810924e62c785e53bc6d261"
"chess5","group1/Complete Chess Opening Atlas - A00 to E99/D_Closed_Games_and_Grunfeld/D66_Queens_Gambit_Declined.pdf","library/group1/Complete Chess Opening Atlas - A00 to E99/D_Closed_Games_and_Grunfeld/D66_Queens_Gambit_Declined.pdf","117906","f2af9a42cc74f9451adb7cdb79b4124deee5c8b74b9546c4e12de9dd1cdf343e","git","117906","f2af9a42cc74f9451adb7cdb79b4124deee5c8b74b9546c4e12de9dd1cdf343e"
"chess5","group1/Complete Chess Opening Atlas - A00 to E99/D_Closed_Games_and_Grunfeld/D67_Queens_Gambit_Declined.pdf","library/group1/Complete Chess Opening Atlas - A00 to E99/D_Closed_Games_and_Grunfeld/D67_Queens_Gambit_Declined.pdf","118202","c648e48ec4d871338be649fd66d2401045ff3793192d669ec2e736ecd604c376","git","118202","c648e48ec4d871338be649fd66d2401045ff3793192d669ec2e736ecd604c376"
"chess5","group1/Complete Chess Opening Atlas - A00 to E99/D_Closed_Games_and_Grunfeld/D68_Queens_Gambit_Declined.pdf","library/group1/Complete Chess Opening Atlas - A00 to E99/D_Closed_Games_and_Grunfeld/D68_Queens_Gambit_Declined.pdf","117977","2f1c3fd7dd01e01f563108d6ec9f91222c20058aa4e5047a2ae2a0cd3c55c9f0","git","117977","2f1c3fd7dd01e01f563108d6ec9f91222c20058aa4e5047a2ae2a0cd3c55c9f0"
"chess5","group1/Complete Chess Opening Atlas - A00 to E99/D_Closed_Games_and_Grunfeld/D69_Queens_Gambit_Declined.pdf","library/group1/Complete Chess Opening Atlas - A00 to E99/D_Closed_Games_and_Grunfeld/D69_Queens_Gambit_Declined.pdf","117040","f32cd5246faa3e59559e99a58418e2b05644c25d1118ea0b8a74f00f91226a2b","git","117040","f32cd5246faa3e59559e99a58418e2b05644c25d1118ea0b8a74f00f91226a2b"
"chess5","group1/Complete Chess Opening Atlas - A00 to E99/D_Closed_Games_and_Grunfeld/D70_Neo_Gr_nfeld_Defense.pdf","library/group1/Complete Chess Opening Atlas - A00 to E99/D_Closed_Games_and_Grunfeld/D70_Neo_Gr_nfeld_Defense.pdf","118001","90dd63f88c1c279203d14d640f8de8eff78dbdca2a41c464f3a7d50044f8af1b","git","118001","90dd63f88c1c279203d14d640f8de8eff78dbdca2a41c464f3a7d50044f8af1b"
"chess5","group1/Complete Chess Opening Atlas - A00 to E99/D_Closed_Games_and_Grunfeld/D71_Neo_Gr_nfeld_Defense.pdf","library/group1/Complete Chess Opening Atlas - A00 to E99/D_Closed_Games_and_Grunfeld/D71_Neo_Gr_nfeld_Defense.pdf","117925","d1f63101cf05689b18a555e1b8b6c0e0c6570a2d6b2712db9887f78480102f3e","git","117925","d1f63101cf05689b18a555e1b8b6c0e0c6570a2d6b2712db9887f78480102f3e"
"chess5","group1/Complete Chess Opening Atlas - A00 to E99/D_Closed_Games_and_Grunfeld/D72_Neo_Gr_nfeld_Defense.pdf","library/group1/Complete Chess Opening Atlas - A00 to E99/D_Closed_Games_and_Grunfeld/D72_Neo_Gr_nfeld_Defense.pdf","117772","5bf97a5575f2d073f6e029574a85ee4f61fe1404fab4c65d211d10cf0b8a91c1","git","117772","5bf97a5575f2d073f6e029574a85ee4f61fe1404fab4c65d211d10cf0b8a91c1"
"chess5","group1/Complete Chess Opening Atlas - A00 to E99/D_Closed_Games_and_Grunfeld/D73_Neo_Gr_nfeld_Defense.pdf","library/group1/Complete Chess Opening Atlas - A00 to E99/D_Closed_Games_and_Grunfeld/D73_Neo_Gr_nfeld_Defense.pdf","117762","f578a673c014b48cc6c47e9475f4e0bebc2717866e0ba00ebff63a69249e07da","git","117762","f578a673c014b48cc6c47e9475f4e0bebc2717866e0ba00ebff63a69249e07da"
"chess5","group1/Complete Chess Opening Atlas - A00 to E99/D_Closed_Games_and_Grunfeld/D74_Neo_Gr_nfeld_Defense.pdf","library/group1/Complete Chess Opening Atlas - A00 to E99/D_Closed_Games_and_Grunfeld/D74_Neo_Gr_nfeld_Defense.pdf","117797","9cf25ee45cfceed18bb60feda83d19d0edb32ac5833455d9f53d39d4d707b35a","git","117797","9cf25ee45cfceed18bb60feda83d19d0edb32ac5833455d9f53d39d4d707b35a"
"chess5","group1/Complete Chess Opening Atlas - A00 to E99/D_Closed_Games_and_Grunfeld/D75_Neo_Gr_nfeld_Defense.pdf","library/group1/Complete Chess Opening Atlas - A00 to E99/D_Closed_Games_and_Grunfeld/D75_Neo_Gr_nfeld_Defense.pdf","117980","f8871cc04cb409abaaf5c5402ae007fce45681e1d495bd2f01c47eed0c06ca93","git","117980","f8871cc04cb409abaaf5c5402ae007fce45681e1d495bd2f01c47eed0c06ca93"
"chess5","group1/Complete Chess Opening Atlas - A00 to E99/D_Closed_Games_and_Grunfeld/D76_Neo_Gr_nfeld_Defense.pdf","library/group1/Complete Chess Opening Atlas - A00 to E99/D_Closed_Games_and_Grunfeld/D76_Neo_Gr_nfeld_Defense.pdf","117816","ac9893bbbdec9fbae3727f26df87c337ca98a59c604e2abf700f6fe495422899","git","117816","ac9893bbbdec9fbae3727f26df87c337ca98a59c604e2abf700f6fe495422899"
"chess5","group1/Complete Chess Opening Atlas - A00 to E99/D_Closed_Games_and_Grunfeld/D77_Neo_Gr_nfeld_Defense.pdf","library/group1/Complete Chess Opening Atlas - A00 to E99/D_Closed_Games_and_Grunfeld/D77_Neo_Gr_nfeld_Defense.pdf","118068","8f11e5d413d06a6dcac670cffedc9241429c4148296eb318cef22ec3dc5bf68d","git","118068","8f11e5d413d06a6dcac670cffedc9241429c4148296eb318cef22ec3dc5bf68d"
"chess5","group1/Complete Chess Opening Atlas - A00 to E99/D_Closed_Games_and_Grunfeld/D78_Neo_Gr_nfeld_Defense.pdf","library/group1/Complete Chess Opening Atlas - A00 to E99/D_Closed_Games_and_Grunfeld/D78_Neo_Gr_nfeld_Defense.pdf","117842","3aed5c0859d33a27452873d0022003fba615c91b468b57d044ceaac27b441d74","git","117842","3aed5c0859d33a27452873d0022003fba615c91b468b57d044ceaac27b441d74"
"chess5","group1/Complete Chess Opening Atlas - A00 to E99/D_Closed_Games_and_Grunfeld/D79_Neo_Gr_nfeld_Defense.pdf","library/group1/Complete Chess Opening Atlas - A00 to E99/D_Closed_Games_and_Grunfeld/D79_Neo_Gr_nfeld_Defense.pdf","117833","d361b38af05c970468e1dab97c53ba4d0259ceaea4be507758f89e74e4e6034a","git","117833","d361b38af05c970468e1dab97c53ba4d0259ceaea4be507758f89e74e4e6034a"
"chess5","group1/Complete Chess Opening Atlas - A00 to E99/D_Closed_Games_and_Grunfeld/D80_Gr_nfeld_Defense.pdf","library/group1/Complete Chess Opening Atlas - A00 to E99/D_Closed_Games_and_Grunfeld/D80_Gr_nfeld_Defense.pdf","118433","ce899f5d33fa967348f28ff88b8d339654ad50c300d59c76c9f7b370f96f2729","git","118433","ce899f5d33fa967348f28ff88b8d339654ad50c300d59c76c9f7b370f96f2729"
"chess5","group1/Complete Chess Opening Atlas - A00 to E99/D_Closed_Games_and_Grunfeld/D81_Gr_nfeld_Defense.pdf","library/group1/Complete Chess Opening Atlas - A00 to E99/D_Closed_Games_and_Grunfeld/D81_Gr_nfeld_Defense.pdf","117766","c566a794de88bdf13872a3432cbfead4cb24f948dd08c34265e00ed127ba4aa2","git","117766","c566a794de88bdf13872a3432cbfead4cb24f948dd08c34265e00ed127ba4aa2"
"chess5","group1/Complete Chess Opening Atlas - A00 to E99/D_Closed_Games_and_Grunfeld/D82_Gr_nfeld_Defense.pdf","library/group1/Complete Chess Opening Atlas - A00 to E99/D_Closed_Games_and_Grunfeld/D82_Gr_nfeld_Defense.pdf","117717","acebd05d12e7fc835b2c9934316549b7aa6b01df91794025cc5f3671aeef3990","git","117717","acebd05d12e7fc835b2c9934316549b7aa6b01df91794025cc5f3671aeef3990"
"chess5","group1/Complete Chess Opening Atlas - A00 to E99/D_Closed_Games_and_Grunfeld/D83_Gr_nfeld_Defense.pdf","library/group1/Complete Chess Opening Atlas - A00 to E99/D_Closed_Games_and_Grunfeld/D83_Gr_nfeld_Defense.pdf","118280","841b08ef45118df6048b8d65f30b58d1f872e0ddccdddd7ab2f0bdf0ccc84061","git","118280","841b08ef45118df6048b8d65f30b58d1f872e0ddccdddd7ab2f0bdf0ccc84061"
"chess5","group1/Complete Chess Opening Atlas - A00 to E99/D_Closed_Games_and_Grunfeld/D84_Gr_nfeld_Defense.pdf","library/group1/Complete Chess Opening Atlas - A00 to E99/D_Closed_Games_and_Grunfeld/D84_Gr_nfeld_Defense.pdf","117949","853af2973a8939628874709d29921e0478068ec72261e477c50078c036b20a6f","git","117949","853af2973a8939628874709d29921e0478068ec72261e477c50078c036b20a6f"
"chess5","group1/Complete Chess Opening Atlas - A00 to E99/D_Closed_Games_and_Grunfeld/D85_Gr_nfeld_Defense.pdf","library/group1/Complete Chess Opening Atlas - A00 to E99/D_Closed_Games_and_Grunfeld/D85_Gr_nfeld_Defense.pdf","118479","5f8313e024d4c0200f123183f9c43a2e50ef1acd14dddf81aa81a67bfbe0cddd","git","118479","5f8313e024d4c0200f123183f9c43a2e50ef1acd14dddf81aa81a67bfbe0cddd"
"chess5","group1/Complete Chess Opening Atlas - A00 to E99/D_Closed_Games_and_Grunfeld/D86_Gr_nfeld_Defense.pdf","library/group1/Complete Chess Opening Atlas - A00 to E99/D_Closed_Games_and_Grunfeld/D86_Gr_nfeld_Defense.pdf","118164","3f59be14a592d621da72e18d3cb600580135e7bb1bd02c25283c4855c3b24798","git","118164","3f59be14a592d621da72e18d3cb600580135e7bb1bd02c25283c4855c3b24798"
"chess5","group1/Complete Chess Opening Atlas - A00 to E99/D_Closed_Games_and_Grunfeld/D87_Gr_nfeld_Defense.pdf","library/group1/Complete Chess Opening Atlas - A00 to E99/D_Closed_Games_and_Grunfeld/D87_Gr_nfeld_Defense.pdf","117887","1b432f489b4134f4593292bbae0664845606b9236af5aa355bfb9b661e96d172","git","117887","1b432f489b4134f4593292bbae0664845606b9236af5aa355bfb9b661e96d172"
"chess5","group1/Complete Chess Opening Atlas - A00 to E99/D_Closed_Games_and_Grunfeld/D88_Gr_nfeld_Defense.pdf","library/group1/Complete Chess Opening Atlas - A00 to E99/D_Closed_Games_and_Grunfeld/D88_Gr_nfeld_Defense.pdf","117717","2d076e36f83549bca9236d2c99cfb3659c3b234684edf885cb3e80a624ec2d2b","git","117717","2d076e36f83549bca9236d2c99cfb3659c3b234684edf885cb3e80a624ec2d2b"
"chess5","group1/Complete Chess Opening Atlas - A00 to E99/D_Closed_Games_and_Grunfeld/D89_Gr_nfeld_Defense.pdf","library/group1/Complete Chess Opening Atlas - A00 to E99/D_Closed_Games_and_Grunfeld/D89_Gr_nfeld_Defense.pdf","117967","10643d597d7ca2ddf57c4d9eeab748ee0cbc63363ce9bc7dc733f27a7d919ef2","git","117967","10643d597d7ca2ddf57c4d9eeab748ee0cbc63363ce9bc7dc733f27a7d919ef2"
"chess5","group1/Complete Chess Opening Atlas - A00 to E99/D_Closed_Games_and_Grunfeld/D90_Gr_nfeld_Defense.pdf","library/group1/Complete Chess Opening Atlas - A00 to E99/D_Closed_Games_and_Grunfeld/D90_Gr_nfeld_Defense.pdf","117992","2b22ce31a87fb618252597d3f16ea1ab0d37e7b4ec9eaafccb9256c59747e1c4","git","117992","2b22ce31a87fb618252597d3f16ea1ab0d37e7b4ec9eaafccb9256c59747e1c4"
"chess5","group1/Complete Chess Opening Atlas - A00 to E99/D_Closed_Games_and_Grunfeld/D91_Gr_nfeld_Defense.pdf","library/group1/Complete Chess Opening Atlas - A00 to E99/D_Closed_Games_and_Grunfeld/D91_Gr_nfeld_Defense.pdf","117749","b3cc805460f230c2aae5c8b7acf49979bcd0d05d8d13a80edb41158e45055f06","git","117749","b3cc805460f230c2aae5c8b7acf49979bcd0d05d8d13a80edb41158e45055f06"
"chess5","group1/Complete Chess Opening Atlas - A00 to E99/D_Closed_Games_and_Grunfeld/D92_Gr_nfeld_Defense.pdf","library/group1/Complete Chess Opening Atlas - A00 to E99/D_Closed_Games_and_Grunfeld/D92_Gr_nfeld_Defense.pdf","117744","bdff4d948086bee88ad152249099f7f84cb45660571bde9e23b9cee2063c495f","git","117744","bdff4d948086bee88ad152249099f7f84cb45660571bde9e23b9cee2063c495f"
"chess5","group1/Complete Chess Opening Atlas - A00 to E99/D_Closed_Games_and_Grunfeld/D93_Gr_nfeld_Defense.pdf","library/group1/Complete Chess Opening Atlas - A00 to E99/D_Closed_Games_and_Grunfeld/D93_Gr_nfeld_Defense.pdf","117787","8bdc2bae36d9d28c83abc18456305acd8e4d24c66fd2f071fc1e38d630c1f308","git","117787","8bdc2bae36d9d28c83abc18456305acd8e4d24c66fd2f071fc1e38d630c1f308"
"chess5","group1/Complete Chess Opening Atlas - A00 to E99/D_Closed_Games_and_Grunfeld/D94_Gr_nfeld_Defense.pdf","library/group1/Complete Chess Opening Atlas - A00 to E99/D_Closed_Games_and_Grunfeld/D94_Gr_nfeld_Defense.pdf","118374","4a95028d215c86386b51c568c3c138bb93e5b36a721ef8ef7791cde860393dcd","git","118374","4a95028d215c86386b51c568c3c138bb93e5b36a721ef8ef7791cde860393dcd"
"chess5","group1/Complete Chess Opening Atlas - A00 to E99/D_Closed_Games_and_Grunfeld/D95_Gr_nfeld_Defense.pdf","library/group1/Complete Chess Opening Atlas - A00 to E99/D_Closed_Games_and_Grunfeld/D95_Gr_nfeld_Defense.pdf","118051","3acb270965fee9fcc98ea8a3207f0f20258b05c25295faea1241d7beef67fb01","git","118051","3acb270965fee9fcc98ea8a3207f0f20258b05c25295faea1241d7beef67fb01"
"chess5","group1/Complete Chess Opening Atlas - A00 to E99/D_Closed_Games_and_Grunfeld/D96_Gr_nfeld_Defense.pdf","library/group1/Complete Chess Opening Atlas - A00 to E99/D_Closed_Games_and_Grunfeld/D96_Gr_nfeld_Defense.pdf","117692","9d19162691126aae6f53e1377a9c137abf463d0b07f41491065fe658d01b7fe1","git","117692","9d19162691126aae6f53e1377a9c137abf463d0b07f41491065fe658d01b7fe1"
"chess5","group1/Complete Chess Opening Atlas - A00 to E99/D_Closed_Games_and_Grunfeld/D97_Gr_nfeld_Defense.pdf","library/group1/Complete Chess Opening Atlas - A00 to E99/D_Closed_Games_and_Grunfeld/D97_Gr_nfeld_Defense.pdf","118305","cddcd02751b65e6867698e2c48972e04a08702447df7959ac056d91be13185e6","git","118305","cddcd02751b65e6867698e2c48972e04a08702447df7959ac056d91be13185e6"
"chess5","group1/Complete Chess Opening Atlas - A00 to E99/D_Closed_Games_and_Grunfeld/D98_Gr_nfeld_Defense.pdf","library/group1/Complete Chess Opening Atlas - A00 to E99/D_Closed_Games_and_Grunfeld/D98_Gr_nfeld_Defense.pdf","117932","c2694e1ec5b9d7db6285adadf6f5bc6c73ab70281841ca3e818baa0c2ef695ab","git","117932","c2694e1ec5b9d7db6285adadf6f5bc6c73ab70281841ca3e818baa0c2ef695ab"
"chess5","group1/Complete Chess Opening Atlas - A00 to E99/D_Closed_Games_and_Grunfeld/D99_Gr_nfeld_Defense.pdf","library/group1/Complete Chess Opening Atlas - A00 to E99/D_Closed_Games_and_Grunfeld/D99_Gr_nfeld_Defense.pdf","117921","46d23a3bb51a7261e79611fa862563d42940f39260613c52a8711cb4621828da","git","117921","46d23a3bb51a7261e79611fa862563d42940f39260613c52a8711cb4621828da"
"chess5","group1/Complete Chess Opening Atlas - A00 to E99/E_Indian_Defenses/E00_Catalan_and_Indian_Queens_Pawn_Setups.pdf","library/group1/Complete Chess Opening Atlas - A00 to E99/E_Indian_Defenses/E00_Catalan_and_Indian_Queens_Pawn_Setups.pdf","118122","6c4d9abe124ce6f5314687ff2ab18b69818ed8fe4ca4e25b7f0d74126511826f","git","118122","6c4d9abe124ce6f5314687ff2ab18b69818ed8fe4ca4e25b7f0d74126511826f"
"chess5","group1/Complete Chess Opening Atlas - A00 to E99/E_Indian_Defenses/E01_Catalan_Opening.pdf","library/group1/Complete Chess Opening Atlas - A00 to E99/E_Indian_Defenses/E01_Catalan_Opening.pdf","117594","705cf3814ba89f2e948bc93a35c9662d2f6a9215b9bea9d0faa7c5b2c63859ce","git","117594","705cf3814ba89f2e948bc93a35c9662d2f6a9215b9bea9d0faa7c5b2c63859ce"
"chess5","group1/Complete Chess Opening Atlas - A00 to E99/E_Indian_Defenses/E02_Catalan_Opening.pdf","library/group1/Complete Chess Opening Atlas - A00 to E99/E_Indian_Defenses/E02_Catalan_Opening.pdf","117547","62f55a855b140d008eb906bc3fed9fb7096d5052030d716382d632986797f490","git","117547","62f55a855b140d008eb906bc3fed9fb7096d5052030d716382d632986797f490"
"chess5","group1/Complete Chess Opening Atlas - A00 to E99/E_Indian_Defenses/E03_Catalan_Opening.pdf","library/group1/Complete Chess Opening Atlas - A00 to E99/E_Indian_Defenses/E03_Catalan_Opening.pdf","117626","4f56e80bfe490e99cc073b863340e3ac9e0b50ba19d9db0aedef9f3e6bddf7e5","git","117626","4f56e80bfe490e99cc073b863340e3ac9e0b50ba19d9db0aedef9f3e6bddf7e5"
"chess5","group1/Complete Chess Opening Atlas - A00 to E99/E_Indian_Defenses/E04_Catalan_Opening.pdf","library/group1/Complete Chess Opening Atlas - A00 to E99/E_Indian_Defenses/E04_Catalan_Opening.pdf","117860","72b45bf2668e0eebaee62bc904b31da9b154aafad15c5e0a80e337f3dda5b5a9","git","117860","72b45bf2668e0eebaee62bc904b31da9b154aafad15c5e0a80e337f3dda5b5a9"
"chess5","group1/Complete Chess Opening Atlas - A00 to E99/E_Indian_Defenses/E05_Catalan_Opening.pdf","library/group1/Complete Chess Opening Atlas - A00 to E99/E_Indian_Defenses/E05_Catalan_Opening.pdf","117757","adf4209591c4218eec96e4963c43beda6817fdf902309308c7edeacca71d2d05","git","117757","adf4209591c4218eec96e4963c43beda6817fdf902309308c7edeacca71d2d05"
"chess5","group1/Complete Chess Opening Atlas - A00 to E99/E_Indian_Defenses/E06_Catalan_Opening.pdf","library/group1/Complete Chess Opening Atlas - A00 to E99/E_Indian_Defenses/E06_Catalan_Opening.pdf","117883","af89a8e01df74cdd72da632d51aef2ed5ffb2de25730e01d2bae373cf75dd7f8","git","117883","af89a8e01df74cdd72da632d51aef2ed5ffb2de25730e01d2bae373cf75dd7f8"
"chess5","group1/Complete Chess Opening Atlas - A00 to E99/E_Indian_Defenses/E07_Catalan_Opening.pdf","library/group1/Complete Chess Opening Atlas - A00 to E99/E_Indian_Defenses/E07_Catalan_Opening.pdf","117658","36aaf237d485a9e0e567b10b897b219f4be21d6760954ae21038447d220a10f6","git","117658","36aaf237d485a9e0e567b10b897b219f4be21d6760954ae21038447d220a10f6"
"chess5","group1/Complete Chess Opening Atlas - A00 to E99/E_Indian_Defenses/E08_Catalan_Opening.pdf","library/group1/Complete Chess Opening Atlas - A00 to E99/E_Indian_Defenses/E08_Catalan_Opening.pdf","118271","34da72f4637f9218549990e1b99555d315dd1193288b47d928d8843efa944c2b","git","118271","34da72f4637f9218549990e1b99555d315dd1193288b47d928d8843efa944c2b"
"chess5","group1/Complete Chess Opening Atlas - A00 to E99/E_Indian_Defenses/E09_Catalan_Opening.pdf","library/group1/Complete Chess Opening Atlas - A00 to E99/E_Indian_Defenses/E09_Catalan_Opening.pdf","118234","86ae6527834749661fef4f9acd9c81c538a1d195b3fe2a5347330bffb780b8fa","git","118234","86ae6527834749661fef4f9acd9c81c538a1d195b3fe2a5347330bffb780b8fa"
"chess5","group1/Complete Chess Opening Atlas - A00 to E99/E_Indian_Defenses/E10_Blumenfeld_Countergambit.pdf","library/group1/Complete Chess Opening Atlas - A00 to E99/E_Indian_Defenses/E10_Blumenfeld_Countergambit.pdf","118501","c78ed17f0b6c3fc3146b7c54010f8793a5bd4b97c69c14024e0703e567d39c60","git","118501","c78ed17f0b6c3fc3146b7c54010f8793a5bd4b97c69c14024e0703e567d39c60"
"chess5","group1/Complete Chess Opening Atlas - A00 to E99/E_Indian_Defenses/E11_Bogo_Indian_Defense.pdf","library/group1/Complete Chess Opening Atlas - A00 to E99/E_Indian_Defenses/E11_Bogo_Indian_Defense.pdf","122318","e3998ea0196dac1464ee8b4d5c6df91df8d55fb89f35021f1d0e2511757fdc9d","git","122318","e3998ea0196dac1464ee8b4d5c6df91df8d55fb89f35021f1d0e2511757fdc9d"
"chess5","group1/Complete Chess Opening Atlas - A00 to E99/E_Indian_Defenses/E12_Queens_Indian_Defense.pdf","library/group1/Complete Chess Opening Atlas - A00 to E99/E_Indian_Defenses/E12_Queens_Indian_Defense.pdf","120691","fd0ad8cdc86763f5933720bb8b7082f0e4ede767cdac2b934f1095bbeb14d53e","git","120691","fd0ad8cdc86763f5933720bb8b7082f0e4ede767cdac2b934f1095bbeb14d53e"
"chess5","group1/Complete Chess Opening Atlas - A00 to E99/E_Indian_Defenses/E13_Queens_Indian_Defense.pdf","library/group1/Complete Chess Opening Atlas - A00 to E99/E_Indian_Defenses/E13_Queens_Indian_Defense.pdf","117470","6b97158a28663e0ed44feb3fcf13000151512a159a205dc48528507550cabd2a","git","117470","6b97158a28663e0ed44feb3fcf13000151512a159a205dc48528507550cabd2a"
"chess5","group1/Complete Chess Opening Atlas - A00 to E99/E_Indian_Defenses/E14_Queens_Indian_Defense_with_e3.pdf","library/group1/Complete Chess Opening Atlas - A00 to E99/E_Indian_Defenses/E14_Queens_Indian_Defense_with_e3.pdf","122365","4b01c21fda8bd66b5c292b8da2769b6761d30deb798ee219bf50d724f060fc61","git","122365","4b01c21fda8bd66b5c292b8da2769b6761d30deb798ee219bf50d724f060fc61"
"chess5","group1/Complete Chess Opening Atlas - A00 to E99/E_Indian_Defenses/E15_Queens_Indian_Defense.pdf","library/group1/Complete Chess Opening Atlas - A00 to E99/E_Indian_Defenses/E15_Queens_Indian_Defense.pdf","120167","0a9558c8d7b8941aa1f0aba7ceaf2c60ecd36d198e871c80f33048b2c4726374","git","120167","0a9558c8d7b8941aa1f0aba7ceaf2c60ecd36d198e871c80f33048b2c4726374"
"chess5","group1/Complete Chess Opening Atlas - A00 to E99/E_Indian_Defenses/E16_Queens_Indian_Defense.pdf","library/group1/Complete Chess Opening Atlas - A00 to E99/E_Indian_Defenses/E16_Queens_Indian_Defense.pdf","117808","be8956fedc08af021e0a9ba9b64339a45346a4329e18ba883048ea7e09156de2","git","117808","be8956fedc08af021e0a9ba9b64339a45346a4329e18ba883048ea7e09156de2"
"chess5","group1/Complete Chess Opening Atlas - A00 to E99/E_Indian_Defenses/E17_Queens_Indian_Defense.pdf","library/group1/Complete Chess Opening Atlas - A00 to E99/E_Indian_Defenses/E17_Queens_Indian_Defense.pdf","118408","5e33e181c8c1bc0d08d2f449982b1dd815eb4b117200f402e34ac8675b8a6b65","git","118408","5e33e181c8c1bc0d08d2f449982b1dd815eb4b117200f402e34ac8675b8a6b65"
"chess5","group1/Complete Chess Opening Atlas - A00 to E99/E_Indian_Defenses/E18_Queens_Indian_Defense.pdf","library/group1/Complete Chess Opening Atlas - A00 to E99/E_Indian_Defenses/E18_Queens_Indian_Defense.pdf","117855","4f17ac3cc80dc9e1817f76122c9349198bd5e6ae2d91569352cde76c32522c01","git","117855","4f17ac3cc80dc9e1817f76122c9349198bd5e6ae2d91569352cde76c32522c01"
"chess5","group1/Complete Chess Opening Atlas - A00 to E99/E_Indian_Defenses/E19_Queens_Indian_Defense.pdf","library/group1/Complete Chess Opening Atlas - A00 to E99/E_Indian_Defenses/E19_Queens_Indian_Defense.pdf","117572","5381a6537705bff3e5e6bcb56b2bf111920449b48bbd9390e672b9d1d859dd87","git","117572","5381a6537705bff3e5e6bcb56b2bf111920449b48bbd9390e672b9d1d859dd87"
"chess5","group1/Complete Chess Opening Atlas - A00 to E99/E_Indian_Defenses/E20_Nimzo_Indian_Defense.pdf","library/group1/Complete Chess Opening Atlas - A00 to E99/E_Indian_Defenses/E20_Nimzo_Indian_Defense.pdf","118203","3d5ab356d0b5bbbef480428e1b157df4aea676cf5be2f9052a778a2cd86c9fc6","git","118203","3d5ab356d0b5bbbef480428e1b157df4aea676cf5be2f9052a778a2cd86c9fc6"
"chess5","group1/Complete Chess Opening Atlas - A00 to E99/E_Indian_Defenses/E21_Nimzo_Indian_Defense.pdf","library/group1/Complete Chess Opening Atlas - A00 to E99/E_Indian_Defenses/E21_Nimzo_Indian_Defense.pdf","117887","7c2827785f6ad68a5d6a00b231fb3cc00fafbf2230516752e36d2e0b96dbd891","git","117887","7c2827785f6ad68a5d6a00b231fb3cc00fafbf2230516752e36d2e0b96dbd891"
"chess5","group1/Complete Chess Opening Atlas - A00 to E99/E_Indian_Defenses/E22_Nimzo_Indian_Defense.pdf","library/group1/Complete Chess Opening Atlas - A00 to E99/E_Indian_Defenses/E22_Nimzo_Indian_Defense.pdf","117488","bc05addfca9b887fa021a4711bdc337ed2c0d2a2a6401e2284d74fba9c200859","git","117488","bc05addfca9b887fa021a4711bdc337ed2c0d2a2a6401e2284d74fba9c200859"
"chess5","group1/Complete Chess Opening Atlas - A00 to E99/E_Indian_Defenses/E23_Nimzo_Indian_Defense.pdf","library/group1/Complete Chess Opening Atlas - A00 to E99/E_Indian_Defenses/E23_Nimzo_Indian_Defense.pdf","118019","776544fafd9ee62273b15e1af9c798402577d36c34c2e77c24d1f9ff96590ea4","git","118019","776544fafd9ee62273b15e1af9c798402577d36c34c2e77c24d1f9ff96590ea4"
"chess5","group1/Complete Chess Opening Atlas - A00 to E99/E_Indian_Defenses/E24_Nimzo_Indian_Defense.pdf","library/group1/Complete Chess Opening Atlas - A00 to E99/E_Indian_Defenses/E24_Nimzo_Indian_Defense.pdf","117976","30ae33b3c8e26baef11201d0b240f75eaa90856cbecd012024bffc40128bf358","git","117976","30ae33b3c8e26baef11201d0b240f75eaa90856cbecd012024bffc40128bf358"
"chess5","group1/Complete Chess Opening Atlas - A00 to E99/E_Indian_Defenses/E25_Nimzo_Indian_Defense.pdf","library/group1/Complete Chess Opening Atlas - A00 to E99/E_Indian_Defenses/E25_Nimzo_Indian_Defense.pdf","118107","1247bc76f35c45aa1515d7e0e2af7d5df8eee58fd9a88bf2e0d406f38b81cca3","git","118107","1247bc76f35c45aa1515d7e0e2af7d5df8eee58fd9a88bf2e0d406f38b81cca3"
"chess5","group1/Complete Chess Opening Atlas - A00 to E99/E_Indian_Defenses/E26_Nimzo_Indian_Defense.pdf","library/group1/Complete Chess Opening Atlas - A00 to E99/E_Indian_Defenses/E26_Nimzo_Indian_Defense.pdf","117951","1b84bc6597779cc54f83299165dcf467ba659f9b5c5a2dd11f7a94b55a00df62","git","117951","1b84bc6597779cc54f83299165dcf467ba659f9b5c5a2dd11f7a94b55a00df62"
"chess5","group1/Complete Chess Opening Atlas - A00 to E99/E_Indian_Defenses/E27_Nimzo_Indian_Defense.pdf","library/group1/Complete Chess Opening Atlas - A00 to E99/E_Indian_Defenses/E27_Nimzo_Indian_Defense.pdf","117766","2d76ed4e189f0996562800bf307754fe32da41a67c431b27d743e5f167b54389","git","117766","2d76ed4e189f0996562800bf307754fe32da41a67c431b27d743e5f167b54389"
"chess5","group1/Complete Chess Opening Atlas - A00 to E99/E_Indian_Defenses/E28_Nimzo_Indian_Defense.pdf","library/group1/Complete Chess Opening Atlas - A00 to E99/E_Indian_Defenses/E28_Nimzo_Indian_Defense.pdf","117791","2152e760466d8ff556a78148bcbe26740ceba4befec453a2fa98952a0c47c091","git","117791","2152e760466d8ff556a78148bcbe26740ceba4befec453a2fa98952a0c47c091"
"chess5","group1/Complete Chess Opening Atlas - A00 to E99/E_Indian_Defenses/E29_Nimzo_Indian_Defense.pdf","library/group1/Complete Chess Opening Atlas - A00 to E99/E_Indian_Defenses/E29_Nimzo_Indian_Defense.pdf","117982","5c3306278eb1c60aa4cd63076122096c68b73511c651f2127845a3c8424590f4","git","117982","5c3306278eb1c60aa4cd63076122096c68b73511c651f2127845a3c8424590f4"
"chess5","group1/Complete Chess Opening Atlas - A00 to E99/E_Indian_Defenses/E30_Nimzo_Indian_Defense.pdf","library/group1/Complete Chess Opening Atlas - A00 to E99/E_Indian_Defenses/E30_Nimzo_Indian_Defense.pdf","117650","d43e3f0b3d4b66157dd91c09df705b167bb5e8775775b9a16af09af5b8c37023","git","117650","d43e3f0b3d4b66157dd91c09df705b167bb5e8775775b9a16af09af5b8c37023"
"chess5","group1/Complete Chess Opening Atlas - A00 to E99/E_Indian_Defenses/E31_Nimzo_Indian_Defense.pdf","library/group1/Complete Chess Opening Atlas - A00 to E99/E_Indian_Defenses/E31_Nimzo_Indian_Defense.pdf","117587","8a1b12191e9c85715cbc26a7517f296a2ada84297d4d76949e9aab1f21ff811f","git","117587","8a1b12191e9c85715cbc26a7517f296a2ada84297d4d76949e9aab1f21ff811f"
"chess5","group1/Complete Chess Opening Atlas - A00 to E99/E_Indian_Defenses/E32_Nimzo_Indian_Defense.pdf","library/group1/Complete Chess Opening Atlas - A00 to E99/E_Indian_Defenses/E32_Nimzo_Indian_Defense.pdf","117781","b072089b4a5d8bd3fc111d1a19ce4f9709f10f7110e8efaf495c32cd2fb7e27c","git","117781","b072089b4a5d8bd3fc111d1a19ce4f9709f10f7110e8efaf495c32cd2fb7e27c"
"chess5","group1/Complete Chess Opening Atlas - A00 to E99/E_Indian_Defenses/E33_Nimzo_Indian_Defense.pdf","library/group1/Complete Chess Opening Atlas - A00 to E99/E_Indian_Defenses/E33_Nimzo_Indian_Defense.pdf","117712","a2dbee263cc89b6a89ed576d1eb79e93294bfab8bfb8b74c9bb77121428adfd5","git","117712","a2dbee263cc89b6a89ed576d1eb79e93294bfab8bfb8b74c9bb77121428adfd5"
"chess5","group1/Complete Chess Opening Atlas - A00 to E99/E_Indian_Defenses/E34_Nimzo_Indian_Defense.pdf","library/group1/Complete Chess Opening Atlas - A00 to E99/E_Indian_Defenses/E34_Nimzo_Indian_Defense.pdf","117706","27cc453f0571fc5895774bb2039f0c71893ca84a82b3a97c86cc4b399cea692a","git","117706","27cc453f0571fc5895774bb2039f0c71893ca84a82b3a97c86cc4b399cea692a"
"chess5","group1/Complete Chess Opening Atlas - A00 to E99/E_Indian_Defenses/E35_Nimzo_Indian_Defense.pdf","library/group1/Complete Chess Opening Atlas - A00 to E99/E_Indian_Defenses/E35_Nimzo_Indian_Defense.pdf","117510","b5147f9ae338e5142c6b0c51f93c6df28b08f538951686bf9f7465b3abb3fb3d","git","117510","b5147f9ae338e5142c6b0c51f93c6df28b08f538951686bf9f7465b3abb3fb3d"
"chess5","group1/Complete Chess Opening Atlas - A00 to E99/E_Indian_Defenses/E36_Nimzo_Indian_Defense.pdf","library/group1/Complete Chess Opening Atlas - A00 to E99/E_Indian_Defenses/E36_Nimzo_Indian_Defense.pdf","117952","ec71af21ce33d096ae0bba1fc9489ce3d31675e1fda77dff0ba7639504693a1b","git","117952","ec71af21ce33d096ae0bba1fc9489ce3d31675e1fda77dff0ba7639504693a1b"
"chess5","group1/Complete Chess Opening Atlas - A00 to E99/E_Indian_Defenses/E37_Nimzo_Indian_Defense.pdf","library/group1/Complete Chess Opening Atlas - A00 to E99/E_Indian_Defenses/E37_Nimzo_Indian_Defense.pdf","117807","25cce1e22c2d0db5abaf531d6b4d70c029dd04bc999319c339f34744ce070ddb","git","117807","25cce1e22c2d0db5abaf531d6b4d70c029dd04bc999319c339f34744ce070ddb"
"chess5","group1/Complete Chess Opening Atlas - A00 to E99/E_Indian_Defenses/E38_Nimzo_Indian_Defense.pdf","library/group1/Complete Chess Opening Atlas - A00 to E99/E_Indian_Defenses/E38_Nimzo_Indian_Defense.pdf","117823","3ca67a95b79bfbca923f40862126d644e9214013046756eec28adad379f6e6ae","git","117823","3ca67a95b79bfbca923f40862126d644e9214013046756eec28adad379f6e6ae"
"chess5","group1/Complete Chess Opening Atlas - A00 to E99/E_Indian_Defenses/E39_Nimzo_Indian_Defense.pdf","library/group1/Complete Chess Opening Atlas - A00 to E99/E_Indian_Defenses/E39_Nimzo_Indian_Defense.pdf","117766","5aa365582e0aad248bdf109a50e5685677bd44439f9badb1ac9f51ea69d86d0b","git","117766","5aa365582e0aad248bdf109a50e5685677bd44439f9badb1ac9f51ea69d86d0b"
"chess5","group1/Complete Chess Opening Atlas - A00 to E99/E_Indian_Defenses/E40_Nimzo_Indian_Defense.pdf","library/group1/Complete Chess Opening Atlas - A00 to E99/E_Indian_Defenses/E40_Nimzo_Indian_Defense.pdf","117655","2858555ee7efdc08f50a64d6181ee8254a8d728bd62191f9ddda30e4adca77c4","git","117655","2858555ee7efdc08f50a64d6181ee8254a8d728bd62191f9ddda30e4adca77c4"
"chess5","group1/Complete Chess Opening Atlas - A00 to E99/E_Indian_Defenses/E41_Nimzo_Indian_Defense.pdf","library/group1/Complete Chess Opening Atlas - A00 to E99/E_Indian_Defenses/E41_Nimzo_Indian_Defense.pdf","117923","2ecd0b8c675dc1900a8e5fa67db09bd3d1192b72f9939954b9fa7931df61bda5","git","117923","2ecd0b8c675dc1900a8e5fa67db09bd3d1192b72f9939954b9fa7931df61bda5"
"chess5","group1/Complete Chess Opening Atlas - A00 to E99/E_Indian_Defenses/E42_Nimzo_Indian_Defense.pdf","library/group1/Complete Chess Opening Atlas - A00 to E99/E_Indian_Defenses/E42_Nimzo_Indian_Defense.pdf","117846","a1e6128400d852ac8b5f252f246c42bb27979195acc91c8317508d0fba7326a8","git","117846","a1e6128400d852ac8b5f252f246c42bb27979195acc91c8317508d0fba7326a8"
"chess5","group1/Complete Chess Opening Atlas - A00 to E99/E_Indian_Defenses/E43_Nimzo_Indian_Defense.pdf","library/group1/Complete Chess Opening Atlas - A00 to E99/E_Indian_Defenses/E43_Nimzo_Indian_Defense.pdf","120058","5369cfb33296ed019054ea93f19f5690965683fcc89a47c07260ed6da715c286","git","120058","5369cfb33296ed019054ea93f19f5690965683fcc89a47c07260ed6da715c286"
"chess5","group1/Complete Chess Opening Atlas - A00 to E99/E_Indian_Defenses/E44_Nimzo_Indian_Defense.pdf","library/group1/Complete Chess Opening Atlas - A00 to E99/E_Indian_Defenses/E44_Nimzo_Indian_Defense.pdf","117814","a92405d9cceb2408d8a8c983783c6f114f1fa1aba416ee13bd1f48b5eaaf2595","git","117814","a92405d9cceb2408d8a8c983783c6f114f1fa1aba416ee13bd1f48b5eaaf2595"
"chess5","group1/Complete Chess Opening Atlas - A00 to E99/E_Indian_Defenses/E45_Nimzo_Indian_Defense.pdf","library/group1/Complete Chess Opening Atlas - A00 to E99/E_Indian_Defenses/E45_Nimzo_Indian_Defense.pdf","117551","3b8878745d4045ca752a0ec4df388f786609a7b4c3e75e9d1b76bc6ead2e0e9e","git","117551","3b8878745d4045ca752a0ec4df388f786609a7b4c3e75e9d1b76bc6ead2e0e9e"
"chess5","group1/Complete Chess Opening Atlas - A00 to E99/E_Indian_Defenses/E46_Nimzo_Indian_Defense.pdf","library/group1/Complete Chess Opening Atlas - A00 to E99/E_Indian_Defenses/E46_Nimzo_Indian_Defense.pdf","117761","da6d82d43196b6ce8606e5892bbad76168a668c13012491774d46084816abc41","git","117761","da6d82d43196b6ce8606e5892bbad76168a668c13012491774d46084816abc41"
"chess5","group1/Complete Chess Opening Atlas - A00 to E99/E_Indian_Defenses/E47_Nimzo_Indian_Defense.pdf","library/group1/Complete Chess Opening Atlas - A00 to E99/E_Indian_Defenses/E47_Nimzo_Indian_Defense.pdf","117490","eb6aaf37e0dd7743efd96cf9110f40947fa1db895c93721a540e9759c9517754","git","117490","eb6aaf37e0dd7743efd96cf9110f40947fa1db895c93721a540e9759c9517754"
"chess5","group1/Complete Chess Opening Atlas - A00 to E99/E_Indian_Defenses/E48_Nimzo_Indian_Defense.pdf","library/group1/Complete Chess Opening Atlas - A00 to E99/E_Indian_Defenses/E48_Nimzo_Indian_Defense.pdf","117699","a9c932c533275e6b31da4df585db6060ddd7e195d1710c7501b60a621cf23ac1","git","117699","a9c932c533275e6b31da4df585db6060ddd7e195d1710c7501b60a621cf23ac1"
"chess5","group1/Complete Chess Opening Atlas - A00 to E99/E_Indian_Defenses/E49_Nimzo_Indian_Defense.pdf","library/group1/Complete Chess Opening Atlas - A00 to E99/E_Indian_Defenses/E49_Nimzo_Indian_Defense.pdf","117542","70f561551734cf25a18167dd934928e7dd2a1e6a0f10c87f366fcb0081d41c4a","git","117542","70f561551734cf25a18167dd934928e7dd2a1e6a0f10c87f366fcb0081d41c4a"
"chess5","group1/Complete Chess Opening Atlas - A00 to E99/E_Indian_Defenses/E50_Nimzo_Indian_Defense.pdf","library/group1/Complete Chess Opening Atlas - A00 to E99/E_Indian_Defenses/E50_Nimzo_Indian_Defense.pdf","117474","dbea35463e6bf80c2d4981cef3b01106654836a63b6682dae536e92e463643a3","git","117474","dbea35463e6bf80c2d4981cef3b01106654836a63b6682dae536e92e463643a3"
"chess5","group1/Complete Chess Opening Atlas - A00 to E99/E_Indian_Defenses/E51_Nimzo_Indian_Defense.pdf","library/group1/Complete Chess Opening Atlas - A00 to E99/E_Indian_Defenses/E51_Nimzo_Indian_Defense.pdf","118001","a3c81f1ff88ee46369f81482925a6411769149688d9dfce3c85a757a07d5b07a","git","118001","a3c81f1ff88ee46369f81482925a6411769149688d9dfce3c85a757a07d5b07a"
"chess5","group1/Complete Chess Opening Atlas - A00 to E99/E_Indian_Defenses/E52_Nimzo_Indian_Defense.pdf","library/group1/Complete Chess Opening Atlas - A00 to E99/E_Indian_Defenses/E52_Nimzo_Indian_Defense.pdf","117738","e6f97bf5b8b968dd71fd6efd08ec3feb6ce562d220bc69005318b1cef2c3974b","git","117738","e6f97bf5b8b968dd71fd6efd08ec3feb6ce562d220bc69005318b1cef2c3974b"
"chess5","group1/Complete Chess Opening Atlas - A00 to E99/E_Indian_Defenses/E53_Nimzo_Indian_Defense.pdf","library/group1/Complete Chess Opening Atlas - A00 to E99/E_Indian_Defenses/E53_Nimzo_Indian_Defense.pdf","117841","c41b5cf8efb59f6926a768ef89d35dd6e5667075a87e633f72ca960ff406b4b1","git","117841","c41b5cf8efb59f6926a768ef89d35dd6e5667075a87e633f72ca960ff406b4b1"
"chess5","group1/Complete Chess Opening Atlas - A00 to E99/E_Indian_Defenses/E54_Nimzo_Indian_Defense.pdf","library/group1/Complete Chess Opening Atlas - A00 to E99/E_Indian_Defenses/E54_Nimzo_Indian_Defense.pdf","117863","d51b071fa86b156470331adecff4e735fed84b0b521fa7a8d29b9a84f68b2608","git","117863","d51b071fa86b156470331adecff4e735fed84b0b521fa7a8d29b9a84f68b2608"
"chess5","group1/Complete Chess Opening Atlas - A00 to E99/E_Indian_Defenses/E55_Nimzo_Indian_Defense.pdf","library/group1/Complete Chess Opening Atlas - A00 to E99/E_Indian_Defenses/E55_Nimzo_Indian_Defense.pdf","117643","50b7d0138b395f76d4b6dd86748ed4b0033648ec923b9f3119422e089984ab4a","git","117643","50b7d0138b395f76d4b6dd86748ed4b0033648ec923b9f3119422e089984ab4a"
"chess5","group1/Complete Chess Opening Atlas - A00 to E99/E_Indian_Defenses/E56_Nimzo_Indian_Defense.pdf","library/group1/Complete Chess Opening Atlas - A00 to E99/E_Indian_Defenses/E56_Nimzo_Indian_Defense.pdf","117646","6ef31a5187278071cf352b92da842b7dd47ad15c21d93a1d98a362d5adbb2eb3","git","117646","6ef31a5187278071cf352b92da842b7dd47ad15c21d93a1d98a362d5adbb2eb3"
"chess5","group1/Complete Chess Opening Atlas - A00 to E99/E_Indian_Defenses/E57_Nimzo_Indian_Defense.pdf","library/group1/Complete Chess Opening Atlas - A00 to E99/E_Indian_Defenses/E57_Nimzo_Indian_Defense.pdf","117660","e31c1458e1b696c448c0fc90431249a90d27eecca4bc8ad099ae20fc2d4f9641","git","117660","e31c1458e1b696c448c0fc90431249a90d27eecca4bc8ad099ae20fc2d4f9641"
"chess5","group1/Complete Chess Opening Atlas - A00 to E99/E_Indian_Defenses/E58_Nimzo_Indian_Defense.pdf","library/group1/Complete Chess Opening Atlas - A00 to E99/E_Indian_Defenses/E58_Nimzo_Indian_Defense.pdf","117600","c94df562b508b696806f55b42b45d78924f5e8795bf37c2eb7acd647c6d61f8a","git","117600","c94df562b508b696806f55b42b45d78924f5e8795bf37c2eb7acd647c6d61f8a"
"chess5","group1/Complete Chess Opening Atlas - A00 to E99/E_Indian_Defenses/E59_Nimzo_Indian_Defense.pdf","library/group1/Complete Chess Opening Atlas - A00 to E99/E_Indian_Defenses/E59_Nimzo_Indian_Defense.pdf","117722","6aacff7e78f9b3e4be55e359cc614e53b9a4cb3bab3c3ac717cd91ac568625dd","git","117722","6aacff7e78f9b3e4be55e359cc614e53b9a4cb3bab3c3ac717cd91ac568625dd"
"chess5","group1/Complete Chess Opening Atlas - A00 to E99/E_Indian_Defenses/E60_Indian_Defense.pdf","library/group1/Complete Chess Opening Atlas - A00 to E99/E_Indian_Defenses/E60_Indian_Defense.pdf","120421","ac72c3cd54cd5c1ea73a9086b71e7dd46bca6dcaba4070f65e132f7a85a02c02","git","120421","ac72c3cd54cd5c1ea73a9086b71e7dd46bca6dcaba4070f65e132f7a85a02c02"
"chess5","group1/Complete Chess Opening Atlas - A00 to E99/E_Indian_Defenses/E61_Kings_Indian_Defense.pdf","library/group1/Complete Chess Opening Atlas - A00 to E99/E_Indian_Defenses/E61_Kings_Indian_Defense.pdf","118184","57e3db052d70b5f80185a5a30e079d3a21ebb8e09df9189bfae3d8093401ef00","git","118184","57e3db052d70b5f80185a5a30e079d3a21ebb8e09df9189bfae3d8093401ef00"
"chess5","group1/Complete Chess Opening Atlas - A00 to E99/E_Indian_Defenses/E62_Kings_Indian_Defense.pdf","library/group1/Complete Chess Opening Atlas - A00 to E99/E_Indian_Defenses/E62_Kings_Indian_Defense.pdf","118369","abef5d8ef51d9740811ad9a057a1208f5b15f68a14c5fdab0ed95edcf1856dc7","git","118369","abef5d8ef51d9740811ad9a057a1208f5b15f68a14c5fdab0ed95edcf1856dc7"
"chess5","group1/Complete Chess Opening Atlas - A00 to E99/E_Indian_Defenses/E63_Kings_Indian_Defense.pdf","library/group1/Complete Chess Opening Atlas - A00 to E99/E_Indian_Defenses/E63_Kings_Indian_Defense.pdf","118119","3311877c1581a09a74cc85b9bb2e236348705a7da7b0aaa2c6114da0dd18adf2","git","118119","3311877c1581a09a74cc85b9bb2e236348705a7da7b0aaa2c6114da0dd18adf2"
"chess5","group1/Complete Chess Opening Atlas - A00 to E99/E_Indian_Defenses/E64_Kings_Indian_Defense.pdf","library/group1/Complete Chess Opening Atlas - A00 to E99/E_Indian_Defenses/E64_Kings_Indian_Defense.pdf","118181","9b2bf7863574c5918ccf446efe075d21f38730ee3677b347298f29b994712e61","git","118181","9b2bf7863574c5918ccf446efe075d21f38730ee3677b347298f29b994712e61"
"chess5","group1/Complete Chess Opening Atlas - A00 to E99/E_Indian_Defenses/E65_Kings_Indian_Defense.pdf","library/group1/Complete Chess Opening Atlas - A00 to E99/E_Indian_Defenses/E65_Kings_Indian_Defense.pdf","117838","d6429c5b6ba1522ce774ad8a2ecfffce22e26f1fcd5edd368fbff35ca7176581","git","117838","d6429c5b6ba1522ce774ad8a2ecfffce22e26f1fcd5edd368fbff35ca7176581"
"chess5","group1/Complete Chess Opening Atlas - A00 to E99/E_Indian_Defenses/E66_Kings_Indian_Defense.pdf","library/group1/Complete Chess Opening Atlas - A00 to E99/E_Indian_Defenses/E66_Kings_Indian_Defense.pdf","117716","784ffddd590d5b160b0bf9bfe34b114c634132e7ed6a038882e4deba270e861e","git","117716","784ffddd590d5b160b0bf9bfe34b114c634132e7ed6a038882e4deba270e861e"
"chess5","group1/Complete Chess Opening Atlas - A00 to E99/E_Indian_Defenses/E67_Kings_Indian_Defense.pdf","library/group1/Complete Chess Opening Atlas - A00 to E99/E_Indian_Defenses/E67_Kings_Indian_Defense.pdf","117813","fc47f8b0cce3f160bccb411a2994fc0d216a0e07ed957140b198d081b32df05f","git","117813","fc47f8b0cce3f160bccb411a2994fc0d216a0e07ed957140b198d081b32df05f"
"chess5","group1/Complete Chess Opening Atlas - A00 to E99/E_Indian_Defenses/E68_Kings_Indian_Defense.pdf","library/group1/Complete Chess Opening Atlas - A00 to E99/E_Indian_Defenses/E68_Kings_Indian_Defense.pdf","117867","d48aec58823457864fe17b587bbe8db195936b3fe4270d53e83b620cbc33cc5f","git","117867","d48aec58823457864fe17b587bbe8db195936b3fe4270d53e83b620cbc33cc5f"
"chess5","group1/Complete Chess Opening Atlas - A00 to E99/E_Indian_Defenses/E69_Kings_Indian_Defense.pdf","library/group1/Complete Chess Opening Atlas - A00 to E99/E_Indian_Defenses/E69_Kings_Indian_Defense.pdf","117729","dfeecca69239feb47cdfc6e54d9fcd4eef9c0249fa5bd74d0b7bc8c4a71ade27","git","117729","dfeecca69239feb47cdfc6e54d9fcd4eef9c0249fa5bd74d0b7bc8c4a71ade27"
"chess5","group1/Complete Chess Opening Atlas - A00 to E99/E_Indian_Defenses/E70_Kings_Indian_Defense.pdf","library/group1/Complete Chess Opening Atlas - A00 to E99/E_Indian_Defenses/E70_Kings_Indian_Defense.pdf","117854","0408b3e19da8e323013e379cf3fc9898e5afcbb04d901d3780b92b3247c666b6","git","117854","0408b3e19da8e323013e379cf3fc9898e5afcbb04d901d3780b92b3247c666b6"
"chess5","group1/Complete Chess Opening Atlas - A00 to E99/E_Indian_Defenses/E71_Kings_Indian_Defense.pdf","library/group1/Complete Chess Opening Atlas - A00 to E99/E_Indian_Defenses/E71_Kings_Indian_Defense.pdf","117700","5b9a191f1b73de1ac234f777734a142cad05586956bb9a5506029f14ff816680","git","117700","5b9a191f1b73de1ac234f777734a142cad05586956bb9a5506029f14ff816680"
"chess5","group1/Complete Chess Opening Atlas - A00 to E99/E_Indian_Defenses/E72_Kings_Indian_Defense.pdf","library/group1/Complete Chess Opening Atlas - A00 to E99/E_Indian_Defenses/E72_Kings_Indian_Defense.pdf","117791","88f064fbdecb6653a4662772bbc563e05b335801943eae75283f62379016f94c","git","117791","88f064fbdecb6653a4662772bbc563e05b335801943eae75283f62379016f94c"
"chess5","group1/Complete Chess Opening Atlas - A00 to E99/E_Indian_Defenses/E73_Kings_Indian_Defense.pdf","library/group1/Complete Chess Opening Atlas - A00 to E99/E_Indian_Defenses/E73_Kings_Indian_Defense.pdf","118522","be73f6115ca0b4803fe4b64a8bf928a1ac236929d00229246918685b7f902b95","git","118522","be73f6115ca0b4803fe4b64a8bf928a1ac236929d00229246918685b7f902b95"
"chess5","group1/Complete Chess Opening Atlas - A00 to E99/E_Indian_Defenses/E74_Kings_Indian_Defense.pdf","library/group1/Complete Chess Opening Atlas - A00 to E99/E_Indian_Defenses/E74_Kings_Indian_Defense.pdf","117870","bc94d9f24ab7a5a2fdf6ad527978054ef75c9d6b7ab2ad34e97ec92f7661ff4c","git","117870","bc94d9f24ab7a5a2fdf6ad527978054ef75c9d6b7ab2ad34e97ec92f7661ff4c"
"chess5","group1/Complete Chess Opening Atlas - A00 to E99/E_Indian_Defenses/E75_Kings_Indian_Defense.pdf","library/group1/Complete Chess Opening Atlas - A00 to E99/E_Indian_Defenses/E75_Kings_Indian_Defense.pdf","117620","c4d7244f53338e15261677cce9a2883b2967f1fc09ca20fc7ef47ba02ce5efc4","git","117620","c4d7244f53338e15261677cce9a2883b2967f1fc09ca20fc7ef47ba02ce5efc4"
"chess5","group1/Complete Chess Opening Atlas - A00 to E99/E_Indian_Defenses/E76_Kings_Indian_Defense.pdf","library/group1/Complete Chess Opening Atlas - A00 to E99/E_Indian_Defenses/E76_Kings_Indian_Defense.pdf","117819","9a48330b75e7711012c46ce183da3f8cf88aae35da8ad9bcc2dad5513fb3f44d","git","117819","9a48330b75e7711012c46ce183da3f8cf88aae35da8ad9bcc2dad5513fb3f44d"
"chess5","group1/Complete Chess Opening Atlas - A00 to E99/E_Indian_Defenses/E77_Kings_Indian_Defense.pdf","library/group1/Complete Chess Opening Atlas - A00 to E99/E_Indian_Defenses/E77_Kings_Indian_Defense.pdf","117985","26cbb176b12e17df993ac36947c4a9e6db5334221b9946ea7fa360d88a6a8c18","git","117985","26cbb176b12e17df993ac36947c4a9e6db5334221b9946ea7fa360d88a6a8c18"
"chess5","group1/Complete Chess Opening Atlas - A00 to E99/E_Indian_Defenses/E78_Kings_Indian_Defense.pdf","library/group1/Complete Chess Opening Atlas - A00 to E99/E_Indian_Defenses/E78_Kings_Indian_Defense.pdf","117601","86ea8238c6bbe51b4d50547a9d2a750165ea2334f9fd704ca42d5296a077ded0","git","117601","86ea8238c6bbe51b4d50547a9d2a750165ea2334f9fd704ca42d5296a077ded0"
"chess5","group1/Complete Chess Opening Atlas - A00 to E99/E_Indian_Defenses/E79_Kings_Indian_Defense.pdf","library/group1/Complete Chess Opening Atlas - A00 to E99/E_Indian_Defenses/E79_Kings_Indian_Defense.pdf","117665","58470ceb6a50a5bb84dae9ae72b672ac051afe1df406ce5af42f34b9408077da","git","117665","58470ceb6a50a5bb84dae9ae72b672ac051afe1df406ce5af42f34b9408077da"
"chess5","group1/Complete Chess Opening Atlas - A00 to E99/E_Indian_Defenses/E80_Kings_Indian_Defense.pdf","library/group1/Complete Chess Opening Atlas - A00 to E99/E_Indian_Defenses/E80_Kings_Indian_Defense.pdf","117849","c8ef74b9dc436d1942a4c635e938d46b10cf6dd43be157bc816a644bf39b536d","git","117849","c8ef74b9dc436d1942a4c635e938d46b10cf6dd43be157bc816a644bf39b536d"
"chess5","group1/Complete Chess Opening Atlas - A00 to E99/E_Indian_Defenses/E81_Kings_Indian_Defense.pdf","library/group1/Complete Chess Opening Atlas - A00 to E99/E_Indian_Defenses/E81_Kings_Indian_Defense.pdf","118685","272f568b62a6edd849d5b5f0bc19c9a3fb3bcd9683ceb8fe0d9ebe1aed262ef9","git","118685","272f568b62a6edd849d5b5f0bc19c9a3fb3bcd9683ceb8fe0d9ebe1aed262ef9"
"chess5","group1/Complete Chess Opening Atlas - A00 to E99/E_Indian_Defenses/E82_Kings_Indian_Defense.pdf","library/group1/Complete Chess Opening Atlas - A00 to E99/E_Indian_Defenses/E82_Kings_Indian_Defense.pdf","117922","de71f3b0de9dbd4e17272ab8df07b41b1f53eee65892af5417331e30deb806b9","git","117922","de71f3b0de9dbd4e17272ab8df07b41b1f53eee65892af5417331e30deb806b9"
"chess5","group1/Complete Chess Opening Atlas - A00 to E99/E_Indian_Defenses/E83_Kings_Indian_Defense.pdf","library/group1/Complete Chess Opening Atlas - A00 to E99/E_Indian_Defenses/E83_Kings_Indian_Defense.pdf","118191","279823d4dfccdf0dc0042ff51b213f2f56f5bfd0136b44ab9dfccc4bdbec8a78","git","118191","279823d4dfccdf0dc0042ff51b213f2f56f5bfd0136b44ab9dfccc4bdbec8a78"
"chess5","group1/Complete Chess Opening Atlas - A00 to E99/E_Indian_Defenses/E84_Kings_Indian_Defense.pdf","library/group1/Complete Chess Opening Atlas - A00 to E99/E_Indian_Defenses/E84_Kings_Indian_Defense.pdf","117960","6f214bf0ae210d214694db1aba73597e24289092fecc65dd30e6a3037b7b6bc8","git","117960","6f214bf0ae210d214694db1aba73597e24289092fecc65dd30e6a3037b7b6bc8"
"chess5","group1/Complete Chess Opening Atlas - A00 to E99/E_Indian_Defenses/E85_Kings_Indian_Defense.pdf","library/group1/Complete Chess Opening Atlas - A00 to E99/E_Indian_Defenses/E85_Kings_Indian_Defense.pdf","117913","4334b01d5bc1507f6289273f5becfac5f794ae6a4719f80af1a3e1959e8fcb18","git","117913","4334b01d5bc1507f6289273f5becfac5f794ae6a4719f80af1a3e1959e8fcb18"
"chess5","group1/Complete Chess Opening Atlas - A00 to E99/E_Indian_Defenses/E86_Kings_Indian_Defense.pdf","library/group1/Complete Chess Opening Atlas - A00 to E99/E_Indian_Defenses/E86_Kings_Indian_Defense.pdf","117893","27b0780c9463b9060106fbcdfe00796a120e9213b2706479fd2b78ff6d03938f","git","117893","27b0780c9463b9060106fbcdfe00796a120e9213b2706479fd2b78ff6d03938f"
"chess5","group1/Complete Chess Opening Atlas - A00 to E99/E_Indian_Defenses/E87_Kings_Indian_Defense.pdf","library/group1/Complete Chess Opening Atlas - A00 to E99/E_Indian_Defenses/E87_Kings_Indian_Defense.pdf","118263","6da31de12fbe324fe06b5c51a55a38236a31aa6acf9058f42b17967101e1666e","git","118263","6da31de12fbe324fe06b5c51a55a38236a31aa6acf9058f42b17967101e1666e"
"chess5","group1/Complete Chess Opening Atlas - A00 to E99/E_Indian_Defenses/E88_Kings_Indian_Defense.pdf","library/group1/Complete Chess Opening Atlas - A00 to E99/E_Indian_Defenses/E88_Kings_Indian_Defense.pdf","117934","40a3fdc56ac966917ca916c1e029684b5c82afd01c5bb107ccbda4f2f52ef086","git","117934","40a3fdc56ac966917ca916c1e029684b5c82afd01c5bb107ccbda4f2f52ef086"
"chess5","group1/Complete Chess Opening Atlas - A00 to E99/E_Indian_Defenses/E89_Kings_Indian_Defense.pdf","library/group1/Complete Chess Opening Atlas - A00 to E99/E_Indian_Defenses/E89_Kings_Indian_Defense.pdf","118044","0c614f2b336e581fbb9d11cbd4e26c8faa1913365426a6b0cbd62bd09f29482d","git","118044","0c614f2b336e581fbb9d11cbd4e26c8faa1913365426a6b0cbd62bd09f29482d"
"chess5","group1/Complete Chess Opening Atlas - A00 to E99/E_Indian_Defenses/E90_Kings_Indian_Defense.pdf","library/group1/Complete Chess Opening Atlas - A00 to E99/E_Indian_Defenses/E90_Kings_Indian_Defense.pdf","117823","30360f29e0f120f1fe52acded71ef232883eb38ef17c3b5c2ca16c8ca0f285c1","git","117823","30360f29e0f120f1fe52acded71ef232883eb38ef17c3b5c2ca16c8ca0f285c1"
"chess5","group1/Complete Chess Opening Atlas - A00 to E99/E_Indian_Defenses/E91_Kings_Indian_Defense.pdf","library/group1/Complete Chess Opening Atlas - A00 to E99/E_Indian_Defenses/E91_Kings_Indian_Defense.pdf","117694","9b85a8209d27fa4889384c20f8c529a6e6571b61a85d9deb83545361df0a9fd2","git","117694","9b85a8209d27fa4889384c20f8c529a6e6571b61a85d9deb83545361df0a9fd2"
"chess5","group1/Complete Chess Opening Atlas - A00 to E99/E_Indian_Defenses/E92_Kings_Indian_Defense.pdf","library/group1/Complete Chess Opening Atlas - A00 to E99/E_Indian_Defenses/E92_Kings_Indian_Defense.pdf","118073","0e0ffe0e00c62d35e1720825ed910a30962cc85676afe439c7059e2008c4ef9b","git","118073","0e0ffe0e00c62d35e1720825ed910a30962cc85676afe439c7059e2008c4ef9b"
"chess5","group1/Complete Chess Opening Atlas - A00 to E99/E_Indian_Defenses/E93_Kings_Indian_Defense.pdf","library/group1/Complete Chess Opening Atlas - A00 to E99/E_Indian_Defenses/E93_Kings_Indian_Defense.pdf","117791","574e18a7110e029de38245c1a99756b6408e571784fde3bdbc09560897c65dc3","git","117791","574e18a7110e029de38245c1a99756b6408e571784fde3bdbc09560897c65dc3"
"chess5","group1/Complete Chess Opening Atlas - A00 to E99/E_Indian_Defenses/E94_Kings_Indian_Defense.pdf","library/group1/Complete Chess Opening Atlas - A00 to E99/E_Indian_Defenses/E94_Kings_Indian_Defense.pdf","118209","7fc882fa2bddf442081f31febca9ec9d2c09d379674e2243639902b12ee9f424","git","118209","7fc882fa2bddf442081f31febca9ec9d2c09d379674e2243639902b12ee9f424"
"chess5","group1/Complete Chess Opening Atlas - A00 to E99/E_Indian_Defenses/E95_Kings_Indian_Defense.pdf","library/group1/Complete Chess Opening Atlas - A00 to E99/E_Indian_Defenses/E95_Kings_Indian_Defense.pdf","117603","a5efb882cf918e537d2c9359a9ada791dad82e34ff2bec54d5d6ef1520616f3b","git","117603","a5efb882cf918e537d2c9359a9ada791dad82e34ff2bec54d5d6ef1520616f3b"
"chess5","group1/Complete Chess Opening Atlas - A00 to E99/E_Indian_Defenses/E96_Kings_Indian_Defense.pdf","library/group1/Complete Chess Opening Atlas - A00 to E99/E_Indian_Defenses/E96_Kings_Indian_Defense.pdf","117658","3f26a19bbf184c617e1aa5114af8ab74475daeaeed43c7f960b7f1c93047c45c","git","117658","3f26a19bbf184c617e1aa5114af8ab74475daeaeed43c7f960b7f1c93047c45c"
"chess5","group1/Complete Chess Opening Atlas - A00 to E99/E_Indian_Defenses/E97_Kings_Indian_Defense.pdf","library/group1/Complete Chess Opening Atlas - A00 to E99/E_Indian_Defenses/E97_Kings_Indian_Defense.pdf","118302","93ce7df6c52f141bccb4fa17d55f6555588e6b96c9dfc61313b7d7f19b68f66c","git","118302","93ce7df6c52f141bccb4fa17d55f6555588e6b96c9dfc61313b7d7f19b68f66c"
"chess5","group1/Complete Chess Opening Atlas - A00 to E99/E_Indian_Defenses/E98_Kings_Indian_Defense.pdf","library/group1/Complete Chess Opening Atlas - A00 to E99/E_Indian_Defenses/E98_Kings_Indian_Defense.pdf","118001","f0de6fac75b519e21340b6a475853730c21cfdfc6e5e73829982079ec8101428","git","118001","f0de6fac75b519e21340b6a475853730c21cfdfc6e5e73829982079ec8101428"
"chess5","group1/Complete Chess Opening Atlas - A00 to E99/E_Indian_Defenses/E99_Kings_Indian_Defense.pdf","library/group1/Complete Chess Opening Atlas - A00 to E99/E_Indian_Defenses/E99_Kings_Indian_Defense.pdf","117868","91b4a1e7a74c142d7fb03e9b38e56f4736aa322875e60ca0915e67acbb2f8799","git","117868","91b4a1e7a74c142d7fb03e9b38e56f4736aa322875e60ca0915e67acbb2f8799"
"chess5","group1/Complete Chess Opening Atlas - A00 to E99/OPENING_ATLAS_INDEX.html","library/group1/Complete Chess Opening Atlas - A00 to E99/OPENING_ATLAS_INDEX.html","95976","847f5707a8dda8dd11b98b3fd2f9778da781b36a05f0d2aa8130c47ceae46c0d","git","95976","847f5707a8dda8dd11b98b3fd2f9778da781b36a05f0d2aa8130c47ceae46c0d"
"chess5","group1/Complete Chess Opening Atlas - A00 to E99/OPENING_ATLAS_MANIFEST.csv","library/group1/Complete Chess Opening Atlas - A00 to E99/OPENING_ATLAS_MANIFEST.csv","99927","cdc72007be99008a49175c127872590571c9a9fffa3c7bed9efab13acbf448e3","git","99927","cdc72007be99008a49175c127872590571c9a9fffa3c7bed9efab13acbf448e3"
"chess5","group1/Complete Chess Opening Atlas - A00 to E99/QA_REPORT.txt","library/group1/Complete Chess Opening Atlas - A00 to E99/QA_REPORT.txt","428","69d5d2e0ca8d9f4b4e26543bd3e3e31d0cbe6c31e136341d9013a0fc3478fe97","git","428","69d5d2e0ca8d9f4b4e26543bd3e3e31d0cbe6c31e136341d9013a0fc3478fe97"
"chess5","group1/Complete Chess Opening Atlas - A00 to E99/SOURCE_AND_SCOPE.txt","library/group1/Complete Chess Opening Atlas - A00 to E99/SOURCE_AND_SCOPE.txt","1753","5c7128f307087beb42decd63e74a4d844c8a885d3fc68aaba5d06d06df79846c","git","1753","5c7128f307087beb42decd63e74a4d844c8a885d3fc68aaba5d06d06df79846c"
"chess5","group1/Complete Chess Opening Atlas - A00 to E99/START_HERE.txt","library/group1/Complete Chess Opening Atlas - A00 to E99/START_HERE.txt","1474","092f7c5adb1abcd7ad513cdd80c71d53346cfb562de49fc3688641f87245304f","git","1474","092f7c5adb1abcd7ad513cdd80c71d53346cfb562de49fc3688641f87245304f"
"chess5","group1/Complete Hippopotamus System Course/01_Hippo_Foundations_and_Setup_Map.pdf","library/group1/Complete Hippopotamus System Course/01_Hippo_Foundations_and_Setup_Map.pdf","670166","0f01543057bb448841ace53f302afd767bc02dfc8b4d73f98a4ded9416ca0932","git","670166","0f01543057bb448841ace53f302afd767bc02dfc8b4d73f98a4ded9416ca0932"
"chess5","group1/Complete Hippopotamus System Course/02_Hippo_vs_1_e4_Classical_Centers.pdf","library/group1/Complete Hippopotamus System Course/02_Hippo_vs_1_e4_Classical_Centers.pdf","488001","2e8f3a741d5f5841c279bfc8765bdb68699233b35c7c6de1aaf1f8023569a175","git","488001","2e8f3a741d5f5841c279bfc8765bdb68699233b35c7c6de1aaf1f8023569a175"
"chess5","group1/Complete Hippopotamus System Course/03_Hippo_vs_1_d4_Queens_Pawn_Centers.pdf","library/group1/Complete Hippopotamus System Course/03_Hippo_vs_1_d4_Queens_Pawn_Centers.pdf","487694","a596224535e72f88bba32f0c7a3d15fdac64772c44467dae7bc38b08bff2d7f8","git","487694","a596224535e72f88bba32f0c7a3d15fdac64772c44467dae7bc38b08bff2d7f8"
"chess5","group1/Complete Hippopotamus System Course/04_Hippo_vs_English_Reti_and_Flank_Openings.pdf","library/group1/Complete Hippopotamus System Course/04_Hippo_vs_English_Reti_and_Flank_Openings.pdf","487235","d774ec766bbfd32bee867f1cf59e3c6ee57bb0eaeb67b3d3a7fad32833d56813","git","487235","d774ec766bbfd32bee867f1cf59e3c6ee57bb0eaeb67b3d3a7fad32833d56813"
"chess5","group1/Complete Hippopotamus System Course/05_Hippo_Move_Orders_Transpositions_and_Early_Deviations.pdf","library/group1/Complete Hippopotamus System Course/05_Hippo_Move_Orders_Transpositions_and_Early_Deviations.pdf","487789","e763c907034f82b5f86a7c5beddff1dbafe037bc3fe94b53a878a025cf7add45","git","487789","e763c907034f82b5f86a7c5beddff1dbafe037bc3fe94b53a878a025cf7add45"
"chess5","group1/Complete Hippopotamus System Course/06_The_Hippo_e5_Break.pdf","library/group1/Complete Hippopotamus System Course/06_The_Hippo_e5_Break.pdf","487482","2a3e2d1d958c81f86ec7bdb29ef10872f277d6bbe38ec39b3ecfcbc917f7364c","git","487482","2a3e2d1d958c81f86ec7bdb29ef10872f277d6bbe38ec39b3ecfcbc917f7364c"
"chess5","group1/Complete Hippopotamus System Course/07_The_Hippo_c5_Break.pdf","library/group1/Complete Hippopotamus System Course/07_The_Hippo_c5_Break.pdf","487097","36fb3574185dfb96fa67567c61ba41ddbdc5d7acb6ea9e5ca755ca8d436264d0","git","487097","36fb3574185dfb96fa67567c61ba41ddbdc5d7acb6ea9e5ca755ca8d436264d0"
"chess5","group1/Complete Hippopotamus System Course/08_The_Hippo_f5_and_b5_Breaks.pdf","library/group1/Complete Hippopotamus System Course/08_The_Hippo_f5_and_b5_Breaks.pdf","487466","36b4685b3549601bdc567dc3dc2ed8d2e547c0b39f29f5ff4984ecf0e7cb84a5","git","487466","36b4685b3549601bdc567dc3dc2ed8d2e547c0b39f29f5ff4984ecf0e7cb84a5"
"chess5","group1/Complete Hippopotamus System Course/09_Hippo_Piece_Maneuvers_and_Defensive_Architecture.pdf","library/group1/Complete Hippopotamus System Course/09_Hippo_Piece_Maneuvers_and_Defensive_Architecture.pdf","488077","a321f996a3df825cb552e0973b412e51b5f2c72ea1611bc103c6fee87960319c","git","488077","a321f996a3df825cb552e0973b412e51b5f2c72ea1611bc103c6fee87960319c"
"chess5","group1/Complete Hippopotamus System Course/10_Fighting_Anti_Hippo_Space_Attacks.pdf","library/group1/Complete Hippopotamus System Course/10_Fighting_Anti_Hippo_Space_Attacks.pdf","487659","44256c80127ab0111638496c90d8b21bfb4071763d85e0abf435044e5e6b85b0","git","487659","44256c80127ab0111638496c90d8b21bfb4071763d85e0abf435044e5e6b85b0"
"chess5","group1/Complete Hippopotamus System Course/11_White_Hippopotamus_Companion.pdf","library/group1/Complete Hippopotamus System Course/11_White_Hippopotamus_Companion.pdf","806151","32decdb3a6a14e90184f1cccc4f4cc31485a17c0b21dd9ac33292db5a8e9bb29","git","806151","32decdb3a6a14e90184f1cccc4f4cc31485a17c0b21dd9ac33292db5a8e9bb29"
"chess5","group1/Complete Hippopotamus System Course/12_Hippo_Pawn_Structure_and_Plan_Atlas.pdf","library/group1/Complete Hippopotamus System Course/12_Hippo_Pawn_Structure_and_Plan_Atlas.pdf","476644","b89bbcdc2ce914fe590ec57bad7019e15d22486394a0eef4fbe572f1d8978fad","git","476644","b89bbcdc2ce914fe590ec57bad7019e15d22486394a0eef4fbe572f1d8978fad"
"chess5","group1/Complete Hippopotamus System Course/13_Hippo_Tactics_Traps_and_Defensive_Resources.pdf","library/group1/Complete Hippopotamus System Course/13_Hippo_Tactics_Traps_and_Defensive_Resources.pdf","558317","8fd0e7b01f6323401b4605815d9c34e7d611bef9fb9bc74ad70784cfa5abbf1b","git","558317","8fd0e7b01f6323401b4605815d9c34e7d611bef9fb9bc74ad70784cfa5abbf1b"
"chess5","group1/Complete Hippopotamus System Course/14_Hippo_Model_Games_and_Guess_the_Move_Training.pdf","library/group1/Complete Hippopotamus System Course/14_Hippo_Model_Games_and_Guess_the_Move_Training.pdf","402201","da396b8d24d3febf35fcca10d274b3064ede7260667dbd014be19467a13fd2f5","git","402201","da396b8d24d3febf35fcca10d274b3064ede7260667dbd014be19467a13fd2f5"
"chess5","group1/Complete Hippopotamus System Course/15_Hippo_Final_Workbook_and_Fritz_Companion.pdf","library/group1/Complete Hippopotamus System Course/15_Hippo_Final_Workbook_and_Fritz_Companion.pdf","847472","64e4444c122b9b7b23d75dc60e264be13bbdd82fa01c44cadd14bfe1d4aba1fa","git","847472","64e4444c122b9b7b23d75dc60e264be13bbdd82fa01c44cadd14bfe1d4aba1fa"
"chess5","group1/Complete Hippopotamus System Course/Black_Hippopotamus_Repertoire.pgn","library/group1/Complete Hippopotamus System Course/Black_Hippopotamus_Repertoire.pgn","63252","c46828144142f8f7e57a4c62d78e5e68cb35e5745cd6e739f2e6eaaf3c444b80","git","63252","c46828144142f8f7e57a4c62d78e5e68cb35e5745cd6e739f2e6eaaf3c444b80"
"chess5","group1/Complete Hippopotamus System Course/Constructed_Hippo_Model_Games.pgn","library/group1/Complete Hippopotamus System Course/Constructed_Hippo_Model_Games.pgn","7640","245f88484e8ba1c977e0c5568b6ea08c15fdcd5a11ed436d91a573ec3b8e3590","git","7640","245f88484e8ba1c977e0c5568b6ea08c15fdcd5a11ed436d91a573ec3b8e3590"
"chess5","group1/Complete Hippopotamus System Course/LIBRARY_MANIFEST.csv","library/group1/Complete Hippopotamus System Course/LIBRARY_MANIFEST.csv","1471","7bcb24f122e555ff1fcf1d261bf43c00308ba4d69bfddd65a3df3a6fc7fd3cc1","git","1471","7bcb24f122e555ff1fcf1d261bf43c00308ba4d69bfddd65a3df3a6fc7fd3cc1"
"chess5","group1/Complete Hippopotamus System Course/START_HERE.txt","library/group1/Complete Hippopotamus System Course/START_HERE.txt","2219","4b57e081fccc96b561329bc371f58ea6c5aa19ba92ce4ae3cadcee176f9dccbf","git","2219","4b57e081fccc96b561329bc371f58ea6c5aa19ba92ce4ae3cadcee176f9dccbf"
"chess5","group1/Complete Hippopotamus System Course/Training_Positions.csv","library/group1/Complete Hippopotamus System Course/Training_Positions.csv","19251","e30b0913338ab6fe6ecdba79e8972a46068a9da92f551429e6f4d8835e4dd601","git","19251","e30b0913338ab6fe6ecdba79e8972a46068a9da92f551429e6f4d8835e4dd601"
"chess5","group1/Complete Hippopotamus System Course/Training_Positions.pgn","library/group1/Complete Hippopotamus System Course/Training_Positions.pgn","39973","6e780da6f7eba341a7a8be3d5ed9b64f0efa70ad1b4f3f88c76ddfc511940fca","git","39973","6e780da6f7eba341a7a8be3d5ed9b64f0efa70ad1b4f3f88c76ddfc511940fca"
"chess5","group1/Complete White Hippopotamus System Course/01_White_Hippo_Foundations_and_Repertoire_Map.pdf","library/group1/Complete White Hippopotamus System Course/01_White_Hippo_Foundations_and_Repertoire_Map.pdf","669342","72e0dc99c9c097af3bb6182407c274caf3a61d25b9e5a2cf365549023a3a235e","git","669342","72e0dc99c9c097af3bb6182407c274caf3a61d25b9e5a2cf365549023a3a235e"
"chess5","group1/Complete White Hippopotamus System Course/02_White_Hippo_vs_d5_e5_Classical_Centers.pdf","library/group1/Complete White Hippopotamus System Course/02_White_Hippo_vs_d5_e5_Classical_Centers.pdf","486720","55717c8fb9ed66e434daf1a773188fc7eb69ca7d84e75dd3a3befb4cd7d3db3b","git","486720","55717c8fb9ed66e434daf1a773188fc7eb69ca7d84e75dd3a3befb4cd7d3db3b"
"chess5","group1/Complete White Hippopotamus System Course/03_White_Hippo_vs_e5_and_Open_Center_Systems.pdf","library/group1/Complete White Hippopotamus System Course/03_White_Hippo_vs_e5_and_Open_Center_Systems.pdf","484680","bd76985791fb2d59a9f46e391fbb40a7445db81c8bfd248e9eb740e02b13d86d","git","484680","bd76985791fb2d59a9f46e391fbb40a7445db81c8bfd248e9eb740e02b13d86d"
"chess5","group1/Complete White Hippopotamus System Course/04_White_Hippo_vs_Sicilian_and_c5_Structures.pdf","library/group1/Complete White Hippopotamus System Course/04_White_Hippo_vs_Sicilian_and_c5_Structures.pdf","486950","ff79e822d4363c5f6b1bb0927388252df301debcbe07a3b9410d474a7829e5a9","git","486950","ff79e822d4363c5f6b1bb0927388252df301debcbe07a3b9410d474a7829e5a9"
"chess5","group1/Complete White Hippopotamus System Course/05_White_Hippo_vs_French_Caro_Kann_and_Scandinavian_Structures.pdf","library/group1/Complete White Hippopotamus System Course/05_White_Hippo_vs_French_Caro_Kann_and_Scandinavian_Structures.pdf","486395","75289ecefab3dcdf91d7092cebb9600de4df69e64f7d257e0519b5ddfe15f911","git","486395","75289ecefab3dcdf91d7092cebb9600de4df69e64f7d257e0519b5ddfe15f911"
"chess5","group1/Complete White Hippopotamus System Course/06_White_Hippo_vs_Kings_Indian_Pirc_and_Modern_Setups.pdf","library/group1/Complete White Hippopotamus System Course/06_White_Hippo_vs_Kings_Indian_Pirc_and_Modern_Setups.pdf","486209","58094339f71725f40a23bc04fc8fe620e5542e779fecf8caa62b33cf8e00d7e6","git","486209","58094339f71725f40a23bc04fc8fe620e5542e779fecf8caa62b33cf8e00d7e6"
"chess5","group1/Complete White Hippopotamus System Course/07_White_Hippo_vs_Dutch_Owen_and_Flank_Setups.pdf","library/group1/Complete White Hippopotamus System Course/07_White_Hippo_vs_Dutch_Owen_and_Flank_Setups.pdf","486630","4ae88f4a64839d3d0f0aa46f13e49b3c2a6b51d49d40021f91d2d2c472df8b25","git","486630","4ae88f4a64839d3d0f0aa46f13e49b3c2a6b51d49d40021f91d2d2c472df8b25"
"chess5","group1/Complete White Hippopotamus System Course/08_White_Hippo_Move_Orders_Transpositions_and_Exit_Ramps.pdf","library/group1/Complete White Hippopotamus System Course/08_White_Hippo_Move_Orders_Transpositions_and_Exit_Ramps.pdf","486732","34b99eab151ce02efbc9b73b750eec96b82598929f41e1a525cd62c0f785ad85","git","486732","34b99eab151ce02efbc9b73b750eec96b82598929f41e1a525cd62c0f785ad85"
"chess5","group1/Complete White Hippopotamus System Course/09_The_White_Hippo_e4_and_d4_Breaks.pdf","library/group1/Complete White Hippopotamus System Course/09_The_White_Hippo_e4_and_d4_Breaks.pdf","486958","d23902d994ec67ca7a81b42d30c181e2b834559d01f8fd88249da378023d43a5","git","486958","d23902d994ec67ca7a81b42d30c181e2b834559d01f8fd88249da378023d43a5"
"chess5","group1/Complete White Hippopotamus System Course/10_The_White_Hippo_c4_f4_b4_and_h4_Breaks.pdf","library/group1/Complete White Hippopotamus System Course/10_The_White_Hippo_c4_f4_b4_and_h4_Breaks.pdf","486552","89cc878b0acc7ececf849276d6dc46487e5398dba98886b70d38f9a8cb08a8a3","git","486552","89cc878b0acc7ececf849276d6dc46487e5398dba98886b70d38f9a8cb08a8a3"
"chess5","group1/Complete White Hippopotamus System Course/11_White_Hippo_Piece_Maneuvers_King_Safety_and_Defense.pdf","library/group1/Complete White Hippopotamus System Course/11_White_Hippo_Piece_Maneuvers_King_Safety_and_Defense.pdf","806618","ef16400f368dd523175a5c198f27e7f0803b498fc9acdc362607dbf707ebce39","git","806618","ef16400f368dd523175a5c198f27e7f0803b498fc9acdc362607dbf707ebce39"
"chess5","group1/Complete White Hippopotamus System Course/12_White_Hippo_Pawn_Structure_and_Plan_Atlas.pdf","library/group1/Complete White Hippopotamus System Course/12_White_Hippo_Pawn_Structure_and_Plan_Atlas.pdf","475180","aa17e4688de98a10fbe084fa27ec200c9cbd2d9ec390d13121b555d432d8115d","git","475180","aa17e4688de98a10fbe084fa27ec200c9cbd2d9ec390d13121b555d432d8115d"
"chess5","group1/Complete White Hippopotamus System Course/13_White_Hippo_Tactics_Traps_and_Defensive_Resources.pdf","library/group1/Complete White Hippopotamus System Course/13_White_Hippo_Tactics_Traps_and_Defensive_Resources.pdf","557786","7007231c3d24399510214d2794d8f62320cd1fcdedff14de0e081b33c90cdb77","git","557786","7007231c3d24399510214d2794d8f62320cd1fcdedff14de0e081b33c90cdb77"
"chess5","group1/Complete White Hippopotamus System Course/14_White_Hippo_Model_Games_and_Guess_the_Move_Training.pdf","library/group1/Complete White Hippopotamus System Course/14_White_Hippo_Model_Games_and_Guess_the_Move_Training.pdf","403482","89a8927fefb6e3896f1883bff2d4d7848e5c2b52c114109b7274e35e8a7f2dfd","git","403482","89a8927fefb6e3896f1883bff2d4d7848e5c2b52c114109b7274e35e8a7f2dfd"
"chess5","group1/Complete White Hippopotamus System Course/15_White_Hippo_Final_Workbook_and_Fritz_Companion.pdf","library/group1/Complete White Hippopotamus System Course/15_White_Hippo_Final_Workbook_and_Fritz_Companion.pdf","847001","2fc7f2bac8d73f83836187edff29afd852f5e22a06cd5ceb25a4c24211121f40","git","847001","2fc7f2bac8d73f83836187edff29afd852f5e22a06cd5ceb25a4c24211121f40"
"chess5","group1/Complete White Hippopotamus System Course/Constructed_White_Hippo_Model_Games.pgn","library/group1/Complete White Hippopotamus System Course/Constructed_White_Hippo_Model_Games.pgn","7306","1acc9eaa8993864abf4b3651ff1da844309bbd9e3595e34679456804bebad96e","git","7306","1acc9eaa8993864abf4b3651ff1da844309bbd9e3595e34679456804bebad96e"
"chess5","group1/Complete White Hippopotamus System Course/LIBRARY_MANIFEST.csv","library/group1/Complete White Hippopotamus System Course/LIBRARY_MANIFEST.csv","1790","dafae51a156d5aa270ad8e33f72714aa24d4885234e623df7465c7f9fabc6a52","git","1790","dafae51a156d5aa270ad8e33f72714aa24d4885234e623df7465c7f9fabc6a52"
"chess5","group1/Complete White Hippopotamus System Course/START_HERE.txt","library/group1/Complete White Hippopotamus System Course/START_HERE.txt","2311","5da12deeb8268d82a3a05ed7ac695721641047cfc35f44fe8c159ed415223209","git","2311","5da12deeb8268d82a3a05ed7ac695721641047cfc35f44fe8c159ed415223209"
"chess5","group1/Complete White Hippopotamus System Course/Training_Positions.csv","library/group1/Complete White Hippopotamus System Course/Training_Positions.csv","17223","1aa0f0f50c56873ebca6d90625b1a693c388dc1468e8d07819d5e600ca1f8df3","git","17223","1aa0f0f50c56873ebca6d90625b1a693c388dc1468e8d07819d5e600ca1f8df3"
"chess5","group1/Complete White Hippopotamus System Course/Training_Positions.pgn","library/group1/Complete White Hippopotamus System Course/Training_Positions.pgn","35804","e311431ae33e21d0651cc908a1c2c87b9582001b17c97384cb8b417f3bbc52c2","git","35804","e311431ae33e21d0651cc908a1c2c87b9582001b17c97384cb8b417f3bbc52c2"
"chess5","group1/Complete White Hippopotamus System Course/White_Hippopotamus_Repertoire.pgn","library/group1/Complete White Hippopotamus System Course/White_Hippopotamus_Repertoire.pgn","61413","15ad80bb634f6753327394c1b53d41a9cc9c716145e4f0402f550ae43ea2df55","git","61413","15ad80bb634f6753327394c1b53d41a9cc9c716145e4f0402f550ae43ea2df55"
"chess5","group1/Grandmaster Style Chess Advice Course - 1000 Lessons/01_Thinking_Like_a_Strong_Player.pdf","library/group1/Grandmaster Style Chess Advice Course - 1000 Lessons/01_Thinking_Like_a_Strong_Player.pdf","390172","d98461c3eda9d1f1dd4323418fd6222fae64a04507622a5149a3a0eb74e0e9dc","git","390172","d98461c3eda9d1f1dd4323418fd6222fae64a04507622a5149a3a0eb74e0e9dc"
"chess5","group1/Grandmaster Style Chess Advice Course - 1000 Lessons/02_Blunder_Prevention_and_Tactical_Safety.pdf","library/group1/Grandmaster Style Chess Advice Course - 1000 Lessons/02_Blunder_Prevention_and_Tactical_Safety.pdf","387802","2376c94f4814b2d0b18d401367f941eccca2306e2d3f777634b561932dd4893b","git","387802","2376c94f4814b2d0b18d401367f941eccca2306e2d3f777634b561932dd4893b"
"chess5","group1/Grandmaster Style Chess Advice Course - 1000 Lessons/03_Candidate_Moves_and_Choice.pdf","library/group1/Grandmaster Style Chess Advice Course - 1000 Lessons/03_Candidate_Moves_and_Choice.pdf","387335","2260be29f0bcab78760e376557fea589bac75f30a4fcb6b0af4fa66a2c35a8ca","git","387335","2260be29f0bcab78760e376557fea589bac75f30a4fcb6b0af4fa66a2c35a8ca"
"chess5","group1/Grandmaster Style Chess Advice Course - 1000 Lessons/04_Calculation_That_You_Can_Trust.pdf","library/group1/Grandmaster Style Chess Advice Course - 1000 Lessons/04_Calculation_That_You_Can_Trust.pdf","386264","a596bc38519c9226eb60bcdd2703fac2cc5803e0a83e5a554f038d5afa140e1d","git","386264","a596bc38519c9226eb60bcdd2703fac2cc5803e0a83e5a554f038d5afa140e1d"
"chess5","group1/Grandmaster Style Chess Advice Course - 1000 Lessons/05_Tactical_Vision_and_Pattern_Use.pdf","library/group1/Grandmaster Style Chess Advice Course - 1000 Lessons/05_Tactical_Vision_and_Pattern_Use.pdf","385499","af2c5013596439664a0b20a454fcf88ea8d1c2942e7efc68f7cf6aa1fe9253fd","git","385499","af2c5013596439664a0b20a454fcf88ea8d1c2942e7efc68f7cf6aa1fe9253fd"
"chess5","group1/Grandmaster Style Chess Advice Course - 1000 Lessons/06_Opening_Study_That_Transfers.pdf","library/group1/Grandmaster Style Chess Advice Course - 1000 Lessons/06_Opening_Study_That_Transfers.pdf","381232","8ddec04920ad1e2c0e5ccef3e2c46220a54ff84125248b478556656bc000dc95","git","381232","8ddec04920ad1e2c0e5ccef3e2c46220a54ff84125248b478556656bc000dc95"
"chess5","group1/Grandmaster Style Chess Advice Course - 1000 Lessons/07_Development_Tempo_and_Initiative.pdf","library/group1/Grandmaster Style Chess Advice Course - 1000 Lessons/07_Development_Tempo_and_Initiative.pdf","383566","adeb29ac80a546b516d835e9663841a3162ebca687b78ffcc307bf60d178ad1b","git","383566","adeb29ac80a546b516d835e9663841a3162ebca687b78ffcc307bf60d178ad1b"
"chess5","group1/Grandmaster Style Chess Advice Course - 1000 Lessons/08_Center_Space_and_Tension.pdf","library/group1/Grandmaster Style Chess Advice Course - 1000 Lessons/08_Center_Space_and_Tension.pdf","381984","705335f6ccd6ea52e9b42eaaeafbcce191696badfddac6e425d763a796f8849d","git","381984","705335f6ccd6ea52e9b42eaaeafbcce191696badfddac6e425d763a796f8849d"
"chess5","group1/Grandmaster Style Chess Advice Course - 1000 Lessons/09_Pawn_Structures_and_Breaks.pdf","library/group1/Grandmaster Style Chess Advice Course - 1000 Lessons/09_Pawn_Structures_and_Breaks.pdf","380934","f95dfcd213feb6ec251df4066e69c7ab70b248281fca079cea8d12ff2a32132b","git","380934","f95dfcd213feb6ec251df4066e69c7ab70b248281fca079cea8d12ff2a32132b"
"chess5","group1/Grandmaster Style Chess Advice Course - 1000 Lessons/10_Piece_Improvement_and_Coordination.pdf","library/group1/Grandmaster Style Chess Advice Course - 1000 Lessons/10_Piece_Improvement_and_Coordination.pdf","380766","9a47ef1c3e192982a9b6f062b162f1919bfcead57babcc5b22b13c5c6fb41b16","git","380766","9a47ef1c3e192982a9b6f062b162f1919bfcead57babcc5b22b13c5c6fb41b16"
"chess5","group1/Grandmaster Style Chess Advice Course - 1000 Lessons/11_Exchanges_Imbalances_and_Simplification.pdf","library/group1/Grandmaster Style Chess Advice Course - 1000 Lessons/11_Exchanges_Imbalances_and_Simplification.pdf","380752","e5a83a67769a273aac4bb55a3f955bf71a7f7cf8021fb622024dc2617288dac1","git","380752","e5a83a67769a273aac4bb55a3f955bf71a7f7cf8021fb622024dc2617288dac1"
"chess5","group1/Grandmaster Style Chess Advice Course - 1000 Lessons/12_Attacking_with_Justification.pdf","library/group1/Grandmaster Style Chess Advice Course - 1000 Lessons/12_Attacking_with_Justification.pdf","379790","2a767b3aec818bbcbb1b65b038e824fb821f811d9870c5b65cbb91160aeb40c2","git","379790","2a767b3aec818bbcbb1b65b038e824fb821f811d9870c5b65cbb91160aeb40c2"
"chess5","group1/Grandmaster Style Chess Advice Course - 1000 Lessons/13_Defense_and_Prophylaxis.pdf","library/group1/Grandmaster Style Chess Advice Course - 1000 Lessons/13_Defense_and_Prophylaxis.pdf","379658","98e0085344c62b3799d83c94914b79a9faf4d821b58a3d4cc885e55650458010","git","379658","98e0085344c62b3799d83c94914b79a9faf4d821b58a3d4cc885e55650458010"
"chess5","group1/Grandmaster Style Chess Advice Course - 1000 Lessons/14_Planning_and_Position_Transitions.pdf","library/group1/Grandmaster Style Chess Advice Course - 1000 Lessons/14_Planning_and_Position_Transitions.pdf","377941","8ab8a3a979ad1ef9190fc684587d200c7d6de162d28cf662070c23df4bf0ff09","git","377941","8ab8a3a979ad1ef9190fc684587d200c7d6de162d28cf662070c23df4bf0ff09"
"chess5","group1/Grandmaster Style Chess Advice Course - 1000 Lessons/15_Endgame_Practical_Wisdom.pdf","library/group1/Grandmaster Style Chess Advice Course - 1000 Lessons/15_Endgame_Practical_Wisdom.pdf","350442","83574856179cd918c1d195ad65cd51f75d7c9ef5496098bbc10b038d810282d7","git","350442","83574856179cd918c1d195ad65cd51f75d7c9ef5496098bbc10b038d810282d7"
"chess5","group1/Grandmaster Style Chess Advice Course - 1000 Lessons/16_Clock_Management_and_Practical_Decisions.pdf","library/group1/Grandmaster Style Chess Advice Course - 1000 Lessons/16_Clock_Management_and_Practical_Decisions.pdf","378784","7e961066e98dc9e72d97623023c629b7d2dece50e068900edc553f4658976f39","git","378784","7e961066e98dc9e72d97623023c629b7d2dece50e068900edc553f4658976f39"
"chess5","group1/Grandmaster Style Chess Advice Course - 1000 Lessons/17_Psychology_Resilience_and_Objectivity.pdf","library/group1/Grandmaster Style Chess Advice Course - 1000 Lessons/17_Psychology_Resilience_and_Objectivity.pdf","379908","9e6aa8b40d274423cb8bcd7dcaf84a6f9373476c91657afee95450db1d032b4f","git","379908","9e6aa8b40d274423cb8bcd7dcaf84a6f9373476c91657afee95450db1d032b4f"
"chess5","group1/Grandmaster Style Chess Advice Course - 1000 Lessons/18_Game_Analysis_and_Error_Diagnosis.pdf","library/group1/Grandmaster Style Chess Advice Course - 1000 Lessons/18_Game_Analysis_and_Error_Diagnosis.pdf","379046","38462150942439eb05cfed51b75d5a54efddf2d2e0b77498fe2c6e7849f55691","git","379046","38462150942439eb05cfed51b75d5a54efddf2d2e0b77498fe2c6e7849f55691"
"chess5","group1/Grandmaster Style Chess Advice Course - 1000 Lessons/19_Training_Design_and_Skill_Transfer.pdf","library/group1/Grandmaster Style Chess Advice Course - 1000 Lessons/19_Training_Design_and_Skill_Transfer.pdf","377790","79b184f84862c64dc74ecae6f1fd2594326ed42a026563b55ee5d59a5561a961","git","377790","79b184f84862c64dc74ecae6f1fd2594326ed42a026563b55ee5d59a5561a961"
"chess5","group1/Grandmaster Style Chess Advice Course - 1000 Lessons/20_Tournament_Craft_and_Self_Coaching.pdf","library/group1/Grandmaster Style Chess Advice Course - 1000 Lessons/20_Tournament_Craft_and_Self_Coaching.pdf","378234","d5ddff7486ee35cb2dcdbbed4a5066c56e8b9691f0c0fb951d90a8f2ac763494","git","378234","d5ddff7486ee35cb2dcdbbed4a5066c56e8b9691f0c0fb951d90a8f2ac763494"
"chess5","group1/Grandmaster Style Chess Advice Course - 1000 Lessons/MASTER_ADVICE_INDEX.csv","library/group1/Grandmaster Style Chess Advice Course - 1000 Lessons/MASTER_ADVICE_INDEX.csv","290872","a895f7ed5fe22dcd59cacc4792a20f7a38803d7a94045790939c1a375ef648f7","git","290872","a895f7ed5fe22dcd59cacc4792a20f7a38803d7a94045790939c1a375ef648f7"
"chess5","group1/Grandmaster Style Chess Advice Course - 1000 Lessons/MASTER_ADVICE_INDEX.html","library/group1/Grandmaster Style Chess Advice Course - 1000 Lessons/MASTER_ADVICE_INDEX.html","768777","52fd3b857b6d1d3ce25a6e3911de23f03ec44a2b7a29569f83402ba7936a71fa","git","768777","52fd3b857b6d1d3ce25a6e3911de23f03ec44a2b7a29569f83402ba7936a71fa"
"chess5","group1/Grandmaster Style Chess Advice Course - 1000 Lessons/PDF_HASHES.json","library/group1/Grandmaster Style Chess Advice Course - 1000 Lessons/PDF_HASHES.json","4328","52c246c9b22feb77102549c197eb3012e4233354ff46e599e515a2f7fcc147f1","git","4328","52c246c9b22feb77102549c197eb3012e4233354ff46e599e515a2f7fcc147f1"
"chess5","group1/Grandmaster Style Chess Advice Course - 1000 Lessons/QA_REPORT.txt","library/group1/Grandmaster Style Chess Advice Course - 1000 Lessons/QA_REPORT.txt","2054","66d571767ffdcc97b13dbdfd38b042af9697b4b69f57119f4dd503e915a3237a","git","2054","66d571767ffdcc97b13dbdfd38b042af9697b4b69f57119f4dd503e915a3237a"
"chess5","group1/Grandmaster Style Chess Advice Course - 1000 Lessons/START_HERE.txt","library/group1/Grandmaster Style Chess Advice Course - 1000 Lessons/START_HERE.txt","3472","013aa5f0661f68604fae5af26f3462756858d4edb6c5d4eb7e31f96a9eb5a5b7","git","3472","013aa5f0661f68604fae5af26f3462756858d4edb6c5d4eb7e31f96a9eb5a5b7"
"chess5","group1/Kings Indian Attack from White - Deep Understanding Course/01_The_Kings_Indian_Attack_from_First_Principles.pdf","library/group1/Kings Indian Attack from White - Deep Understanding Course/01_The_Kings_Indian_Attack_from_First_Principles.pdf","372321","6df77d39111a09ab268333c2f71afa842d79b489cabe5de20b473527c9921e73","git","372321","6df77d39111a09ab268333c2f71afa842d79b489cabe5de20b473527c9921e73"
"chess5","group1/Kings Indian Attack from White - Deep Understanding Course/02_The_Locked_e5_Center.pdf","library/group1/Kings Indian Attack from White - Deep Understanding Course/02_The_Locked_e5_Center.pdf","372058","9ef45234ed398ecd6586962e9cd85d6e073dcdc2668140663e609e4de1f394c9","git","372058","9ef45234ed398ecd6586962e9cd85d6e073dcdc2668140663e609e4de1f394c9"
"chess5","group1/Kings Indian Attack from White - Deep Understanding Course/03_The_KIA_Piece_Routes.pdf","library/group1/Kings Indian Attack from White - Deep Understanding Course/03_The_KIA_Piece_Routes.pdf","372420","eeec9823312ce48abe26c425136f532a3657735c09ebba50606fedd0dd04a8fa","git","372420","eeec9823312ce48abe26c425136f532a3657735c09ebba50606fedd0dd04a8fa"
"chess5","group1/Kings Indian Attack from White - Deep Understanding Course/04_Building_the_Center_Correctly.pdf","library/group1/Kings Indian Attack from White - Deep Understanding Course/04_Building_the_Center_Correctly.pdf","371734","fb9ef36318efcd5b30ee42b20ce3a64baee56c4ea60db46b433f0b8069134dce","git","371734","fb9ef36318efcd5b30ee42b20ce3a64baee56c4ea60db46b433f0b8069134dce"
"chess5","group1/Kings Indian Attack from White - Deep Understanding Course/05_Architecture_of_the_Kingside_Attack.pdf","library/group1/Kings Indian Attack from White - Deep Understanding Course/05_Architecture_of_the_Kingside_Attack.pdf","372063","7f007cacb98fc2ffe7cb74e0285f60df5dd1db31a0d5aeae0b060e0a98f637c1","git","372063","7f007cacb98fc2ffe7cb74e0285f60df5dd1db31a0d5aeae0b060e0a98f637c1"
"chess5","group1/Kings Indian Attack from White - Deep Understanding Course/06_Timing_e5_f4_and_f5.pdf","library/group1/Kings Indian Attack from White - Deep Understanding Course/06_Timing_e5_f4_and_f5.pdf","371468","71b8964c2eb3484d6bdbafb7490ac5d467623e18cb1f39659320f6725e3f168a","git","371468","71b8964c2eb3484d6bdbafb7490ac5d467623e18cb1f39659320f6725e3f168a"
"chess5","group1/Kings Indian Attack from White - Deep Understanding Course/07_The_h_Pawn_and_g_Pawn_Storm.pdf","library/group1/Kings Indian Attack from White - Deep Understanding Course/07_The_h_Pawn_and_g_Pawn_Storm.pdf","371609","e61440f48e1ece9c3896d11019da1c86947e38bc30fbb7853bfd4d3e7777dcc3","git","371609","e61440f48e1ece9c3896d11019da1c86947e38bc30fbb7853bfd4d3e7777dcc3"
"chess5","group1/Kings Indian Attack from White - Deep Understanding Course/08_The_Dark_Bishop_and_Queen_Battery.pdf","library/group1/Kings Indian Attack from White - Deep Understanding Course/08_The_Dark_Bishop_and_Queen_Battery.pdf","371844","47c085ebf0863c55e4dd22bb823a04bb41962d3263ac416c4187f52038105c6b","git","371844","47c085ebf0863c55e4dd22bb823a04bb41962d3263ac416c4187f52038105c6b"
"chess5","group1/Kings Indian Attack from White - Deep Understanding Course/09_The_KIA_against_the_French.pdf","library/group1/Kings Indian Attack from White - Deep Understanding Course/09_The_KIA_against_the_French.pdf","372217","adc5c8e660b05a62628384a3a4ddaab903db11db0aa5ea111944e0d144ea0143","git","372217","adc5c8e660b05a62628384a3a4ddaab903db11db0aa5ea111944e0d144ea0143"
"chess5","group1/Kings Indian Attack from White - Deep Understanding Course/10_The_KIA_against_the_Sicilian.pdf","library/group1/Kings Indian Attack from White - Deep Understanding Course/10_The_KIA_against_the_Sicilian.pdf","372405","f821ac4ac336c52a02022f68bed9e93333a8761ccf9fc20070723881e78c5039","git","372405","f821ac4ac336c52a02022f68bed9e93333a8761ccf9fc20070723881e78c5039"
"chess5","group1/Kings Indian Attack from White - Deep Understanding Course/11_The_KIA_against_g6_Systems.pdf","library/group1/Kings Indian Attack from White - Deep Understanding Course/11_The_KIA_against_g6_Systems.pdf","370565","103bac836bdad781ba65327ace4ca5c6ed3a31c8a629bef244a21bcab3ef65bb","git","370565","103bac836bdad781ba65327ace4ca5c6ed3a31c8a629bef244a21bcab3ef65bb"
"chess5","group1/Kings Indian Attack from White - Deep Understanding Course/12_The_KIA_against_e6_and_b6.pdf","library/group1/Kings Indian Attack from White - Deep Understanding Course/12_The_KIA_against_e6_and_b6.pdf","371597","0cd2e7ce73ba8dfc335a75e6bf98f2fb89403de9dc0c7926e8b48a9e9754e4d2","git","371597","0cd2e7ce73ba8dfc335a75e6bf98f2fb89403de9dc0c7926e8b48a9e9754e4d2"
"chess5","group1/Kings Indian Attack from White - Deep Understanding Course/13_KIA_Structures_against_e5_Caro_Kann_and_Philidor.pdf","library/group1/Kings Indian Attack from White - Deep Understanding Course/13_KIA_Structures_against_e5_Caro_Kann_and_Philidor.pdf","370841","ef0ce3c92aa64f15eb5ef5855705c9e5a39246c0f57dcc39d6a3d53c48d6a7ff","git","370841","ef0ce3c92aa64f15eb5ef5855705c9e5a39246c0f57dcc39d6a3d53c48d6a7ff"
"chess5","group1/Kings Indian Attack from White - Deep Understanding Course/14_Surviving_Blacks_Central_Breaks.pdf","library/group1/Kings Indian Attack from White - Deep Understanding Course/14_Surviving_Blacks_Central_Breaks.pdf","371593","349db152c776f65bd3d3eb3847dac63a869dccb1ba2aae2b4f616be3597256fa","git","371593","349db152c776f65bd3d3eb3847dac63a869dccb1ba2aae2b4f616be3597256fa"
"chess5","group1/Kings Indian Attack from White - Deep Understanding Course/15_When_to_Change_the_Structure.pdf","library/group1/Kings Indian Attack from White - Deep Understanding Course/15_When_to_Change_the_Structure.pdf","371084","ab99ecb7eb456e6ef52240cf8b62056d2e9cb622fa3bf094ea831b950c5f4e43","git","371084","ab99ecb7eb456e6ef52240cf8b62056d2e9cb622fa3bf094ea831b950c5f4e43"
"chess5","group1/Kings Indian Attack from White - Deep Understanding Course/16_KIA_Tactical_Grammar.pdf","library/group1/Kings Indian Attack from White - Deep Understanding Course/16_KIA_Tactical_Grammar.pdf","372482","7f6856ae2840d146ddf900454149aa7c05228ee202ef51583c173f0a675a9ec4","git","372482","7f6856ae2840d146ddf900454149aa7c05228ee202ef51583c173f0a675a9ec4"
"chess5","group1/Kings Indian Attack from White - Deep Understanding Course/17_Defense_Endgames_and_Failed_Attacks.pdf","library/group1/Kings Indian Attack from White - Deep Understanding Course/17_Defense_Endgames_and_Failed_Attacks.pdf","373075","f216dc91dce7420f8d9c7ac9a95806fe14caddbc6534365c9d3c87e9990ef38b","git","373075","f216dc91dce7420f8d9c7ac9a95806fe14caddbc6534365c9d3c87e9990ef38b"
"chess5","group1/Kings Indian Attack from White - Deep Understanding Course/18_A_Lifetime_Kings_Indian_Attack_System.pdf","library/group1/Kings Indian Attack from White - Deep Understanding Course/18_A_Lifetime_Kings_Indian_Attack_System.pdf","373802","c7a9a419fcc3dd8e2ee2204f171b190b4c863b3601ba5e64c6dfebcce01a9f1d","git","373802","c7a9a419fcc3dd8e2ee2204f171b190b4c863b3601ba5e64c6dfebcce01a9f1d"
"chess5","group1/Kings Indian Attack from White - Deep Understanding Course/KINGS_INDIAN_ATTACK_WHITE_FOR_FRITZ.pgn","library/group1/Kings Indian Attack from White - Deep Understanding Course/KINGS_INDIAN_ATTACK_WHITE_FOR_FRITZ.pgn","84433","75eecc074eef071c44703bf77802fb075b70ec5e898bbb87f4cd6d8faf88e714","git","84433","75eecc074eef071c44703bf77802fb075b70ec5e898bbb87f4cd6d8faf88e714"
"chess5","group1/Kings Indian Attack from White - Deep Understanding Course/MASTER_LESSON_INDEX.csv","library/group1/Kings Indian Attack from White - Deep Understanding Course/MASTER_LESSON_INDEX.csv","43366","0c2a0c847a5752f9c40431115a2dfa21d15303826e7d02efa5f0166fc0b8b70b","git","43366","0c2a0c847a5752f9c40431115a2dfa21d15303826e7d02efa5f0166fc0b8b70b"
"chess5","group1/Kings Indian Attack from White - Deep Understanding Course/MASTER_LESSON_INDEX.html","library/group1/Kings Indian Attack from White - Deep Understanding Course/MASTER_LESSON_INDEX.html","95821","65eb176b9953b7a0fbabb1e38b5c7ec8d5fe3d29bb132db4ebc574611f6dcda5","git","95821","65eb176b9953b7a0fbabb1e38b5c7ec8d5fe3d29bb132db4ebc574611f6dcda5"
"chess5","group1/Kings Indian Attack from White - Deep Understanding Course/PDF_HASHES.json","library/group1/Kings Indian Attack from White - Deep Understanding Course/PDF_HASHES.json","3867","4df1b05346eef96f6192d710276031a9726618181f4914758aa45314ab5d23ea","git","3867","4df1b05346eef96f6192d710276031a9726618181f4914758aa45314ab5d23ea"
"chess5","group1/Kings Indian Attack from White - Deep Understanding Course/QA_REPORT.txt","library/group1/Kings Indian Attack from White - Deep Understanding Course/QA_REPORT.txt","1956","19d43cb63d35847b6c9e35b79ea7402b81c4caef794e44cc99ee172f9a854337","git","1956","19d43cb63d35847b6c9e35b79ea7402b81c4caef794e44cc99ee172f9a854337"
"chess5","group1/Kings Indian Attack from White - Deep Understanding Course/START_HERE.txt","library/group1/Kings Indian Attack from White - Deep Understanding Course/START_HERE.txt","3704","0800948f34181386c8699c6216d0940ba812306a895c2c2703a5940b31d26b16","git","3704","0800948f34181386c8699c6216d0940ba812306a895c2c2703a5940b31d26b16"
"chess5","group1/Kings Indian Defense from Black - Deep Understanding Course/01_The_Kings_Indian_from_First_Principles.pdf","library/group1/Kings Indian Defense from Black - Deep Understanding Course/01_The_Kings_Indian_from_First_Principles.pdf","370296","7434afa588b8382a57a0dcc7cde8218f99ae6e18728e5f9d00ff592c5c893c26","git","370296","7434afa588b8382a57a0dcc7cde8218f99ae6e18728e5f9d00ff592c5c893c26"
"chess5","group1/Kings Indian Defense from Black - Deep Understanding Course/02_Central_Breaks_and_Structure_Recognition.pdf","library/group1/Kings Indian Defense from Black - Deep Understanding Course/02_Central_Breaks_and_Structure_Recognition.pdf","369545","13c9603b8617e873f65eb92c174a0eb9a5f6bfd7b6fd9bfba9e229e7c11104a5","git","369545","13c9603b8617e873f65eb92c174a0eb9a5f6bfd7b6fd9bfba9e229e7c11104a5"
"chess5","group1/Kings Indian Defense from Black - Deep Understanding Course/03_The_Classical_System_Repertoire_Map.pdf","library/group1/Kings Indian Defense from Black - Deep Understanding Course/03_The_Classical_System_Repertoire_Map.pdf","369812","5338e821e6ff6365e8d1e6dd20299a46958eff92a6ed525887d5ef10378e3f1e","git","369812","5338e821e6ff6365e8d1e6dd20299a46958eff92a6ed525887d5ef10378e3f1e"
"chess5","group1/Kings Indian Defense from Black - Deep Understanding Course/04_Mar_del_Plata_Blacks_Attacking_Engine.pdf","library/group1/Kings Indian Defense from Black - Deep Understanding Course/04_Mar_del_Plata_Blacks_Attacking_Engine.pdf","369388","ff5a5bf78105ba4fae8d976125233c3e40a48ee4e9ececa482d77ab7f24a66b8","git","369388","ff5a5bf78105ba4fae8d976125233c3e40a48ee4e9ececa482d77ab7f24a66b8"
"chess5","group1/Kings Indian Defense from Black - Deep Understanding Course/05_The_Bayonet_Attack_and_Queenside_Expansion.pdf","library/group1/Kings Indian Defense from Black - Deep Understanding Course/05_The_Bayonet_Attack_and_Queenside_Expansion.pdf","368250","80560450f2afacb3d5b851a4d915275bf76cc2925f42f5e3fcc4c3c9fcd15375","git","368250","80560450f2afacb3d5b851a4d915275bf76cc2925f42f5e3fcc4c3c9fcd15375"
"chess5","group1/Kings Indian Defense from Black - Deep Understanding Course/06_Petrosian_Gligoric_and_Orthodox_Alternatives.pdf","library/group1/Kings Indian Defense from Black - Deep Understanding Course/06_Petrosian_Gligoric_and_Orthodox_Alternatives.pdf","369614","daac12f681316d8ad570fb2d2ad1b76d9b603eba2d51321838dd2147b3531145","git","369614","daac12f681316d8ad570fb2d2ad1b76d9b603eba2d51321838dd2147b3531145"
"chess5","group1/Kings Indian Defense from Black - Deep Understanding Course/07_The_Saemisch_System.pdf","library/group1/Kings Indian Defense from Black - Deep Understanding Course/07_The_Saemisch_System.pdf","368560","f38f8bd7ef0778ebc8966cb06ae93f74b521cf24f6159148d617ebc2a462e742","git","368560","f38f8bd7ef0778ebc8966cb06ae93f74b521cf24f6159148d617ebc2a462e742"
"chess5","group1/Kings Indian Defense from Black - Deep Understanding Course/08_The_Four_Pawns_Attack.pdf","library/group1/Kings Indian Defense from Black - Deep Understanding Course/08_The_Four_Pawns_Attack.pdf","367830","7034a9e1a29beb6ed27a53aa616801a87d719e8a6ee0de7277aae1a5d04479ef","git","367830","7034a9e1a29beb6ed27a53aa616801a87d719e8a6ee0de7277aae1a5d04479ef"
"chess5","group1/Kings Indian Defense from Black - Deep Understanding Course/09_The_Fianchetto_Variation.pdf","library/group1/Kings Indian Defense from Black - Deep Understanding Course/09_The_Fianchetto_Variation.pdf","369327","fd44d0b20807926115b5f50f936380a4260c4b00a79a0efa2370cdab5ee5165e","git","369327","fd44d0b20807926115b5f50f936380a4260c4b00a79a0efa2370cdab5ee5165e"
"chess5","group1/Kings Indian Defense from Black - Deep Understanding Course/10_Averbakh_and_Makogonov_Systems.pdf","library/group1/Kings Indian Defense from Black - Deep Understanding Course/10_Averbakh_and_Makogonov_Systems.pdf","368621","5ea212b82ef6cbb925d4ddc2126ff8f2a3be6ac11ae7deaecd2862c59fabd01c","git","368621","5ea212b82ef6cbb925d4ddc2126ff8f2a3be6ac11ae7deaecd2862c59fabd01c"
"chess5","group1/Kings Indian Defense from Black - Deep Understanding Course/11_Early_e4_Deviations.pdf","library/group1/Kings Indian Defense from Black - Deep Understanding Course/11_Early_e4_Deviations.pdf","367854","aa7ae23c0c9551163b7351cd87d2322118619a4fb21da401ce60c10cefa2fe44","git","367854","aa7ae23c0c9551163b7351cd87d2322118619a4fb21da401ce60c10cefa2fe44"
"chess5","group1/Kings Indian Defense from Black - Deep Understanding Course/12_Anti_Kings_Indian_Systems.pdf","library/group1/Kings Indian Defense from Black - Deep Understanding Course/12_Anti_Kings_Indian_Systems.pdf","368877","be83e8bc830396cf016351bab1c0f2d849b2b54039a5c7fb50b1ca99f07f3824","git","368877","be83e8bc830396cf016351bab1c0f2d849b2b54039a5c7fb50b1ca99f07f3824"
"chess5","group1/Kings Indian Defense from Black - Deep Understanding Course/13_English_and_Reti_Transpositions.pdf","library/group1/Kings Indian Defense from Black - Deep Understanding Course/13_English_and_Reti_Transpositions.pdf","368913","e8372f682e14a9f810edd1b27bc5e03d5189bc091765794fee2bb3a44baecc87","git","368913","e8372f682e14a9f810edd1b27bc5e03d5189bc091765794fee2bb3a44baecc87"
"chess5","group1/Kings Indian Defense from Black - Deep Understanding Course/14_Kings_Indian_Tactical_Patterns.pdf","library/group1/Kings Indian Defense from Black - Deep Understanding Course/14_Kings_Indian_Tactical_Patterns.pdf","368272","f1ffc0c9ea90dd3f7759061a2a0b3c3419c161cc51d91a294ac56ad88847ef7e","git","368272","f1ffc0c9ea90dd3f7759061a2a0b3c3419c161cc51d91a294ac56ad88847ef7e"
"chess5","group1/Kings Indian Defense from Black - Deep Understanding Course/15_Piece_Maneuvers_and_Strategic_Coordination.pdf","library/group1/Kings Indian Defense from Black - Deep Understanding Course/15_Piece_Maneuvers_and_Strategic_Coordination.pdf","369300","ce4029269d906570c24b7199b1fd8be16cedc9bb90d549cc16711f722b940845","git","369300","ce4029269d906570c24b7199b1fd8be16cedc9bb90d549cc16711f722b940845"
"chess5","group1/Kings Indian Defense from Black - Deep Understanding Course/16_Defense_Resilience_and_Counterplay.pdf","library/group1/Kings Indian Defense from Black - Deep Understanding Course/16_Defense_Resilience_and_Counterplay.pdf","368892","85edd6416c387f26e68337756b3a0d89bc794df7c98334ee84bfe5b0e20cac98","git","368892","85edd6416c387f26e68337756b3a0d89bc794df7c98334ee84bfe5b0e20cac98"
"chess5","group1/Kings Indian Defense from Black - Deep Understanding Course/17_Exchanges_Endgames_and_Transformations.pdf","library/group1/Kings Indian Defense from Black - Deep Understanding Course/17_Exchanges_Endgames_and_Transformations.pdf","365225","a9333dd4838dc7dd87cc9c070f5c1f31fb4a7d2b6cb4ac934bb4fb84086bffc8","git","365225","a9333dd4838dc7dd87cc9c070f5c1f31fb4a7d2b6cb4ac934bb4fb84086bffc8"
"chess5","group1/Kings Indian Defense from Black - Deep Understanding Course/18_Pirc_Bridge_and_Lifetime_Repertoire_System.pdf","library/group1/Kings Indian Defense from Black - Deep Understanding Course/18_Pirc_Bridge_and_Lifetime_Repertoire_System.pdf","369830","9ccd0ca60c81c67a5d37918edefad8d9a6ef2fdf4e98720450f7cbef30eb914a","git","369830","9ccd0ca60c81c67a5d37918edefad8d9a6ef2fdf4e98720450f7cbef30eb914a"
"chess5","group1/Kings Indian Defense from Black - Deep Understanding Course/KID_BLACK_REPERTOIRE_FOR_FRITZ.pgn","library/group1/Kings Indian Defense from Black - Deep Understanding Course/KID_BLACK_REPERTOIRE_FOR_FRITZ.pgn","47450","3cfb20f91d1d7e405a7897c2798a7e83393dd283f3fb194698d5aef5fb35db80","git","47450","3cfb20f91d1d7e405a7897c2798a7e83393dd283f3fb194698d5aef5fb35db80"
"chess5","group1/Kings Indian Defense from Black - Deep Understanding Course/MASTER_LESSON_INDEX.csv","library/group1/Kings Indian Defense from Black - Deep Understanding Course/MASTER_LESSON_INDEX.csv","38670","9035c6c7b00878c858804d178015d26b6cbbe400bdc1f2f3a3a8d129326db094","git","38670","9035c6c7b00878c858804d178015d26b6cbbe400bdc1f2f3a3a8d129326db094"
"chess5","group1/Kings Indian Defense from Black - Deep Understanding Course/MASTER_LESSON_INDEX.html","library/group1/Kings Indian Defense from Black - Deep Understanding Course/MASTER_LESSON_INDEX.html","87335","f8d615730491450ec60de6236766f79e3f0159536983da31a85e808caef5eac0","git","87335","f8d615730491450ec60de6236766f79e3f0159536983da31a85e808caef5eac0"
"chess5","group1/Kings Indian Defense from Black - Deep Understanding Course/PDF_HASHES.json","library/group1/Kings Indian Defense from Black - Deep Understanding Course/PDF_HASHES.json","3926","fc19018fc81268f0bc7a527c262ac12afba2a4cfa33166b21a99ca243eb61747","git","3926","fc19018fc81268f0bc7a527c262ac12afba2a4cfa33166b21a99ca243eb61747"
"chess5","group1/Kings Indian Defense from Black - Deep Understanding Course/QA_REPORT.txt","library/group1/Kings Indian Defense from Black - Deep Understanding Course/QA_REPORT.txt","1930","0af8f2108694b397121d56831e3fd83d074c850af9ef9e2497092d65158d5155","git","1930","0af8f2108694b397121d56831e3fd83d074c850af9ef9e2497092d65158d5155"
"chess5","group1/Kings Indian Defense from Black - Deep Understanding Course/START_HERE.txt","library/group1/Kings Indian Defense from Black - Deep Understanding Course/START_HERE.txt","3796","c400220b135e416aa3528848328b60bb1824fe97f84529f951eb0f88372b27bc","git","3796","c400220b135e416aa3528848328b60bb1824fe97f84529f951eb0f88372b27bc"
"chess5","group1/Ruy Lopez from Both Sides - Deep Understanding Course/01_The_Spanish_from_First_Principles.pdf","library/group1/Ruy Lopez from Both Sides - Deep Understanding Course/01_The_Spanish_from_First_Principles.pdf","371351","2617459662bfe7771df0cdbe0faec41f7abfd005a04d26c2a0a6f5f2f1692c34","git","371351","2617459662bfe7771df0cdbe0faec41f7abfd005a04d26c2a0a6f5f2f1692c34"
"chess5","group1/Ruy Lopez from Both Sides - Deep Understanding Course/02_Spanish_Pawn_Structures.pdf","library/group1/Ruy Lopez from Both Sides - Deep Understanding Course/02_Spanish_Pawn_Structures.pdf","367117","fbd7c1d96f2fa17e01a48a0b301fc0401be997bc977ab58a278e7aa2d7437664","git","367117","fbd7c1d96f2fa17e01a48a0b301fc0401be997bc977ab58a278e7aa2d7437664"
"chess5","group1/Ruy Lopez from Both Sides - Deep Understanding Course/03_Map_of_the_Ruy_Lopez_Families.pdf","library/group1/Ruy Lopez from Both Sides - Deep Understanding Course/03_Map_of_the_Ruy_Lopez_Families.pdf","364779","7a43d99a807e9b5b11fe47aeb7a024bd13cf9e560c571e0c7f2125e42290f26c","git","364779","7a43d99a807e9b5b11fe47aeb7a024bd13cf9e560c571e0c7f2125e42290f26c"
"chess5","group1/Ruy Lopez from Both Sides - Deep Understanding Course/04_The_c3_d3_Spanish_System.pdf","library/group1/Ruy Lopez from Both Sides - Deep Understanding Course/04_The_c3_d3_Spanish_System.pdf","370879","52e929416cf89a083a0d0c982b42445a9612e63d2991462d0ef40b2c850445e3","git","370879","52e929416cf89a083a0d0c982b42445a9612e63d2991462d0ef40b2c850445e3"
"chess5","group1/Ruy Lopez from Both Sides - Deep Understanding Course/05_Closed_Spanish_Foundations.pdf","library/group1/Ruy Lopez from Both Sides - Deep Understanding Course/05_Closed_Spanish_Foundations.pdf","370173","fb679e2107036de2dbad430e37555b2c265acb3064dead7df2818b78f6b1079d","git","370173","fb679e2107036de2dbad430e37555b2c265acb3064dead7df2818b78f6b1079d"
"chess5","group1/Ruy Lopez from Both Sides - Deep Understanding Course/06_Closed_Spanish_Maneuvering.pdf","library/group1/Ruy Lopez from Both Sides - Deep Understanding Course/06_Closed_Spanish_Maneuvering.pdf","370688","924da9f5a746b228260f5e99130055282358d237606adf152480739a28b3362f","git","370688","924da9f5a746b228260f5e99130055282358d237606adf152480739a28b3362f"
"chess5","group1/Ruy Lopez from Both Sides - Deep Understanding Course/07_The_Marshall_Attack.pdf","library/group1/Ruy Lopez from Both Sides - Deep Understanding Course/07_The_Marshall_Attack.pdf","369244","248b4aced79c29c1942f996d91a2829606b1329724e6323ea19642e9fd4049d3","git","369244","248b4aced79c29c1942f996d91a2829606b1329724e6323ea19642e9fd4049d3"
"chess5","group1/Ruy Lopez from Both Sides - Deep Understanding Course/08_Anti_Marshall_Systems.pdf","library/group1/Ruy Lopez from Both Sides - Deep Understanding Course/08_Anti_Marshall_Systems.pdf","370033","8ddf1ac343f48f15123048db8126976af0bbd0d8af13eb9b912cf8f61a73007a","git","370033","8ddf1ac343f48f15123048db8126976af0bbd0d8af13eb9b912cf8f61a73007a"
"chess5","group1/Ruy Lopez from Both Sides - Deep Understanding Course/09_The_Berlin_Defense.pdf","library/group1/Ruy Lopez from Both Sides - Deep Understanding Course/09_The_Berlin_Defense.pdf","355338","8eb63ce2bfa6012be0330645f40ee8d2f3d64f046cc11998672551a60aab1282","git","355338","8eb63ce2bfa6012be0330645f40ee8d2f3d64f046cc11998672551a60aab1282"
"chess5","group1/Ruy Lopez from Both Sides - Deep Understanding Course/10_The_Open_Spanish.pdf","library/group1/Ruy Lopez from Both Sides - Deep Understanding Course/10_The_Open_Spanish.pdf","369236","61f09a6483a3d6f62c6664dffe5ff015633502b09132aeb3fbd694b81fe1dedf","git","369236","61f09a6483a3d6f62c6664dffe5ff015633502b09132aeb3fbd694b81fe1dedf"
"chess5","group1/Ruy Lopez from Both Sides - Deep Understanding Course/11_Archangel_and_Neo_Arkhangelsk.pdf","library/group1/Ruy Lopez from Both Sides - Deep Understanding Course/11_Archangel_and_Neo_Arkhangelsk.pdf","369193","a5a7edf29354c68fab51dbeb6b8ac67880540d25c41832465fd893ca73aad96d","git","369193","a5a7edf29354c68fab51dbeb6b8ac67880540d25c41832465fd893ca73aad96d"
"chess5","group1/Ruy Lopez from Both Sides - Deep Understanding Course/12_The_Breyer_Defense.pdf","library/group1/Ruy Lopez from Both Sides - Deep Understanding Course/12_The_Breyer_Defense.pdf","370553","cadcd3b3f28bde65b870b1f4cf788ddd92ecc82462f01c1600d0f7988e615f6e","git","370553","cadcd3b3f28bde65b870b1f4cf788ddd92ecc82462f01c1600d0f7988e615f6e"
"chess5","group1/Ruy Lopez from Both Sides - Deep Understanding Course/13_Chigorin_and_Zaitsev_Systems.pdf","library/group1/Ruy Lopez from Both Sides - Deep Understanding Course/13_Chigorin_and_Zaitsev_Systems.pdf","370652","c81778c18ce6cd42915a8314ab9d762acbf5c089d37e5b89f2dd8f47f817f1c7","git","370652","c81778c18ce6cd42915a8314ab9d762acbf5c089d37e5b89f2dd8f47f817f1c7"
"chess5","group1/Ruy Lopez from Both Sides - Deep Understanding Course/14_Schliemann_Bird_and_Classical_Defenses.pdf","library/group1/Ruy Lopez from Both Sides - Deep Understanding Course/14_Schliemann_Bird_and_Classical_Defenses.pdf","368705","ccb518d09d97d9852dd52e7b7f6d7e47d4b5e4d2a070e5044e5ece8ecbfecef0","git","368705","ccb518d09d97d9852dd52e7b7f6d7e47d4b5e4d2a070e5044e5ece8ecbfecef0"
"chess5","group1/Ruy Lopez from Both Sides - Deep Understanding Course/15_The_Exchange_Variation.pdf","library/group1/Ruy Lopez from Both Sides - Deep Understanding Course/15_The_Exchange_Variation.pdf","359045","88710fc46d811687203ce1893b65c00d2e11372daaa26fa2bd676f3610e1adba","git","359045","88710fc46d811687203ce1893b65c00d2e11372daaa26fa2bd676f3610e1adba"
"chess5","group1/Ruy Lopez from Both Sides - Deep Understanding Course/16_Ruy_Lopez_Tactical_Grammar.pdf","library/group1/Ruy Lopez from Both Sides - Deep Understanding Course/16_Ruy_Lopez_Tactical_Grammar.pdf","370258","8c918c81bfbae539409fac6e79173944e6d3a46f5acc434b98260d5d4560e7f5","git","370258","8c918c81bfbae539409fac6e79173944e6d3a46f5acc434b98260d5d4560e7f5"
"chess5","group1/Ruy Lopez from Both Sides - Deep Understanding Course/17_Spanish_Endgames_and_Transformations.pdf","library/group1/Ruy Lopez from Both Sides - Deep Understanding Course/17_Spanish_Endgames_and_Transformations.pdf","359271","95cd4c8122efe5c486d735c71f30a05f06239dbb88dcc71518ed19bac6139050","git","359271","95cd4c8122efe5c486d735c71f30a05f06239dbb88dcc71518ed19bac6139050"
"chess5","group1/Ruy Lopez from Both Sides - Deep Understanding Course/18_A_Lifetime_Ruy_Lopez_System.pdf","library/group1/Ruy Lopez from Both Sides - Deep Understanding Course/18_A_Lifetime_Ruy_Lopez_System.pdf","373133","91c2cce4c0b31a021d820c7d118601dfcdf0f4351921ca74422616e2f1f4e2a7","git","373133","91c2cce4c0b31a021d820c7d118601dfcdf0f4351921ca74422616e2f1f4e2a7"
"chess5","group1/Ruy Lopez from Both Sides - Deep Understanding Course/MASTER_LESSON_INDEX.csv","library/group1/Ruy Lopez from Both Sides - Deep Understanding Course/MASTER_LESSON_INDEX.csv","40942","1c7bf55bb07c0946e58611337c5617ab4b15007f531e300c60d7ad9a53630f92","git","40942","1c7bf55bb07c0946e58611337c5617ab4b15007f531e300c60d7ad9a53630f92"
"chess5","group1/Ruy Lopez from Both Sides - Deep Understanding Course/MASTER_LESSON_INDEX.html","library/group1/Ruy Lopez from Both Sides - Deep Understanding Course/MASTER_LESSON_INDEX.html","92237","83598bd3798d91ff35e2d505363391e2d7c7d8e3d76b5041aa79211e12c32388","git","92237","83598bd3798d91ff35e2d505363391e2d7c7d8e3d76b5041aa79211e12c32388"
"chess5","group1/Ruy Lopez from Both Sides - Deep Understanding Course/PDF_HASHES.json","library/group1/Ruy Lopez from Both Sides - Deep Understanding Course/PDF_HASHES.json","3794","10b0aba07b3a83d75f27de94e4080b1edb577a1bb93775365a8c931a6228157d","git","3794","10b0aba07b3a83d75f27de94e4080b1edb577a1bb93775365a8c931a6228157d"
"chess5","group1/Ruy Lopez from Both Sides - Deep Understanding Course/QA_REPORT.txt","library/group1/Ruy Lopez from Both Sides - Deep Understanding Course/QA_REPORT.txt","1871","923ed75854d395d71b0d16c17bfa5c76070c978a1c5bd1314c904d571d793373","git","1871","923ed75854d395d71b0d16c17bfa5c76070c978a1c5bd1314c904d571d793373"
"chess5","group1/Ruy Lopez from Both Sides - Deep Understanding Course/RUY_LOPEZ_BOTH_SIDES_FOR_FRITZ.pgn","library/group1/Ruy Lopez from Both Sides - Deep Understanding Course/RUY_LOPEZ_BOTH_SIDES_FOR_FRITZ.pgn","85478","fc1d8ce8dac5fe4b8ea35c76c41996f0a906bd5cfd36338b7750c18e08002deb","git","85478","fc1d8ce8dac5fe4b8ea35c76c41996f0a906bd5cfd36338b7750c18e08002deb"
"chess5","group1/Ruy Lopez from Both Sides - Deep Understanding Course/START_HERE.txt","library/group1/Ruy Lopez from Both Sides - Deep Understanding Course/START_HERE.txt","3439","9b13beefe2a8c2c78165ed6062ff2dcec474222686752cd13cabf04723fd3427","git","3439","9b13beefe2a8c2c78165ed6062ff2dcec474222686752cd13cabf04723fd3427"
"chess5","group1/Sicilian Defense from Black - Deep Understanding Course/01_The_Sicilian_from_First_Principles.pdf","library/group1/Sicilian Defense from Black - Deep Understanding Course/01_The_Sicilian_from_First_Principles.pdf","371735","e7be0d84eba38fc1cf0ed5908814343822d906cfaa122000435e8dcbf857a310","git","371735","e7be0d84eba38fc1cf0ed5908814343822d906cfaa122000435e8dcbf857a310"
"chess5","group1/Sicilian Defense from Black - Deep Understanding Course/02_The_Three_Sicilian_Centers.pdf","library/group1/Sicilian Defense from Black - Deep Understanding Course/02_The_Three_Sicilian_Centers.pdf","370730","91b671344e1adb4b99db2bfdf25195cbc536e579477942ffc787f3cca7d729be","git","370730","91b671344e1adb4b99db2bfdf25195cbc536e579477942ffc787f3cca7d729be"
"chess5","group1/Sicilian Defense from Black - Deep Understanding Course/03_Map_of_the_Sicilian_Families.pdf","library/group1/Sicilian Defense from Black - Deep Understanding Course/03_Map_of_the_Sicilian_Families.pdf","370145","6b146ca3d0f0e79509b5c0fa4eb21af858b6142f13ab48c6f34b020ae3d2b5db","git","370145","6b146ca3d0f0e79509b5c0fa4eb21af858b6142f13ab48c6f34b020ae3d2b5db"
"chess5","group1/Sicilian Defense from Black - Deep Understanding Course/04_Najdorf_Foundations_and_Move_Orders.pdf","library/group1/Sicilian Defense from Black - Deep Understanding Course/04_Najdorf_Foundations_and_Move_Orders.pdf","371365","ddf1e0b9d37fc6e6ceb29339b2ae0db365b00ff0d1e7420a5dd2bb23de1e6c04","git","371365","ddf1e0b9d37fc6e6ceb29339b2ae0db365b00ff0d1e7420a5dd2bb23de1e6c04"
"chess5","group1/Sicilian Defense from Black - Deep Understanding Course/05_Najdorf_English_Attack.pdf","library/group1/Sicilian Defense from Black - Deep Understanding Course/05_Najdorf_English_Attack.pdf","370707","5be4a787b1df31344b864f5b468c373be8b66b3532187478ace4873309ce16b9","git","370707","5be4a787b1df31344b864f5b468c373be8b66b3532187478ace4873309ce16b9"
"chess5","group1/Sicilian Defense from Black - Deep Understanding Course/06_Najdorf_6_Bg5.pdf","library/group1/Sicilian Defense from Black - Deep Understanding Course/06_Najdorf_6_Bg5.pdf","371198","333322c45cb11fa2f33a916cc1b046ab9135d3525c833f7d843fcebf6b7256b6","git","371198","333322c45cb11fa2f33a916cc1b046ab9135d3525c833f7d843fcebf6b7256b6"
"chess5","group1/Sicilian Defense from Black - Deep Understanding Course/07_Positional_Najdorf_Systems.pdf","library/group1/Sicilian Defense from Black - Deep Understanding Course/07_Positional_Najdorf_Systems.pdf","369388","3f1c4e5297cbe4bc9464037eae5b41cf1007cb79c3995838e49cd92e7acdb510","git","369388","3f1c4e5297cbe4bc9464037eae5b41cf1007cb79c3995838e49cd92e7acdb510"
"chess5","group1/Sicilian Defense from Black - Deep Understanding Course/08_6_Bc4_and_Sozin_Attacks.pdf","library/group1/Sicilian Defense from Black - Deep Understanding Course/08_6_Bc4_and_Sozin_Attacks.pdf","369547","25c671f55dc4f7e4390dfacc30222dc28d0755a7cfa8e058d7fb1881aa135b2a","git","369547","25c671f55dc4f7e4390dfacc30222dc28d0755a7cfa8e058d7fb1881aa135b2a"
"chess5","group1/Sicilian Defense from Black - Deep Understanding Course/09_Modern_Najdorf_Sidelines.pdf","library/group1/Sicilian Defense from Black - Deep Understanding Course/09_Modern_Najdorf_Sidelines.pdf","370400","21d5d8c06dcb34537b229441c14d90e8bda87d6be315aa890f86b3ad56b32be7","git","370400","21d5d8c06dcb34537b229441c14d90e8bda87d6be315aa890f86b3ad56b32be7"
"chess5","group1/Sicilian Defense from Black - Deep Understanding Course/10_Closed_Sicilian_Systems.pdf","library/group1/Sicilian Defense from Black - Deep Understanding Course/10_Closed_Sicilian_Systems.pdf","370360","3b74e6eeecde8a855ee9f651e33409161f88a1e53f1d7ae89e4f8107820a7fb8","git","370360","3b74e6eeecde8a855ee9f651e33409161f88a1e53f1d7ae89e4f8107820a7fb8"
"chess5","group1/Sicilian Defense from Black - Deep Understanding Course/11_The_Alapin_2_c3.pdf","library/group1/Sicilian Defense from Black - Deep Understanding Course/11_The_Alapin_2_c3.pdf","368744","2658aaf7b571755095ee861dfdc9d83ea9a17d159d0b658635d81e0ed16697a7","git","368744","2658aaf7b571755095ee861dfdc9d83ea9a17d159d0b658635d81e0ed16697a7"
"chess5","group1/Sicilian Defense from Black - Deep Understanding Course/12_Moscow_and_Rossolimo_Systems.pdf","library/group1/Sicilian Defense from Black - Deep Understanding Course/12_Moscow_and_Rossolimo_Systems.pdf","369981","1c9d521bb01be6b74403a555bbf060864a7870ec06b62ad8ceb68c576d2c2622","git","369981","1c9d521bb01be6b74403a555bbf060864a7870ec06b62ad8ceb68c576d2c2622"
"chess5","group1/Sicilian Defense from Black - Deep Understanding Course/13_Grand_Prix_Attack.pdf","library/group1/Sicilian Defense from Black - Deep Understanding Course/13_Grand_Prix_Attack.pdf","370609","0401c19ff3a44153ab3a219fce0949523c89c52823a5bfeffa658a34a4b28996","git","370609","0401c19ff3a44153ab3a219fce0949523c89c52823a5bfeffa658a34a4b28996"
"chess5","group1/Sicilian Defense from Black - Deep Understanding Course/14_Smith_Morra_Gambit.pdf","library/group1/Sicilian Defense from Black - Deep Understanding Course/14_Smith_Morra_Gambit.pdf","369442","42125d923b89932ccd1f24108706d07e4218e4f31b0356de3e6d493c1d9709b8","git","369442","42125d923b89932ccd1f24108706d07e4218e4f31b0356de3e6d493c1d9709b8"
"chess5","group1/Sicilian Defense from Black - Deep Understanding Course/15_Rare_Second_Moves_and_Move_Order_Traps.pdf","library/group1/Sicilian Defense from Black - Deep Understanding Course/15_Rare_Second_Moves_and_Move_Order_Traps.pdf","369321","c6eebe211e0c1ff1576bf9f20bc89c0269a5997cd9a69d37ad0109ac58cb5ced","git","369321","c6eebe211e0c1ff1576bf9f20bc89c0269a5997cd9a69d37ad0109ac58cb5ced"
"chess5","group1/Sicilian Defense from Black - Deep Understanding Course/16_Sicilian_Tactical_Grammar.pdf","library/group1/Sicilian Defense from Black - Deep Understanding Course/16_Sicilian_Tactical_Grammar.pdf","371106","36b1a27d8aa89c965504617b8d0740545c70003267a5bf39989eea5b08ea568f","git","371106","36b1a27d8aa89c965504617b8d0740545c70003267a5bf39989eea5b08ea568f"
"chess5","group1/Sicilian Defense from Black - Deep Understanding Course/17_Defense_Endgames_and_Transformations.pdf","library/group1/Sicilian Defense from Black - Deep Understanding Course/17_Defense_Endgames_and_Transformations.pdf","370607","7d56213f816ce05020c7252d7cf58ff41d6d420109509f77de8b99daa107d925","git","370607","7d56213f816ce05020c7252d7cf58ff41d6d420109509f77de8b99daa107d925"
"chess5","group1/Sicilian Defense from Black - Deep Understanding Course/18_A_Lifetime_Najdorf_Repertoire.pdf","library/group1/Sicilian Defense from Black - Deep Understanding Course/18_A_Lifetime_Najdorf_Repertoire.pdf","371848","a7f51eb88d6bd33681575fb1898347b6178add23a93fd22df456012ed07782af","git","371848","a7f51eb88d6bd33681575fb1898347b6178add23a93fd22df456012ed07782af"
"chess5","group1/Sicilian Defense from Black - Deep Understanding Course/MASTER_LESSON_INDEX.csv","library/group1/Sicilian Defense from Black - Deep Understanding Course/MASTER_LESSON_INDEX.csv","39164","3084d638e8a4c4a8542d97afe103c04154b2b34566e10c98def5997b0739a182","git","39164","3084d638e8a4c4a8542d97afe103c04154b2b34566e10c98def5997b0739a182"
"chess5","group1/Sicilian Defense from Black - Deep Understanding Course/MASTER_LESSON_INDEX.html","library/group1/Sicilian Defense from Black - Deep Understanding Course/MASTER_LESSON_INDEX.html","89936","0b9e4fa08a515ffc3182f45791acac1b5430defd3887b34a51cc12df1f668302","git","89936","0b9e4fa08a515ffc3182f45791acac1b5430defd3887b34a51cc12df1f668302"
"chess5","group1/Sicilian Defense from Black - Deep Understanding Course/PDF_HASHES.json","library/group1/Sicilian Defense from Black - Deep Understanding Course/PDF_HASHES.json","3795","fc7a478c3d8fb6ae35847192aa90f0d02f60af4f963ac0afc81e7973637ea0d8","git","3795","fc7a478c3d8fb6ae35847192aa90f0d02f60af4f963ac0afc81e7973637ea0d8"
"chess5","group1/Sicilian Defense from Black - Deep Understanding Course/QA_REPORT.txt","library/group1/Sicilian Defense from Black - Deep Understanding Course/QA_REPORT.txt","1876","d468d6b544c3386f77ed69bb2a1d5dec4a0e2b0cc6a54cdb56b19e46102d98c4","git","1876","d468d6b544c3386f77ed69bb2a1d5dec4a0e2b0cc6a54cdb56b19e46102d98c4"
"chess5","group1/Sicilian Defense from Black - Deep Understanding Course/SICILIAN_BLACK_REPERTOIRE_FOR_FRITZ.pgn","library/group1/Sicilian Defense from Black - Deep Understanding Course/SICILIAN_BLACK_REPERTOIRE_FOR_FRITZ.pgn","80329","6f76f573f9becad64b9c446013ed98cbff609ff5b94ad5476eafb0c63214ab11","git","80329","6f76f573f9becad64b9c446013ed98cbff609ff5b94ad5476eafb0c63214ab11"
"chess5","group1/Sicilian Defense from Black - Deep Understanding Course/START_HERE.txt","library/group1/Sicilian Defense from Black - Deep Understanding Course/START_HERE.txt","3391","abf61a3751893db84b2110790f87996e0cda8d05c555e3ed18c4fd1681fb08c1","git","3391","abf61a3751893db84b2110790f87996e0cda8d05c555e3ed18c4fd1681fb08c1"
"chess4","group1/Top 10 Openings Grandmasters Rely On - Ranked Study/Top_10_Openings_Grandmasters_Rely_On_Ranked_Study.pdf","library/group1/Top 10 Openings Grandmasters Rely On - Ranked Study/Top_10_Openings_Grandmasters_Rely_On_Ranked_Study.pdf","331894","bee90f66ad39c1c9c902f342516309fbe4afd7b1309ca00ffdac54b21340fa31","git","331894","bee90f66ad39c1c9c902f342516309fbe4afd7b1309ca00ffdac54b21340fa31"
"chess4","group1/Top 50 Chess Opening Courses/01_Italian_Game/Italian_Game_Course.pdf","library/group1/Top 50 Chess Opening Courses/01_Italian_Game/Italian_Game_Course.pdf","219142","ada52d48e6f242cb751b23a1ced21f4cf207f92feb0ddf68da8e6b28fab06a24","git","219142","ada52d48e6f242cb751b23a1ced21f4cf207f92feb0ddf68da8e6b28fab06a24"
"chess4","group1/Top 50 Chess Opening Courses/02_Ruy_Lopez/Ruy_Lopez_Course.pdf","library/group1/Top 50 Chess Opening Courses/02_Ruy_Lopez/Ruy_Lopez_Course.pdf","219699","b23c0c96f87489b5fc06f6693d88281455deac5544eaffa6466a2f31ac1d3e1b","git","219699","b23c0c96f87489b5fc06f6693d88281455deac5544eaffa6466a2f31ac1d3e1b"
"chess4","group1/Top 50 Chess Opening Courses/03_Scotch_Game/Scotch_Game_Course.pdf","library/group1/Top 50 Chess Opening Courses/03_Scotch_Game/Scotch_Game_Course.pdf","218972","cd1e9519eaa1fd78efd4daebb72b046341cd914937ac34472bbc01cb950c8638","git","218972","cd1e9519eaa1fd78efd4daebb72b046341cd914937ac34472bbc01cb950c8638"
"chess4","group1/Top 50 Chess Opening Courses/04_Four_Knights_Game/Four_Knights_Game_Course.pdf","library/group1/Top 50 Chess Opening Courses/04_Four_Knights_Game/Four_Knights_Game_Course.pdf","219456","55c6bb6c4a9697ef2a562e9a1ed4c6533b188f1f92ebe92cba1264b32978b53b","git","219456","55c6bb6c4a9697ef2a562e9a1ed4c6533b188f1f92ebe92cba1264b32978b53b"
"chess4","group1/Top 50 Chess Opening Courses/05_Vienna_Game/Vienna_Game_Course.pdf","library/group1/Top 50 Chess Opening Courses/05_Vienna_Game/Vienna_Game_Course.pdf","219258","63a0c4dd5739c17168d04aa068fa2b4b40269972af6087f75ad06ae9442df875","git","219258","63a0c4dd5739c17168d04aa068fa2b4b40269972af6087f75ad06ae9442df875"
"chess4","group1/Top 50 Chess Opening Courses/06_Kings_Gambit/Kings_Gambit_Course.pdf","library/group1/Top 50 Chess Opening Courses/06_Kings_Gambit/Kings_Gambit_Course.pdf","219694","3c4c68567b47273021cbd119533aa424f81c24088818d358907e75360647ca56","git","219694","3c4c68567b47273021cbd119533aa424f81c24088818d358907e75360647ca56"
"chess4","group1/Top 50 Chess Opening Courses/07_Petrov_Defense/Petrov_Defense_Course.pdf","library/group1/Top 50 Chess Opening Courses/07_Petrov_Defense/Petrov_Defense_Course.pdf","219676","72d1ccb29bd597c939dc8e05fd3b07f437d3dc304791df7bc6fd689a454bc38b","git","219676","72d1ccb29bd597c939dc8e05fd3b07f437d3dc304791df7bc6fd689a454bc38b"
"chess4","group1/Top 50 Chess Opening Courses/08_Philidor_Defense/Philidor_Defense_Course.pdf","library/group1/Top 50 Chess Opening Courses/08_Philidor_Defense/Philidor_Defense_Course.pdf","219385","31380aa63bf0e8bb229b2d0fbd8d5edd8e7066ed1218daabe75c17c1c002ad33","git","219385","31380aa63bf0e8bb229b2d0fbd8d5edd8e7066ed1218daabe75c17c1c002ad33"
"chess4","group1/Top 50 Chess Opening Courses/09_Scandinavian_Defense/Scandinavian_Defense_Course.pdf","library/group1/Top 50 Chess Opening Courses/09_Scandinavian_Defense/Scandinavian_Defense_Course.pdf","219629","1b03128af99734cb50a65d466535180d0ec5e33a156e5b61de4ed87e8c257c09","git","219629","1b03128af99734cb50a65d466535180d0ec5e33a156e5b61de4ed87e8c257c09"
"chess4","group1/Top 50 Chess Opening Courses/10_French_Defense/French_Defense_Course.pdf","library/group1/Top 50 Chess Opening Courses/10_French_Defense/French_Defense_Course.pdf","219601","9d61a55fe2d55938dbab793ad7e159e1ac7b3a42a98e0e9aa0e5bedf67cd49e9","git","219601","9d61a55fe2d55938dbab793ad7e159e1ac7b3a42a98e0e9aa0e5bedf67cd49e9"
"chess4","group1/Top 50 Chess Opening Courses/11_Caro_Kann_Defense/Caro_Kann_Defense_Course.pdf","library/group1/Top 50 Chess Opening Courses/11_Caro_Kann_Defense/Caro_Kann_Defense_Course.pdf","219693","3c0c1b95febf3187fd0886a2382894671ec027536c8d6b776db96c8370373983","git","219693","3c0c1b95febf3187fd0886a2382894671ec027536c8d6b776db96c8370373983"
"chess4","group1/Top 50 Chess Opening Courses/12_Open_Sicilian/Open_Sicilian_Course.pdf","library/group1/Top 50 Chess Opening Courses/12_Open_Sicilian/Open_Sicilian_Course.pdf","219470","8b5107e7c8365ba8a1afe34f3971083f87368af0ec2d6ba2c3d758d167d814f6","git","219470","8b5107e7c8365ba8a1afe34f3971083f87368af0ec2d6ba2c3d758d167d814f6"
"chess4","group1/Top 50 Chess Opening Courses/13_Sicilian_Najdorf/Sicilian_Najdorf_Course.pdf","library/group1/Top 50 Chess Opening Courses/13_Sicilian_Najdorf/Sicilian_Najdorf_Course.pdf","219494","35efe9a5031aed61ebda358fa9609c0eadfe4c66befdad0038712acb63ffc21a","git","219494","35efe9a5031aed61ebda358fa9609c0eadfe4c66befdad0038712acb63ffc21a"
"chess4","group1/Top 50 Chess Opening Courses/14_Sicilian_Dragon/Sicilian_Dragon_Course.pdf","library/group1/Top 50 Chess Opening Courses/14_Sicilian_Dragon/Sicilian_Dragon_Course.pdf","219435","489a08b5cb0f3f1b2ee93ac47eee36214384ba754820bb403a489ee54a4b87be","git","219435","489a08b5cb0f3f1b2ee93ac47eee36214384ba754820bb403a489ee54a4b87be"
"chess4","group1/Top 50 Chess Opening Courses/15_Classical_Sicilian/Classical_Sicilian_Course.pdf","library/group1/Top 50 Chess Opening Courses/15_Classical_Sicilian/Classical_Sicilian_Course.pdf","219587","7b0dbd3f6547a3a407f31b90dae5cd6f4c38bbbcd6c257dcfcd4c0acd25087bc","git","219587","7b0dbd3f6547a3a407f31b90dae5cd6f4c38bbbcd6c257dcfcd4c0acd25087bc"
"chess4","group1/Top 50 Chess Opening Courses/16_Sicilian_Scheveningen/Sicilian_Scheveningen_Course.pdf","library/group1/Top 50 Chess Opening Courses/16_Sicilian_Scheveningen/Sicilian_Scheveningen_Course.pdf","219573","dce30b124f2dc296a6a61977cd39399333308e1cea381a9319c3c59b558d8e45","git","219573","dce30b124f2dc296a6a61977cd39399333308e1cea381a9319c3c59b558d8e45"
"chess4","group1/Top 50 Chess Opening Courses/17_Accelerated_Dragon/Accelerated_Dragon_Course.pdf","library/group1/Top 50 Chess Opening Courses/17_Accelerated_Dragon/Accelerated_Dragon_Course.pdf","219567","972ece16aa8fc9866800ff527e56594488b79396897485391a80e91bb1bf0bc6","git","219567","972ece16aa8fc9866800ff527e56594488b79396897485391a80e91bb1bf0bc6"
"chess4","group1/Top 50 Chess Opening Courses/18_Sicilian_Taimanov/Sicilian_Taimanov_Course.pdf","library/group1/Top 50 Chess Opening Courses/18_Sicilian_Taimanov/Sicilian_Taimanov_Course.pdf","219486","57fcf768c2da1140a859ef8c0c5351cbde19da7e0607663ea9f3de59dbb6c8f7","git","219486","57fcf768c2da1140a859ef8c0c5351cbde19da7e0607663ea9f3de59dbb6c8f7"
"chess4","group1/Top 50 Chess Opening Courses/19_Sicilian_Kan/Sicilian_Kan_Course.pdf","library/group1/Top 50 Chess Opening Courses/19_Sicilian_Kan/Sicilian_Kan_Course.pdf","219417","7c7d703343f1608396d7f07f55eb4b359cfbf675ccc17c1c86040ced37702bbd","git","219417","7c7d703343f1608396d7f07f55eb4b359cfbf675ccc17c1c86040ced37702bbd"
"chess4","group1/Top 50 Chess Opening Courses/20_Sicilian_Sveshnikov/Sicilian_Sveshnikov_Course.pdf","library/group1/Top 50 Chess Opening Courses/20_Sicilian_Sveshnikov/Sicilian_Sveshnikov_Course.pdf","219568","414adacbe8f68b8b254a1571f40fc2630b18d45ad7ea8f9a8c2132ab2080a39c","git","219568","414adacbe8f68b8b254a1571f40fc2630b18d45ad7ea8f9a8c2132ab2080a39c"
"chess4","group1/Top 50 Chess Opening Courses/21_Sicilian_Alapin/Sicilian_Alapin_Course.pdf","library/group1/Top 50 Chess Opening Courses/21_Sicilian_Alapin/Sicilian_Alapin_Course.pdf","219440","43e7342135292da129d4574ab49ec0dbae559031eb489bcb359830a5f916609e","git","219440","43e7342135292da129d4574ab49ec0dbae559031eb489bcb359830a5f916609e"
"chess4","group1/Top 50 Chess Opening Courses/22_Closed_Sicilian/Closed_Sicilian_Course.pdf","library/group1/Top 50 Chess Opening Courses/22_Closed_Sicilian/Closed_Sicilian_Course.pdf","219570","dcd9950e15f60220faf1aa7da9c225e78eb89243f60b0f9ef4282322ff9294e9","git","219570","dcd9950e15f60220faf1aa7da9c225e78eb89243f60b0f9ef4282322ff9294e9"
"chess4","group1/Top 50 Chess Opening Courses/23_Grand_Prix_Attack/Grand_Prix_Attack_Course.pdf","library/group1/Top 50 Chess Opening Courses/23_Grand_Prix_Attack/Grand_Prix_Attack_Course.pdf","219381","a239ed588e5a09fc558a7085eaa93a104f34e2f8568c487318c3175d7e76ee75","git","219381","a239ed588e5a09fc558a7085eaa93a104f34e2f8568c487318c3175d7e76ee75"
"chess4","group1/Top 50 Chess Opening Courses/24_Smith_Morra_Gambit/Smith_Morra_Gambit_Course.pdf","library/group1/Top 50 Chess Opening Courses/24_Smith_Morra_Gambit/Smith_Morra_Gambit_Course.pdf","219315","15da7ae3414f0844546fe49de18dece863f4eb451eca93ea01b92bf362480d7b","git","219315","15da7ae3414f0844546fe49de18dece863f4eb451eca93ea01b92bf362480d7b"
"chess4","group1/Top 50 Chess Opening Courses/25_Pirc_Defense/Pirc_Defense_Course.pdf","library/group1/Top 50 Chess Opening Courses/25_Pirc_Defense/Pirc_Defense_Course.pdf","219695","e580bd8ba0e14d63b563c9b88f806a617e98ae9eeb132274378d88989ca1cbff","git","219695","e580bd8ba0e14d63b563c9b88f806a617e98ae9eeb132274378d88989ca1cbff"
"chess4","group1/Top 50 Chess Opening Courses/26_Modern_Defense/Modern_Defense_Course.pdf","library/group1/Top 50 Chess Opening Courses/26_Modern_Defense/Modern_Defense_Course.pdf","219615","7f5b7feb9cf7f25d27784fdba4ea079adf07273cbd6122bd720c939d974c6325","git","219615","7f5b7feb9cf7f25d27784fdba4ea079adf07273cbd6122bd720c939d974c6325"
"chess4","group1/Top 50 Chess Opening Courses/27_Alekhine_Defense/Alekhine_Defense_Course.pdf","library/group1/Top 50 Chess Opening Courses/27_Alekhine_Defense/Alekhine_Defense_Course.pdf","219619","07eca82df8d34371d80f9306533d96f2d139aed7fa85bbd0143de96f480d1856","git","219619","07eca82df8d34371d80f9306533d96f2d139aed7fa85bbd0143de96f480d1856"
"chess4","group1/Top 50 Chess Opening Courses/28_Queens_Gambit/Queens_Gambit_Course.pdf","library/group1/Top 50 Chess Opening Courses/28_Queens_Gambit/Queens_Gambit_Course.pdf","219601","79753f26f20ff150ea3fcd6c8aea53224d79946039c54f56f8ecf18bb89fe321","git","219601","79753f26f20ff150ea3fcd6c8aea53224d79946039c54f56f8ecf18bb89fe321"
"chess4","group1/Top 50 Chess Opening Courses/29_Queens_Gambit_Declined/Queens_Gambit_Declined_Course.pdf","library/group1/Top 50 Chess Opening Courses/29_Queens_Gambit_Declined/Queens_Gambit_Declined_Course.pdf","219750","1d1e9cd5c80eaa59654a38dbe76bbf950ed48a84aa1e801d6cb05945ad08839f","git","219750","1d1e9cd5c80eaa59654a38dbe76bbf950ed48a84aa1e801d6cb05945ad08839f"
"chess4","group1/Top 50 Chess Opening Courses/30_Slav_Defense/Slav_Defense_Course.pdf","library/group1/Top 50 Chess Opening Courses/30_Slav_Defense/Slav_Defense_Course.pdf","219446","b1a29b3de9260c6ca33587cfb31cba1c49ace22193b1e10790cdb978129a6e52","git","219446","b1a29b3de9260c6ca33587cfb31cba1c49ace22193b1e10790cdb978129a6e52"
"chess4","group1/Top 50 Chess Opening Courses/31_Semi_Slav_Defense/Semi_Slav_Defense_Course.pdf","library/group1/Top 50 Chess Opening Courses/31_Semi_Slav_Defense/Semi_Slav_Defense_Course.pdf","219748","e0e75f598176f2be5d995a7ed8bede9171dbf871a6afaf455da50c7fcd833dc6","git","219748","e0e75f598176f2be5d995a7ed8bede9171dbf871a6afaf455da50c7fcd833dc6"
"chess4","group1/Top 50 Chess Opening Courses/32_Catalan_Opening/Catalan_Opening_Course.pdf","library/group1/Top 50 Chess Opening Courses/32_Catalan_Opening/Catalan_Opening_Course.pdf","219652","b03b0e9fcc611f0df03a24c6f251fa9ce1b6f2193b23cef7358f34b3d556a16c","git","219652","b03b0e9fcc611f0df03a24c6f251fa9ce1b6f2193b23cef7358f34b3d556a16c"
"chess4","group1/Top 50 Chess Opening Courses/33_Nimzo_Indian_Defense/Nimzo_Indian_Defense_Course.pdf","library/group1/Top 50 Chess Opening Courses/33_Nimzo_Indian_Defense/Nimzo_Indian_Defense_Course.pdf","219513","08e35d98fbc427c8608935a645ae72df274a536dc04c7b37afbe8de6ca38b863","git","219513","08e35d98fbc427c8608935a645ae72df274a536dc04c7b37afbe8de6ca38b863"
"chess4","group1/Top 50 Chess Opening Courses/34_Queens_Indian_Defense/Queens_Indian_Defense_Course.pdf","library/group1/Top 50 Chess Opening Courses/34_Queens_Indian_Defense/Queens_Indian_Defense_Course.pdf","219846","33ee70bd36532a50949e16526eaac259dbe864ea62b2a93054e3b2da2fa58d06","git","219846","33ee70bd36532a50949e16526eaac259dbe864ea62b2a93054e3b2da2fa58d06"
"chess4","group1/Top 50 Chess Opening Courses/35_Kings_Indian_Defense/Kings_Indian_Defense_Course.pdf","library/group1/Top 50 Chess Opening Courses/35_Kings_Indian_Defense/Kings_Indian_Defense_Course.pdf","219682","783ad6b2d34861f33767636434eb866c5ffbb48a661de20601b76160a36f832a","git","219682","783ad6b2d34861f33767636434eb866c5ffbb48a661de20601b76160a36f832a"
"chess4","group1/Top 50 Chess Opening Courses/36_Grunfeld_Defense/Grunfeld_Defense_Course.pdf","library/group1/Top 50 Chess Opening Courses/36_Grunfeld_Defense/Grunfeld_Defense_Course.pdf","219360","741cab93f02e7a8b4173755700466290b95b95be5de38c0d5ba31572aed73e4f","git","219360","741cab93f02e7a8b4173755700466290b95b95be5de38c0d5ba31572aed73e4f"
"chess4","group1/Top 50 Chess Opening Courses/37_Modern_Benoni/Modern_Benoni_Course.pdf","library/group1/Top 50 Chess Opening Courses/37_Modern_Benoni/Modern_Benoni_Course.pdf","219495","aa5ea459a7b7f56109619408b621171dcdf2b1431e36bba27747543f26614fc0","git","219495","aa5ea459a7b7f56109619408b621171dcdf2b1431e36bba27747543f26614fc0"
"chess4","group1/Top 50 Chess Opening Courses/38_Benko_Gambit/Benko_Gambit_Course.pdf","library/group1/Top 50 Chess Opening Courses/38_Benko_Gambit/Benko_Gambit_Course.pdf","219465","4841b5b3492d2ede760e6b65870ae375a835b6bdab98895c6f9a4c03a88f4e05","git","219465","4841b5b3492d2ede760e6b65870ae375a835b6bdab98895c6f9a4c03a88f4e05"
"chess4","group1/Top 50 Chess Opening Courses/39_Dutch_Defense/Dutch_Defense_Course.pdf","library/group1/Top 50 Chess Opening Courses/39_Dutch_Defense/Dutch_Defense_Course.pdf","220052","6311101a7c6174e04e9164aa82564e1a9df88a8055c4c94d4ed7df3801bfd381","git","220052","6311101a7c6174e04e9164aa82564e1a9df88a8055c4c94d4ed7df3801bfd381"
"chess4","group1/Top 50 Chess Opening Courses/40_English_Opening/English_Opening_Course.pdf","library/group1/Top 50 Chess Opening Courses/40_English_Opening/English_Opening_Course.pdf","219478","bf03ac99f6f41df89666905e4ac3ede819b576044d155e26a5d52dc34411669b","git","219478","bf03ac99f6f41df89666905e4ac3ede819b576044d155e26a5d52dc34411669b"
"chess4","group1/Top 50 Chess Opening Courses/41_Reti_Opening/Reti_Opening_Course.pdf","library/group1/Top 50 Chess Opening Courses/41_Reti_Opening/Reti_Opening_Course.pdf","219582","f10878d7959d00fdbb5ec250d0d3b11676fdcc121cc186d716216ebc81f18a37","git","219582","f10878d7959d00fdbb5ec250d0d3b11676fdcc121cc186d716216ebc81f18a37"
"chess4","group1/Top 50 Chess Opening Courses/42_London_System/London_System_Course.pdf","library/group1/Top 50 Chess Opening Courses/42_London_System/London_System_Course.pdf","219643","3deba95e5a3fa77dbde07e11e838a6cea66727a82460bd5443df26bf951990de","git","219643","3deba95e5a3fa77dbde07e11e838a6cea66727a82460bd5443df26bf951990de"
"chess4","group1/Top 50 Chess Opening Courses/43_Colle_System/Colle_System_Course.pdf","library/group1/Top 50 Chess Opening Courses/43_Colle_System/Colle_System_Course.pdf","219478","8144f4e8da533a4354dc5c939f0005912fa9e9ae96eca4323094423ac7a257a0","git","219478","8144f4e8da533a4354dc5c939f0005912fa9e9ae96eca4323094423ac7a257a0"
"chess4","group1/Top 50 Chess Opening Courses/44_Trompowsky_Attack/Trompowsky_Attack_Course.pdf","library/group1/Top 50 Chess Opening Courses/44_Trompowsky_Attack/Trompowsky_Attack_Course.pdf","219686","7665e109189cfb936c41671d87e23d5385f5eaa43e81c6eb69a857487810673e","git","219686","7665e109189cfb936c41671d87e23d5385f5eaa43e81c6eb69a857487810673e"
"chess4","group1/Top 50 Chess Opening Courses/45_Jobava_London_System/Jobava_London_System_Course.pdf","library/group1/Top 50 Chess Opening Courses/45_Jobava_London_System/Jobava_London_System_Course.pdf","219768","12954b8c4aaf8edf03bab413f2423a6daf3005292c6287892e384c94691fe8f5","git","219768","12954b8c4aaf8edf03bab413f2423a6daf3005292c6287892e384c94691fe8f5"
"chess4","group1/Top 50 Chess Opening Courses/46_Stonewall_Attack/Stonewall_Attack_Course.pdf","library/group1/Top 50 Chess Opening Courses/46_Stonewall_Attack/Stonewall_Attack_Course.pdf","219899","05d9478a16f8e1f3d07997a3d6238dee0fba6a1a8030a4dc77768b760d522044","git","219899","05d9478a16f8e1f3d07997a3d6238dee0fba6a1a8030a4dc77768b760d522044"
"chess4","group1/Top 50 Chess Opening Courses/47_Torre_Attack/Torre_Attack_Course.pdf","library/group1/Top 50 Chess Opening Courses/47_Torre_Attack/Torre_Attack_Course.pdf","219693","20720ede82c7c12289c16ac15d4b700a6d06ad36b097e77a563c953243c5508e","git","219693","20720ede82c7c12289c16ac15d4b700a6d06ad36b097e77a563c953243c5508e"
"chess4","group1/Top 50 Chess Opening Courses/48_Blackmar_Diemer_Gambit/Blackmar_Diemer_Gambit_Course.pdf","library/group1/Top 50 Chess Opening Courses/48_Blackmar_Diemer_Gambit/Blackmar_Diemer_Gambit_Course.pdf","219524","78976a34d08e75603701c2b4200fd6d293b56ce4bca2eea74f8ecf6ed82ea278","git","219524","78976a34d08e75603701c2b4200fd6d293b56ce4bca2eea74f8ecf6ed82ea278"
"chess4","group1/Top 50 Chess Opening Courses/49_Bird_Opening/Bird_Opening_Course.pdf","library/group1/Top 50 Chess Opening Courses/49_Bird_Opening/Bird_Opening_Course.pdf","219832","fd89a3e2a1466271e56750d7ff9d9dfc3c6716e5617af64491dae55b555f0e21","git","219832","fd89a3e2a1466271e56750d7ff9d9dfc3c6716e5617af64491dae55b555f0e21"
"chess4","group1/Top 50 Chess Opening Courses/50_Kings_Indian_Attack/Kings_Indian_Attack_Course.pdf","library/group1/Top 50 Chess Opening Courses/50_Kings_Indian_Attack/Kings_Indian_Attack_Course.pdf","220070","e3b1e15a6b43ad9cd5c0618c9f3e4507d8867d272674df3e337666653729697d","git","220070","e3b1e15a6b43ad9cd5c0618c9f3e4507d8867d272674df3e337666653729697d"
"chess4","group1/Top 50 Chess Opening Courses/COURSE_MANIFEST.csv","library/group1/Top 50 Chess Opening Courses/COURSE_MANIFEST.csv","9726","3539a0676e886c91289eb7424ff6980b7383f37af6ae41aeb3dcaef777a51e18","git","9726","3539a0676e886c91289eb7424ff6980b7383f37af6ae41aeb3dcaef777a51e18"
"chess4","group1/Top 50 Chess Opening Courses/START_HERE.txt","library/group1/Top 50 Chess Opening Courses/START_HERE.txt","4769","9c8c170705129d5cfb098f4773b8751c78209853077896fb0db402f0511d3953","git","4769","9c8c170705129d5cfb098f4773b8751c78209853077896fb0db402f0511d3953"
"chess4","pdf/1_d4_Complete_Course/00_START_HERE_course_map_and_foundations.pdf","library/pdf/1_d4_Complete_Course/00_START_HERE_course_map_and_foundations.pdf","96354","9a628ef54285ebb4ca82a50381955d4cbb0e264d9960de91b9211bb2753dde31","git","96354","9a628ef54285ebb4ca82a50381955d4cbb0e264d9960de91b9211bb2753dde31"
"chess4","pdf/1_d4_Complete_Course/01_Move_orders_and_when_NOT_to_play_c4.pdf","library/pdf/1_d4_Complete_Course/01_Move_orders_and_when_NOT_to_play_c4.pdf","93868","988f9e97ebec2de993bce0cde0949723358b2d84f729610d89cf67fce8c7a709","git","93868","988f9e97ebec2de993bce0cde0949723358b2d84f729610d89cf67fce8c7a709"
"chess4","pdf/1_d4_Complete_Course/02_Queen_s_Gambit_Declined_the_Exchange.pdf","library/pdf/1_d4_Complete_Course/02_Queen_s_Gambit_Declined_the_Exchange.pdf","107789","3853c86f6ec431c0a010664fabfe7ca07d928352bc03fad2bb3d258f463e16af","git","107789","3853c86f6ec431c0a010664fabfe7ca07d928352bc03fad2bb3d258f463e16af"
"chess4","pdf/1_d4_Complete_Course/03_QGD_alternatives_Ragozin_Vienna_and_early_deviations.pdf","library/pdf/1_d4_Complete_Course/03_QGD_alternatives_Ragozin_Vienna_and_early_deviations.pdf","114592","efbb5c90defd92381fe270e829f898f2739aafce97fc27ac2833bc288ad45e02","git","114592","efbb5c90defd92381fe270e829f898f2739aafce97fc27ac2833bc288ad45e02"
"chess4","pdf/1_d4_Complete_Course/04_Queen_s_Gambit_Accepted.pdf","library/pdf/1_d4_Complete_Course/04_Queen_s_Gambit_Accepted.pdf","106931","155b820aac455258e40fb3168a19d67d04b9c0571e751986843ef3a32857d8d2","git","106931","155b820aac455258e40fb3168a19d67d04b9c0571e751986843ef3a32857d8d2"
"chess4","pdf/1_d4_Complete_Course/05_The_Slav_Defense.pdf","library/pdf/1_d4_Complete_Course/05_The_Slav_Defense.pdf","110667","33c4c36f5d399db58f18b1ef3087f9caa94351c380237f64ee4ee126487a4803","git","110667","33c4c36f5d399db58f18b1ef3087f9caa94351c380237f64ee4ee126487a4803"
"chess4","pdf/1_d4_Complete_Course/06_The_Semi_Slav_e3_systems.pdf","library/pdf/1_d4_Complete_Course/06_The_Semi_Slav_e3_systems.pdf","107312","92d313d7e5b9a67872cd7aa83bfc09875566bc519426f98d85c630dcb4b9f127","git","107312","92d313d7e5b9a67872cd7aa83bfc09875566bc519426f98d85c630dcb4b9f127"
"chess4","pdf/1_d4_Complete_Course/07_Tarrasch_and_Semi_Tarrasch.pdf","library/pdf/1_d4_Complete_Course/07_Tarrasch_and_Semi_Tarrasch.pdf","103535","9eeb1260ccdb411d3e4460af0cb5a3fd0445c438fccbff373c4af6728943ae65","git","103535","9eeb1260ccdb411d3e4460af0cb5a3fd0445c438fccbff373c4af6728943ae65"
"chess4","pdf/1_d4_Complete_Course/08_Albin_Countergambit_a_complete_practical_answer.pdf","library/pdf/1_d4_Complete_Course/08_Albin_Countergambit_a_complete_practical_answer.pdf","111421","eedfb29a30778afc772f3cabb231b2350d20357cffb95e4872720a202ec9d2f6","git","111421","eedfb29a30778afc772f3cabb231b2350d20357cffb95e4872720a202ec9d2f6"
"chess4","pdf/1_d4_Complete_Course/09_The_Chigorin_Defense.pdf","library/pdf/1_d4_Complete_Course/09_The_Chigorin_Defense.pdf","103462","93a5f14d753e5fd2dff5338b4f3093c348fb07b8395e5e92fbc65714c8181183","git","103462","93a5f14d753e5fd2dff5338b4f3093c348fb07b8395e5e92fbc65714c8181183"
"chess4","pdf/1_d4_Complete_Course/10_Other_Queen_s_Gambit_counters.pdf","library/pdf/1_d4_Complete_Course/10_Other_Queen_s_Gambit_counters.pdf","106959","47e7f1c59b05ba9762b9201d0f67b8c688fdec1ed6377c78dc62da252fe8ff54","git","106959","47e7f1c59b05ba9762b9201d0f67b8c688fdec1ed6377c78dc62da252fe8ff54"
"chess4","pdf/1_d4_Complete_Course/11_Queen_s_Indian_the_g3_repertoire.pdf","library/pdf/1_d4_Complete_Course/11_Queen_s_Indian_the_g3_repertoire.pdf","103583","ca22ba9765e539de464408344ae72418f5e7079c134a55102427ecdedfb219d3","git","103583","ca22ba9765e539de464408344ae72418f5e7079c134a55102427ecdedfb219d3"
"chess4","pdf/1_d4_Complete_Course/12_Bogo_Indian_meet_the_check_with_Bd2.pdf","library/pdf/1_d4_Complete_Course/12_Bogo_Indian_meet_the_check_with_Bd2.pdf","103575","6c5774c7a7fdf933226a4eab5086327ba48703c32dd0a45b6cee7feac086b69e","git","103575","6c5774c7a7fdf933226a4eab5086327ba48703c32dd0a45b6cee7feac086b69e"
"chess4","pdf/1_d4_Complete_Course/13_Optional_expansion_the_Nimzo_Indian.pdf","library/pdf/1_d4_Complete_Course/13_Optional_expansion_the_Nimzo_Indian.pdf","103522","7d7fe2a167efd9a99f094b49d0ea4a9019a572dc37fe81612845936e4d9c218b","git","103522","7d7fe2a167efd9a99f094b49d0ea4a9019a572dc37fe81612845936e4d9c218b"
"chess4","pdf/1_d4_Complete_Course/14_King_s_Indian_a_fianchetto_repertoire.pdf","library/pdf/1_d4_Complete_Course/14_King_s_Indian_a_fianchetto_repertoire.pdf","103826","15e9e6ef164b74735e24cbd56cbcb6769ed9e8b29d8c7d5ed3b1466f95d25a45","git","103826","15e9e6ef164b74735e24cbd56cbcb6769ed9e8b29d8c7d5ed3b1466f95d25a45"
"chess4","pdf/1_d4_Complete_Course/15_Grunfeld_keep_the_fianchetto.pdf","library/pdf/1_d4_Complete_Course/15_Grunfeld_keep_the_fianchetto.pdf","103569","817f392b80f878c94dceffe6fc12ebcae700e6a5b6e393b764f90f99ce55a444","git","103569","817f392b80f878c94dceffe6fc12ebcae700e6a5b6e393b764f90f99ce55a444"
"chess4","pdf/1_d4_Complete_Course/16_Modern_Benoni_space_and_the_fianchetto.pdf","library/pdf/1_d4_Complete_Course/16_Modern_Benoni_space_and_the_fianchetto.pdf","103803","1d6e8d18528f10fc1847a4facf66af4e58a1de9f07923e22a6353dffe8ce37cd","git","103803","1d6e8d18528f10fc1847a4facf66af4e58a1de9f07923e22a6353dffe8ce37cd"
"chess4","pdf/1_d4_Complete_Course/17_Benko_Gambit_the_5_b6_practical_decline.pdf","library/pdf/1_d4_Complete_Course/17_Benko_Gambit_the_5_b6_practical_decline.pdf","103615","5ed7f5321ab608f079416ae58df69835050a7fbe0619bd013fb4aa6a14493cc5","git","103615","5ed7f5321ab608f079416ae58df69835050a7fbe0619bd013fb4aa6a14493cc5"
"chess4","pdf/1_d4_Complete_Course/18_Budapest_Fajarowicz_and_Blumenfeld.pdf","library/pdf/1_d4_Complete_Course/18_Budapest_Fajarowicz_and_Blumenfeld.pdf","107118","f8c1087800a75d45032b79f9d3d89d47235acb5113d2c2340616f7f3d32cbc6f","git","107118","f8c1087800a75d45032b79f9d3d89d47235acb5113d2c2340616f7f3d32cbc6f"
"chess4","pdf/1_d4_Complete_Course/19_Dutch_Defense_defer_c4_with_2_g3.pdf","library/pdf/1_d4_Complete_Course/19_Dutch_Defense_defer_c4_with_2_g3.pdf","103576","fa765504a52a6b5b323a2c5fc5f699ae3ccf6d3401a369e1bf808f6b28b66eb7","git","103576","fa765504a52a6b5b323a2c5fc5f699ae3ccf6d3401a369e1bf808f6b28b66eb7"
"chess4","pdf/1_d4_Complete_Course/20_Old_Indian_and_Modern_move_orders.pdf","library/pdf/1_d4_Complete_Course/20_Old_Indian_and_Modern_move_orders.pdf","103675","e1257e1b98387f7a94e40fe00abc070b126305010db18a945009cf5735effa84","git","103675","e1257e1b98387f7a94e40fe00abc070b126305010db18a945009cf5735effa84"
"chess4","pdf/1_d4_Complete_Course/21_When_c4_waits_Englund_and_unusual_first_moves.pdf","library/pdf/1_d4_Complete_Course/21_When_c4_waits_Englund_and_unusual_first_moves.pdf","114405","fa72828256ab45f1b02dba57d56c0a215912ba9e4d0026ed94d137c79fc2f171","git","114405","fa72828256ab45f1b02dba57d56c0a215912ba9e4d0026ed94d137c79fc2f171"
"chess4","pdf/1_d4_Complete_Course/22_Pawn_structures_and_plans_after_move_ten.pdf","library/pdf/1_d4_Complete_Course/22_Pawn_structures_and_plans_after_move_ten.pdf","113061","b3d8a7953dcf2e35f48ca5f3536363edc19b4093b75d8573ac4ce9d46cc066ca","git","113061","b3d8a7953dcf2e35f48ca5f3536363edc19b4093b75d8573ac4ce9d46cc066ca"
"chess4","pdf/1_d4_Complete_Course/23_Middlegame_laboratory_eight_training_continuations.pdf","library/pdf/1_d4_Complete_Course/23_Middlegame_laboratory_eight_training_continuations.pdf","129255","2c16e3f8a2e68b997ad4ec31acdae667c7388b67dce86287b10d7e01121eb648","git","129255","2c16e3f8a2e68b997ad4ec31acdae667c7388b67dce86287b10d7e01121eb648"
"chess4","pdf/1_d4_Complete_Course/24_60_exercises_with_explained_answers.pdf","library/pdf/1_d4_Complete_Course/24_60_exercises_with_explained_answers.pdf","202957","71a2eed346456f2c7467747e0e53a9373227792e71430267030e0b00b3407479","git","202957","71a2eed346456f2c7467747e0e53a9373227792e71430267030e0b00b3407479"
"chess4","pdf/1_d4_Complete_Course/25_12_week_study_plan_and_quick_reference_cards.pdf","library/pdf/1_d4_Complete_Course/25_12_week_study_plan_and_quick_reference_cards.pdf","91815","66252e4d3f5c4d5360238afe6f486652eafd3c8fdd33405ec909babce5e5c2c0","git","91815","66252e4d3f5c4d5360238afe6f486652eafd3c8fdd33405ec909babce5e5c2c0"
"chess4","pdf/1_d4_Complete_Course/26_Sources_glossary_and_verification_method.pdf","library/pdf/1_d4_Complete_Course/26_Sources_glossary_and_verification_method.pdf","97142","2922d58ae46564cfc256fab5b508ac182d7d950af71dcdbf496b706fe9c11dcf","git","97142","2922d58ae46564cfc256fab5b508ac182d7d950af71dcdbf496b706fe9c11dcf"
"chess4","pdf/1_d4_Complete_Course/Artwork_Credits_and_Sources/ATTRIBUTION.txt","library/pdf/1_d4_Complete_Course/Artwork_Credits_and_Sources/ATTRIBUTION.txt","1041","ab4f95b838dc30e627a75d08c346675b0550b241a93a255546ef043af304f22a","git","1041","ab4f95b838dc30e627a75d08c346675b0550b241a93a255546ef043af304f22a"
"chess4","pdf/1_d4_Complete_Course/Artwork_Credits_and_Sources/black_bishop.svg","library/pdf/1_d4_Complete_Course/Artwork_Credits_and_Sources/black_bishop.svg","800","4a4c423a97b92ea2bc75b99dcc756d6ea9e135162a112132ee82e5638142318e","git","800","4a4c423a97b92ea2bc75b99dcc756d6ea9e135162a112132ee82e5638142318e"
"chess4","pdf/1_d4_Complete_Course/Artwork_Credits_and_Sources/black_king.svg","library/pdf/1_d4_Complete_Course/Artwork_Credits_and_Sources/black_king.svg","901","88d99c58085ca521ccd2212829322d1e80dbfe6a09a0d88c66949ac3ebdce9e7","git","901","88d99c58085ca521ccd2212829322d1e80dbfe6a09a0d88c66949ac3ebdce9e7"
"chess4","pdf/1_d4_Complete_Course/Artwork_Credits_and_Sources/black_knight.svg","library/pdf/1_d4_Complete_Course/Artwork_Credits_and_Sources/black_knight.svg","1313","5d5aabadd0900630656f134b29b1465c5888ed09c614f5f3200df89e46473d96","git","1313","5d5aabadd0900630656f134b29b1465c5888ed09c614f5f3200df89e46473d96"
"chess4","pdf/1_d4_Complete_Course/Artwork_Credits_and_Sources/black_pawn.svg","library/pdf/1_d4_Complete_Course/Artwork_Credits_and_Sources/black_pawn.svg","515","05cfc3dbfd86e6b01a08a9e92831aa48eddc27c1609c3a1d3602723ebd11cf34","git","515","05cfc3dbfd86e6b01a08a9e92831aa48eddc27c1609c3a1d3602723ebd11cf34"
"chess4","pdf/1_d4_Complete_Course/Artwork_Credits_and_Sources/black_queen.svg","library/pdf/1_d4_Complete_Course/Artwork_Credits_and_Sources/black_queen.svg","1033","04794ecd25e588aeb6e88fc17a00d3c67710dd8a9f7d4e7f39806df3ee0c321e","git","1033","04794ecd25e588aeb6e88fc17a00d3c67710dd8a9f7d4e7f39806df3ee0c321e"
"chess4","pdf/1_d4_Complete_Course/Artwork_Credits_and_Sources/black_rook.svg","library/pdf/1_d4_Complete_Course/Artwork_Credits_and_Sources/black_rook.svg","705","e99b71dd34a9d9d9ad278b150aaa9d4a33202a53646d2fef2c56684fd9924560","git","705","e99b71dd34a9d9d9ad278b150aaa9d4a33202a53646d2fef2c56684fd9924560"
"chess4","pdf/1_d4_Complete_Course/Artwork_Credits_and_Sources/GPL-2.0.txt","library/pdf/1_d4_Complete_Course/Artwork_Credits_and_Sources/GPL-2.0.txt","17337","aaf135472f81c5b4a0dca9367e5bb5e9750032b5bebe5442b36e4c0a47430df3","git","17337","aaf135472f81c5b4a0dca9367e5bb5e9750032b5bebe5442b36e4c0a47430df3"
"chess4","pdf/1_d4_Complete_Course/Artwork_Credits_and_Sources/white_bishop.svg","library/pdf/1_d4_Complete_Course/Artwork_Credits_and_Sources/white_bishop.svg","792","6c49bc6c79eb987bbe310fa2bb3b57726f214b993ea2ec2f5a0d9fdb5750d483","git","792","6c49bc6c79eb987bbe310fa2bb3b57726f214b993ea2ec2f5a0d9fdb5750d483"
"chess4","pdf/1_d4_Complete_Course/Artwork_Credits_and_Sources/white_king.svg","library/pdf/1_d4_Complete_Course/Artwork_Credits_and_Sources/white_king.svg","727","7d486ecb7e094e7d58d18f43244b0b9dc4a85674870caac9f2db0f85dbe01043","git","727","7d486ecb7e094e7d58d18f43244b0b9dc4a85674870caac9f2db0f85dbe01043"
"chess4","pdf/1_d4_Complete_Course/Artwork_Credits_and_Sources/white_knight.svg","library/pdf/1_d4_Complete_Course/Artwork_Credits_and_Sources/white_knight.svg","1038","e10f88376f43949f7c2af8c90d4b21acb5534c38a432ae7137234de970086878","git","1038","e10f88376f43949f7c2af8c90d4b21acb5534c38a432ae7137234de970086878"
"chess4","pdf/1_d4_Complete_Course/Artwork_Credits_and_Sources/white_pawn.svg","library/pdf/1_d4_Complete_Course/Artwork_Credits_and_Sources/white_pawn.svg","515","44239187782f14a85d25a2ca521ad38400d3304fe389b147c378b10d0313df24","git","515","44239187782f14a85d25a2ca521ad38400d3304fe389b147c378b10d0313df24"
"chess4","pdf/1_d4_Complete_Course/Artwork_Credits_and_Sources/white_queen.svg","library/pdf/1_d4_Complete_Course/Artwork_Credits_and_Sources/white_queen.svg","860","6a8a8d41df7ee761d317cbb964846c58b6d3c0e45d6a9e06de3922a9e4d8086e","git","860","6a8a8d41df7ee761d317cbb964846c58b6d3c0e45d6a9e06de3922a9e4d8086e"
"chess4","pdf/1_d4_Complete_Course/Artwork_Credits_and_Sources/white_rook.svg","library/pdf/1_d4_Complete_Course/Artwork_Credits_and_Sources/white_rook.svg","596","b54974a0d35a7b42ad07e14e29825b15d97cdeb59bc8b1781e65ac7238f474e9","git","596","b54974a0d35a7b42ad07e14e29825b15d97cdeb59bc8b1781e65ac7238f474e9"
"chess4","pdf/1_d4_Complete_Course/COMPLETE_1_d4_Course.pdf","library/pdf/1_d4_Complete_Course/COMPLETE_1_d4_Course.pdf","2921222","a81dcb5c2e47bf1c755da7cc8fab8a5f5d626a88c0bc470356b2616610e4fd3c","git","2921222","a81dcb5c2e47bf1c755da7cc8fab8a5f5d626a88c0bc470356b2616610e4fd3c"
"chess4","pdf/1_d4_Complete_Course/Course_Manifest.json","library/pdf/1_d4_Complete_Course/Course_Manifest.json","5828","06ed99d90fd6b1a96ba939fda3933ba88c4c58f96bc68d63c30190d0c57bd869","git","5828","06ed99d90fd6b1a96ba939fda3933ba88c4c58f96bc68d63c30190d0c57bd869"
"chess4","pdf/1_d4_Complete_Course/Exercises.pgn","library/pdf/1_d4_Complete_Course/Exercises.pgn","32417","a8c65253072737c21c688fb7725e737a8a0325e0d4587b6c223b13b05b30bf90","git","32417","a8c65253072737c21c688fb7725e737a8a0325e0d4587b6c223b13b05b30bf90"
"chess4","pdf/1_d4_Complete_Course/Middlegame_Laboratory.pgn","library/pdf/1_d4_Complete_Course/Middlegame_Laboratory.pgn","3704","a6be467c46ebdc0f69ef8685a0ea6c6af164f834c0f0087a44ca58d715203d3b","git","3704","a6be467c46ebdc0f69ef8685a0ea6c6af164f834c0f0087a44ca58d715203d3b"
"chess4","pdf/1_d4_Complete_Course/READ_ME_FIRST.txt","library/pdf/1_d4_Complete_Course/READ_ME_FIRST.txt","1704","24aa7c85e0ffb60343514154988b2781d2dd5f085d78733b81fae314089e2f52","git","1704","24aa7c85e0ffb60343514154988b2781d2dd5f085d78733b81fae314089e2f52"
"chess4","pdf/1_d4_Complete_Course/Repertoire_Lines.pgn","library/pdf/1_d4_Complete_Course/Repertoire_Lines.pgn","61540","8cefdb6c6851575b822d61b3cc341d5fcaba82c3deae8b67f22cccaac856a166","git","61540","8cefdb6c6851575b822d61b3cc341d5fcaba82c3deae8b67f22cccaac856a166"
"chess4","pdf/1_d4_Complete_Course/Verification_Summary.txt","library/pdf/1_d4_Complete_Course/Verification_Summary.txt","826","d540b9231059c975f3e4889e032abfad24de2a93ab3909f02b668b111ccf5e4b","git","826","d540b9231059c975f3e4889e032abfad24de2a93ab3909f02b668b111ccf5e4b"
"chess4","pdf/Chess_Opening_Library.zip","library/pdf/Chess_Opening_Library.zip","7912849","7757a569cbd6fa5d601d9af5330e59538deee20d721945b68a07db64b79b83a5","git","7912849","7757a569cbd6fa5d601d9af5330e59538deee20d721945b68a07db64b79b83a5"
"chess4","pdf/general/00_Start_Here_and_Quick_Checklist.pdf","library/pdf/general/00_Start_Here_and_Quick_Checklist.pdf","46142","283afa799b0fe35c5e31f48f0fac8f9fb97eb5c922375b8c3a58442bea230255","git","46142","283afa799b0fe35c5e31f48f0fac8f9fb97eb5c922375b8c3a58442bea230255"
"chess4","pdf/general/01_Opening_Principles.pdf","library/pdf/general/01_Opening_Principles.pdf","71749","29e56486bbfaceeeed8296af1ee74582812d1b8794cdbf7ae1d0c8dfaf612add","git","71749","29e56486bbfaceeeed8296af1ee74582812d1b8794cdbf7ae1d0c8dfaf612add"
"chess4","pdf/general/02_Tactics_and_Calculation.pdf","library/pdf/general/02_Tactics_and_Calculation.pdf","70835","97213d48ccc4f8cdf3fd37f713e8f6b669f1e6f6b13ee88327ea5dc62b7816f1","git","70835","97213d48ccc4f8cdf3fd37f713e8f6b669f1e6f6b13ee88327ea5dc62b7816f1"
"chess4","pdf/general/03_Middlegame_Strategy.pdf","library/pdf/general/03_Middlegame_Strategy.pdf","48375","71c275d6e2865c24c38cf6ae06a166a32ec7eee6377d78705f53a063d73a7fd9","git","48375","71c275d6e2865c24c38cf6ae06a166a32ec7eee6377d78705f53a063d73a7fd9"
"chess4","pdf/general/04_Endgame_Essentials.pdf","library/pdf/general/04_Endgame_Essentials.pdf","71367","5c665396b1694126f53e443e6b5d9a7e663413a518fc3336f15a0bd74d07be1a","git","71367","5c665396b1694126f53e443e6b5d9a7e663413a518fc3336f15a0bd74d07be1a"
"chess4","pdf/general/05_Attack_Defense_and_Checkmates.pdf","library/pdf/general/05_Attack_Defense_and_Checkmates.pdf","69664","067abee0b9d6607126625c93a377460d445f49c4dd27348410649b6382ae7523","git","69664","067abee0b9d6607126625c93a377460d445f49c4dd27348410649b6382ae7523"
"chess4","pdf/general/06_Training_and_Game_Review.pdf","library/pdf/general/06_Training_and_Game_Review.pdf","48743","c1915236214a184b950de5f33f8635d5fcf6cea76e01e7d76eddf25418e91565","git","48743","c1915236214a184b950de5f33f8635d5fcf6cea76e01e7d76eddf25418e91565"
"chess4","pdf/Hippopotamus_Complete_Courses/Black/00_Complete_Course.pdf","library/pdf/Hippopotamus_Complete_Courses/Black/00_Complete_Course.pdf","926019","4ac6f135ddf4a80f6db9172dfec7a6ba0f140ba580406bde6543d2baa60f68f9","git","926019","4ac6f135ddf4a80f6db9172dfec7a6ba0f140ba580406bde6543d2baa60f68f9"
"chess4","pdf/Hippopotamus_Complete_Courses/Black/00_Start_Here_and_Foundations.pdf","library/pdf/Hippopotamus_Complete_Courses/Black/00_Start_Here_and_Foundations.pdf","117421","edc063090463c2d2a8e84b64bdd6a9823dec644a93345e101bac738103e83910","git","117421","edc063090463c2d2a8e84b64bdd6a9823dec644a93345e101bac738103e83910"
"chess4","pdf/Hippopotamus_Complete_Courses/Black/01_Opening_Theory_and_Move_Orders.pdf","library/pdf/Hippopotamus_Complete_Courses/Black/01_Opening_Theory_and_Move_Orders.pdf","186810","78ca5e4f82f290b32e186a57c0ebcb374ddbc1b87340614a6c054cf134197b9f","git","186810","78ca5e4f82f290b32e186a57c0ebcb374ddbc1b87340614a6c054cf134197b9f"
"chess4","pdf/Hippopotamus_Complete_Courses/Black/02_Strategy_Tactics_and_Endgames.pdf","library/pdf/Hippopotamus_Complete_Courses/Black/02_Strategy_Tactics_and_Endgames.pdf","132575","0a12df58104498527a7fbbba561148da756af28f55a58f9d4425ede4eef47386","git","132575","0a12df58104498527a7fbbba561148da756af28f55a58f9d4425ede4eef47386"
"chess4","pdf/Hippopotamus_Complete_Courses/Black/03_Six_Middlegame_Laboratories.pdf","library/pdf/Hippopotamus_Complete_Courses/Black/03_Six_Middlegame_Laboratories.pdf","193551","7aae8946cd75e60f1a2dd6eb85e3408958a40c58272ba57a86debc4b02b9f993","git","193551","7aae8946cd75e60f1a2dd6eb85e3408958a40c58272ba57a86debc4b02b9f993"
"chess4","pdf/Hippopotamus_Complete_Courses/Black/04_48_Exercises_and_Explained_Answers.pdf","library/pdf/Hippopotamus_Complete_Courses/Black/04_48_Exercises_and_Explained_Answers.pdf","200091","23e1ca27041162aeef02acb0bb9ded92eac3b6ba23f4ff44fd4eea7e53e3cc29","git","200091","23e1ca27041162aeef02acb0bb9ded92eac3b6ba23f4ff44fd4eea7e53e3cc29"
"chess4","pdf/Hippopotamus_Complete_Courses/Black/05_Study_Plan_Reference_and_Sources.pdf","library/pdf/Hippopotamus_Complete_Courses/Black/05_Study_Plan_Reference_and_Sources.pdf","104840","1f629f3fbd625ab966c7e535cb7291bfa6b837c5b7fbee6057a67eb2d7a68cb0","git","104840","1f629f3fbd625ab966c7e535cb7291bfa6b837c5b7fbee6057a67eb2d7a68cb0"
"chess4","pdf/Hippopotamus_Complete_Courses/Black/Artwork_Credits_and_Sources/ATTRIBUTION.txt","library/pdf/Hippopotamus_Complete_Courses/Black/Artwork_Credits_and_Sources/ATTRIBUTION.txt","403","f08eab04d0d78d56efe77b072b59958815dce0d935c4c38fdebf98b74a14d55e","git","403","f08eab04d0d78d56efe77b072b59958815dce0d935c4c38fdebf98b74a14d55e"
"chess4","pdf/Hippopotamus_Complete_Courses/Black/Artwork_Credits_and_Sources/black_bishop.svg","library/pdf/Hippopotamus_Complete_Courses/Black/Artwork_Credits_and_Sources/black_bishop.svg","800","4a4c423a97b92ea2bc75b99dcc756d6ea9e135162a112132ee82e5638142318e","git","800","4a4c423a97b92ea2bc75b99dcc756d6ea9e135162a112132ee82e5638142318e"
"chess4","pdf/Hippopotamus_Complete_Courses/Black/Artwork_Credits_and_Sources/black_king.svg","library/pdf/Hippopotamus_Complete_Courses/Black/Artwork_Credits_and_Sources/black_king.svg","901","88d99c58085ca521ccd2212829322d1e80dbfe6a09a0d88c66949ac3ebdce9e7","git","901","88d99c58085ca521ccd2212829322d1e80dbfe6a09a0d88c66949ac3ebdce9e7"
"chess4","pdf/Hippopotamus_Complete_Courses/Black/Artwork_Credits_and_Sources/black_knight.svg","library/pdf/Hippopotamus_Complete_Courses/Black/Artwork_Credits_and_Sources/black_knight.svg","1313","5d5aabadd0900630656f134b29b1465c5888ed09c614f5f3200df89e46473d96","git","1313","5d5aabadd0900630656f134b29b1465c5888ed09c614f5f3200df89e46473d96"
"chess4","pdf/Hippopotamus_Complete_Courses/Black/Artwork_Credits_and_Sources/black_pawn.svg","library/pdf/Hippopotamus_Complete_Courses/Black/Artwork_Credits_and_Sources/black_pawn.svg","515","05cfc3dbfd86e6b01a08a9e92831aa48eddc27c1609c3a1d3602723ebd11cf34","git","515","05cfc3dbfd86e6b01a08a9e92831aa48eddc27c1609c3a1d3602723ebd11cf34"
"chess4","pdf/Hippopotamus_Complete_Courses/Black/Artwork_Credits_and_Sources/black_queen.svg","library/pdf/Hippopotamus_Complete_Courses/Black/Artwork_Credits_and_Sources/black_queen.svg","1033","04794ecd25e588aeb6e88fc17a00d3c67710dd8a9f7d4e7f39806df3ee0c321e","git","1033","04794ecd25e588aeb6e88fc17a00d3c67710dd8a9f7d4e7f39806df3ee0c321e"
"chess4","pdf/Hippopotamus_Complete_Courses/Black/Artwork_Credits_and_Sources/black_rook.svg","library/pdf/Hippopotamus_Complete_Courses/Black/Artwork_Credits_and_Sources/black_rook.svg","705","e99b71dd34a9d9d9ad278b150aaa9d4a33202a53646d2fef2c56684fd9924560","git","705","e99b71dd34a9d9d9ad278b150aaa9d4a33202a53646d2fef2c56684fd9924560"
"chess4","pdf/Hippopotamus_Complete_Courses/Black/Artwork_Credits_and_Sources/GPL-2.0.txt","library/pdf/Hippopotamus_Complete_Courses/Black/Artwork_Credits_and_Sources/GPL-2.0.txt","17337","aaf135472f81c5b4a0dca9367e5bb5e9750032b5bebe5442b36e4c0a47430df3","git","17337","aaf135472f81c5b4a0dca9367e5bb5e9750032b5bebe5442b36e4c0a47430df3"
"chess4","pdf/Hippopotamus_Complete_Courses/Black/Artwork_Credits_and_Sources/white_bishop.svg","library/pdf/Hippopotamus_Complete_Courses/Black/Artwork_Credits_and_Sources/white_bishop.svg","792","6c49bc6c79eb987bbe310fa2bb3b57726f214b993ea2ec2f5a0d9fdb5750d483","git","792","6c49bc6c79eb987bbe310fa2bb3b57726f214b993ea2ec2f5a0d9fdb5750d483"
"chess4","pdf/Hippopotamus_Complete_Courses/Black/Artwork_Credits_and_Sources/white_king.svg","library/pdf/Hippopotamus_Complete_Courses/Black/Artwork_Credits_and_Sources/white_king.svg","727","7d486ecb7e094e7d58d18f43244b0b9dc4a85674870caac9f2db0f85dbe01043","git","727","7d486ecb7e094e7d58d18f43244b0b9dc4a85674870caac9f2db0f85dbe01043"
"chess4","pdf/Hippopotamus_Complete_Courses/Black/Artwork_Credits_and_Sources/white_knight.svg","library/pdf/Hippopotamus_Complete_Courses/Black/Artwork_Credits_and_Sources/white_knight.svg","1038","e10f88376f43949f7c2af8c90d4b21acb5534c38a432ae7137234de970086878","git","1038","e10f88376f43949f7c2af8c90d4b21acb5534c38a432ae7137234de970086878"
"chess4","pdf/Hippopotamus_Complete_Courses/Black/Artwork_Credits_and_Sources/white_pawn.svg","library/pdf/Hippopotamus_Complete_Courses/Black/Artwork_Credits_and_Sources/white_pawn.svg","515","44239187782f14a85d25a2ca521ad38400d3304fe389b147c378b10d0313df24","git","515","44239187782f14a85d25a2ca521ad38400d3304fe389b147c378b10d0313df24"
"chess4","pdf/Hippopotamus_Complete_Courses/Black/Artwork_Credits_and_Sources/white_queen.svg","library/pdf/Hippopotamus_Complete_Courses/Black/Artwork_Credits_and_Sources/white_queen.svg","860","6a8a8d41df7ee761d317cbb964846c58b6d3c0e45d6a9e06de3922a9e4d8086e","git","860","6a8a8d41df7ee761d317cbb964846c58b6d3c0e45d6a9e06de3922a9e4d8086e"
"chess4","pdf/Hippopotamus_Complete_Courses/Black/Artwork_Credits_and_Sources/white_rook.svg","library/pdf/Hippopotamus_Complete_Courses/Black/Artwork_Credits_and_Sources/white_rook.svg","596","b54974a0d35a7b42ad07e14e29825b15d97cdeb59bc8b1781e65ac7238f474e9","git","596","b54974a0d35a7b42ad07e14e29825b15d97cdeb59bc8b1781e65ac7238f474e9"
"chess4","pdf/Hippopotamus_Complete_Courses/Black/Exercise_Solutions.pgn","library/pdf/Hippopotamus_Complete_Courses/Black/Exercise_Solutions.pgn","43182","4eef75f4949c5aedfdcea356edf59766623a1506787f946d4540b1bde64dbdb6","git","43182","4eef75f4949c5aedfdcea356edf59766623a1506787f946d4540b1bde64dbdb6"
"chess4","pdf/Hippopotamus_Complete_Courses/Black/Middlegame_Laboratories.pgn","library/pdf/Hippopotamus_Complete_Courses/Black/Middlegame_Laboratories.pgn","7860","e8321f38b90ab3c6f3821b26e17ac5834b640e55d6325a3869319d81772cc95b","git","7860","e8321f38b90ab3c6f3821b26e17ac5834b640e55d6325a3869319d81772cc95b"
"chess4","pdf/Hippopotamus_Complete_Courses/Black/OPEN_COURSE.html","library/pdf/Hippopotamus_Complete_Courses/Black/OPEN_COURSE.html","1736","b3bef592e79f4b0d97722b7333a3bc1b07607862639e11875c19a22eb6656fd2","git","1736","b3bef592e79f4b0d97722b7333a3bc1b07607862639e11875c19a22eb6656fd2"
"chess4","pdf/Hippopotamus_Complete_Courses/Black/Repertoire_Lines.pgn","library/pdf/Hippopotamus_Complete_Courses/Black/Repertoire_Lines.pgn","19916","4b11e14ff6fd4ad26df1df429f507f01997289ff2c3030cd31fe95ba25c411f9","git","19916","4b11e14ff6fd4ad26df1df429f507f01997289ff2c3030cd31fe95ba25c411f9"
"chess4","pdf/Hippopotamus_Complete_Courses/Black/START_HERE.txt","library/pdf/Hippopotamus_Complete_Courses/Black/START_HERE.txt","1150","43683cdaba66890b2b9f9f474e2f075beec194be7331d86190ffae0cc8f53899","git","1150","43683cdaba66890b2b9f9f474e2f075beec194be7331d86190ffae0cc8f53899"
"chess4","pdf/Hippopotamus_Complete_Courses/Black/Verification_Manifest.json","library/pdf/Hippopotamus_Complete_Courses/Black/Verification_Manifest.json","1589","a2d3b1699fe5a3bcea590624a2ea3006c7d0abc3d1414684c8ecfed9b8080b37","git","1589","a2d3b1699fe5a3bcea590624a2ea3006c7d0abc3d1414684c8ecfed9b8080b37"
"chess4","pdf/Hippopotamus_Complete_Courses/START_HERE.txt","library/pdf/Hippopotamus_Complete_Courses/START_HERE.txt","409","607bd49c3fe61f8ed10e4ca870213635cc635a3b419da7f72acc984e78c90c2e","git","409","607bd49c3fe61f8ed10e4ca870213635cc635a3b419da7f72acc984e78c90c2e"
"chess4","pdf/Hippopotamus_Complete_Courses/White/00_Complete_Course.pdf","library/pdf/Hippopotamus_Complete_Courses/White/00_Complete_Course.pdf","925712","1a7ac1b67c01a6e1168185c99ef50dc0611cc37db59c49b1bd8b3019ce1a7a6b","git","925712","1a7ac1b67c01a6e1168185c99ef50dc0611cc37db59c49b1bd8b3019ce1a7a6b"
"chess4","pdf/Hippopotamus_Complete_Courses/White/00_Start_Here_and_Foundations.pdf","library/pdf/Hippopotamus_Complete_Courses/White/00_Start_Here_and_Foundations.pdf","117212","20a81fb28c040b6df04cedec9dfa0854194a991c5f9eeb0bae706fbcc88c6c57","git","117212","20a81fb28c040b6df04cedec9dfa0854194a991c5f9eeb0bae706fbcc88c6c57"
"chess4","pdf/Hippopotamus_Complete_Courses/White/01_Opening_Theory_and_Move_Orders.pdf","library/pdf/Hippopotamus_Complete_Courses/White/01_Opening_Theory_and_Move_Orders.pdf","186772","f3c4ee2728f28778a6dc14d0ed71a719ac6382b2d9a4892fa5b90f4f07ecdcdd","git","186772","f3c4ee2728f28778a6dc14d0ed71a719ac6382b2d9a4892fa5b90f4f07ecdcdd"
"chess4","pdf/Hippopotamus_Complete_Courses/White/02_Strategy_Tactics_and_Endgames.pdf","library/pdf/Hippopotamus_Complete_Courses/White/02_Strategy_Tactics_and_Endgames.pdf","132616","529b1b1eb22c6e687f981a1ef3b51fe472f5a61f606e98f7ce2b31d6ce9bfdd9","git","132616","529b1b1eb22c6e687f981a1ef3b51fe472f5a61f606e98f7ce2b31d6ce9bfdd9"
"chess4","pdf/Hippopotamus_Complete_Courses/White/03_Six_Middlegame_Laboratories.pdf","library/pdf/Hippopotamus_Complete_Courses/White/03_Six_Middlegame_Laboratories.pdf","193744","f7125cfd2869dfb93f82b763c7059f528e15a9ab688146538ff1ac2c3b6ef6ea","git","193744","f7125cfd2869dfb93f82b763c7059f528e15a9ab688146538ff1ac2c3b6ef6ea"
"chess4","pdf/Hippopotamus_Complete_Courses/White/04_48_Exercises_and_Explained_Answers.pdf","library/pdf/Hippopotamus_Complete_Courses/White/04_48_Exercises_and_Explained_Answers.pdf","199660","11e49c59ff3253cd8d7b08c2036e0861ee381b57be95a2713be64fce9bf83bac","git","199660","11e49c59ff3253cd8d7b08c2036e0861ee381b57be95a2713be64fce9bf83bac"
"chess4","pdf/Hippopotamus_Complete_Courses/White/05_Study_Plan_Reference_and_Sources.pdf","library/pdf/Hippopotamus_Complete_Courses/White/05_Study_Plan_Reference_and_Sources.pdf","104845","03411f5bd1d539a8d185e8860f6794ecfd70d2fbe4dc07c5421b0f753a191151","git","104845","03411f5bd1d539a8d185e8860f6794ecfd70d2fbe4dc07c5421b0f753a191151"
"chess4","pdf/Hippopotamus_Complete_Courses/White/Artwork_Credits_and_Sources/ATTRIBUTION.txt","library/pdf/Hippopotamus_Complete_Courses/White/Artwork_Credits_and_Sources/ATTRIBUTION.txt","403","d19b855b11a661b767009b6a8abd34984eecc9eef27952e0ad3d9420821d97b0","git","403","d19b855b11a661b767009b6a8abd34984eecc9eef27952e0ad3d9420821d97b0"
"chess4","pdf/Hippopotamus_Complete_Courses/White/Artwork_Credits_and_Sources/black_bishop.svg","library/pdf/Hippopotamus_Complete_Courses/White/Artwork_Credits_and_Sources/black_bishop.svg","800","4a4c423a97b92ea2bc75b99dcc756d6ea9e135162a112132ee82e5638142318e","git","800","4a4c423a97b92ea2bc75b99dcc756d6ea9e135162a112132ee82e5638142318e"
"chess4","pdf/Hippopotamus_Complete_Courses/White/Artwork_Credits_and_Sources/black_king.svg","library/pdf/Hippopotamus_Complete_Courses/White/Artwork_Credits_and_Sources/black_king.svg","901","88d99c58085ca521ccd2212829322d1e80dbfe6a09a0d88c66949ac3ebdce9e7","git","901","88d99c58085ca521ccd2212829322d1e80dbfe6a09a0d88c66949ac3ebdce9e7"
"chess4","pdf/Hippopotamus_Complete_Courses/White/Artwork_Credits_and_Sources/black_knight.svg","library/pdf/Hippopotamus_Complete_Courses/White/Artwork_Credits_and_Sources/black_knight.svg","1313","5d5aabadd0900630656f134b29b1465c5888ed09c614f5f3200df89e46473d96","git","1313","5d5aabadd0900630656f134b29b1465c5888ed09c614f5f3200df89e46473d96"
"chess4","pdf/Hippopotamus_Complete_Courses/White/Artwork_Credits_and_Sources/black_pawn.svg","library/pdf/Hippopotamus_Complete_Courses/White/Artwork_Credits_and_Sources/black_pawn.svg","515","05cfc3dbfd86e6b01a08a9e92831aa48eddc27c1609c3a1d3602723ebd11cf34","git","515","05cfc3dbfd86e6b01a08a9e92831aa48eddc27c1609c3a1d3602723ebd11cf34"
"chess4","pdf/Hippopotamus_Complete_Courses/White/Artwork_Credits_and_Sources/black_queen.svg","library/pdf/Hippopotamus_Complete_Courses/White/Artwork_Credits_and_Sources/black_queen.svg","1033","04794ecd25e588aeb6e88fc17a00d3c67710dd8a9f7d4e7f39806df3ee0c321e","git","1033","04794ecd25e588aeb6e88fc17a00d3c67710dd8a9f7d4e7f39806df3ee0c321e"
"chess4","pdf/Hippopotamus_Complete_Courses/White/Artwork_Credits_and_Sources/black_rook.svg","library/pdf/Hippopotamus_Complete_Courses/White/Artwork_Credits_and_Sources/black_rook.svg","705","e99b71dd34a9d9d9ad278b150aaa9d4a33202a53646d2fef2c56684fd9924560","git","705","e99b71dd34a9d9d9ad278b150aaa9d4a33202a53646d2fef2c56684fd9924560"
"chess4","pdf/Hippopotamus_Complete_Courses/White/Artwork_Credits_and_Sources/GPL-2.0.txt","library/pdf/Hippopotamus_Complete_Courses/White/Artwork_Credits_and_Sources/GPL-2.0.txt","17337","aaf135472f81c5b4a0dca9367e5bb5e9750032b5bebe5442b36e4c0a47430df3","git","17337","aaf135472f81c5b4a0dca9367e5bb5e9750032b5bebe5442b36e4c0a47430df3"
"chess4","pdf/Hippopotamus_Complete_Courses/White/Artwork_Credits_and_Sources/white_bishop.svg","library/pdf/Hippopotamus_Complete_Courses/White/Artwork_Credits_and_Sources/white_bishop.svg","792","6c49bc6c79eb987bbe310fa2bb3b57726f214b993ea2ec2f5a0d9fdb5750d483","git","792","6c49bc6c79eb987bbe310fa2bb3b57726f214b993ea2ec2f5a0d9fdb5750d483"
"chess4","pdf/Hippopotamus_Complete_Courses/White/Artwork_Credits_and_Sources/white_king.svg","library/pdf/Hippopotamus_Complete_Courses/White/Artwork_Credits_and_Sources/white_king.svg","727","7d486ecb7e094e7d58d18f43244b0b9dc4a85674870caac9f2db0f85dbe01043","git","727","7d486ecb7e094e7d58d18f43244b0b9dc4a85674870caac9f2db0f85dbe01043"
"chess4","pdf/Hippopotamus_Complete_Courses/White/Artwork_Credits_and_Sources/white_knight.svg","library/pdf/Hippopotamus_Complete_Courses/White/Artwork_Credits_and_Sources/white_knight.svg","1038","e10f88376f43949f7c2af8c90d4b21acb5534c38a432ae7137234de970086878","git","1038","e10f88376f43949f7c2af8c90d4b21acb5534c38a432ae7137234de970086878"
"chess4","pdf/Hippopotamus_Complete_Courses/White/Artwork_Credits_and_Sources/white_pawn.svg","library/pdf/Hippopotamus_Complete_Courses/White/Artwork_Credits_and_Sources/white_pawn.svg","515","44239187782f14a85d25a2ca521ad38400d3304fe389b147c378b10d0313df24","git","515","44239187782f14a85d25a2ca521ad38400d3304fe389b147c378b10d0313df24"
"chess4","pdf/Hippopotamus_Complete_Courses/White/Artwork_Credits_and_Sources/white_queen.svg","library/pdf/Hippopotamus_Complete_Courses/White/Artwork_Credits_and_Sources/white_queen.svg","860","6a8a8d41df7ee761d317cbb964846c58b6d3c0e45d6a9e06de3922a9e4d8086e","git","860","6a8a8d41df7ee761d317cbb964846c58b6d3c0e45d6a9e06de3922a9e4d8086e"
"chess4","pdf/Hippopotamus_Complete_Courses/White/Artwork_Credits_and_Sources/white_rook.svg","library/pdf/Hippopotamus_Complete_Courses/White/Artwork_Credits_and_Sources/white_rook.svg","596","b54974a0d35a7b42ad07e14e29825b15d97cdeb59bc8b1781e65ac7238f474e9","git","596","b54974a0d35a7b42ad07e14e29825b15d97cdeb59bc8b1781e65ac7238f474e9"
"chess4","pdf/Hippopotamus_Complete_Courses/White/Exercise_Solutions.pgn","library/pdf/Hippopotamus_Complete_Courses/White/Exercise_Solutions.pgn","42805","be0cafb8da060bf3e5169b237a044e5c25c4972a4bb2867e22bacb13525b40da","git","42805","be0cafb8da060bf3e5169b237a044e5c25c4972a4bb2867e22bacb13525b40da"
"chess4","pdf/Hippopotamus_Complete_Courses/White/Middlegame_Laboratories.pgn","library/pdf/Hippopotamus_Complete_Courses/White/Middlegame_Laboratories.pgn","8005","8e2c67fea949ae384aea3026b1ed0b730e69f802d7b5d8c9e1c7a69a13c6386c","git","8005","8e2c67fea949ae384aea3026b1ed0b730e69f802d7b5d8c9e1c7a69a13c6386c"
"chess4","pdf/Hippopotamus_Complete_Courses/White/OPEN_COURSE.html","library/pdf/Hippopotamus_Complete_Courses/White/OPEN_COURSE.html","1745","80a8561f600ffadc1b21d01cdf07c4c67121fb45c025a89a2aa090acf149694e","git","1745","80a8561f600ffadc1b21d01cdf07c4c67121fb45c025a89a2aa090acf149694e"
"chess4","pdf/Hippopotamus_Complete_Courses/White/Repertoire_Lines.pgn","library/pdf/Hippopotamus_Complete_Courses/White/Repertoire_Lines.pgn","19787","5f9cd475b9c66aa1e9cf290f80d851a76015e4bd566cd2d712123291065eeb7c","git","19787","5f9cd475b9c66aa1e9cf290f80d851a76015e4bd566cd2d712123291065eeb7c"
"chess4","pdf/Hippopotamus_Complete_Courses/White/START_HERE.txt","library/pdf/Hippopotamus_Complete_Courses/White/START_HERE.txt","1159","038b42a505c5da12bfcec1c959bf5600073906214384c6988928b7416bed275b","git","1159","038b42a505c5da12bfcec1c959bf5600073906214384c6988928b7416bed275b"
"chess4","pdf/Hippopotamus_Complete_Courses/White/Verification_Manifest.json","library/pdf/Hippopotamus_Complete_Courses/White/Verification_Manifest.json","1589","e9990e0f6b335516ba3ceb7b2311f49d0927437d63bde76d942cc50c92e8033c","git","1589","e9990e0f6b335516ba3ceb7b2311f49d0927437d63bde76d942cc50c92e8033c"
"chess4","pdf/Kings_Gambit_Complete_Course/00_Complete_Course.pdf","library/pdf/Kings_Gambit_Complete_Course/00_Complete_Course.pdf","951550","56d5e33075e96579fad21de4c7683c54ac5e9a8e490e26f744fe59306d5135b4","git","951550","56d5e33075e96579fad21de4c7683c54ac5e9a8e490e26f744fe59306d5135b4"
"chess4","pdf/Kings_Gambit_Complete_Course/00_Start_Here_and_Foundations.pdf","library/pdf/Kings_Gambit_Complete_Course/00_Start_Here_and_Foundations.pdf","115883","770397cd018ff9081ce69f4848be305f74bdb5b1cf6c446504f84dd7bd210313","git","115883","770397cd018ff9081ce69f4848be305f74bdb5b1cf6c446504f84dd7bd210313"
"chess4","pdf/Kings_Gambit_Complete_Course/01_Opening_Theory_and_Move_Orders.pdf","library/pdf/Kings_Gambit_Complete_Course/01_Opening_Theory_and_Move_Orders.pdf","215957","e1a080bdcded8f10c0f4981807c7333e3228b8e91ad4e9a76a199d136fb64247","git","215957","e1a080bdcded8f10c0f4981807c7333e3228b8e91ad4e9a76a199d136fb64247"
"chess4","pdf/Kings_Gambit_Complete_Course/02_Strategy_Tactics_and_Endgames.pdf","library/pdf/Kings_Gambit_Complete_Course/02_Strategy_Tactics_and_Endgames.pdf","132661","adca043cbd6bba712caba50efa5cb2fc34a7b408da14ae357d1bdf39b981fb12","git","132661","adca043cbd6bba712caba50efa5cb2fc34a7b408da14ae357d1bdf39b981fb12"
"chess4","pdf/Kings_Gambit_Complete_Course/03_Six_Middlegame_Laboratories.pdf","library/pdf/Kings_Gambit_Complete_Course/03_Six_Middlegame_Laboratories.pdf","192200","1053374b33c1cdfee4eeec746cc96f54c101c4b19574d2d8aea2988960deab1d","git","192200","1053374b33c1cdfee4eeec746cc96f54c101c4b19574d2d8aea2988960deab1d"
"chess4","pdf/Kings_Gambit_Complete_Course/04_48_Exercises_and_Explained_Answers.pdf","library/pdf/Kings_Gambit_Complete_Course/04_48_Exercises_and_Explained_Answers.pdf","198466","09566030e11b68dda68ea163b315c82903eb4b623558596d4b8b72d996123503","git","198466","09566030e11b68dda68ea163b315c82903eb4b623558596d4b8b72d996123503"
"chess4","pdf/Kings_Gambit_Complete_Course/05_Study_Plan_Reference_and_Sources.pdf","library/pdf/Kings_Gambit_Complete_Course/05_Study_Plan_Reference_and_Sources.pdf","105253","09d63c9a265a336ab0313be68ea23549077a11039c6e14b7a714933d11e15f6e","git","105253","09d63c9a265a336ab0313be68ea23549077a11039c6e14b7a714933d11e15f6e"
"chess4","pdf/Kings_Gambit_Complete_Course/Artwork_Credits_and_Sources/ATTRIBUTION.txt","library/pdf/Kings_Gambit_Complete_Course/Artwork_Credits_and_Sources/ATTRIBUTION.txt","403","d19b855b11a661b767009b6a8abd34984eecc9eef27952e0ad3d9420821d97b0","git","403","d19b855b11a661b767009b6a8abd34984eecc9eef27952e0ad3d9420821d97b0"
"chess4","pdf/Kings_Gambit_Complete_Course/Artwork_Credits_and_Sources/black_bishop.svg","library/pdf/Kings_Gambit_Complete_Course/Artwork_Credits_and_Sources/black_bishop.svg","800","4a4c423a97b92ea2bc75b99dcc756d6ea9e135162a112132ee82e5638142318e","git","800","4a4c423a97b92ea2bc75b99dcc756d6ea9e135162a112132ee82e5638142318e"
"chess4","pdf/Kings_Gambit_Complete_Course/Artwork_Credits_and_Sources/black_king.svg","library/pdf/Kings_Gambit_Complete_Course/Artwork_Credits_and_Sources/black_king.svg","901","88d99c58085ca521ccd2212829322d1e80dbfe6a09a0d88c66949ac3ebdce9e7","git","901","88d99c58085ca521ccd2212829322d1e80dbfe6a09a0d88c66949ac3ebdce9e7"
"chess4","pdf/Kings_Gambit_Complete_Course/Artwork_Credits_and_Sources/black_knight.svg","library/pdf/Kings_Gambit_Complete_Course/Artwork_Credits_and_Sources/black_knight.svg","1313","5d5aabadd0900630656f134b29b1465c5888ed09c614f5f3200df89e46473d96","git","1313","5d5aabadd0900630656f134b29b1465c5888ed09c614f5f3200df89e46473d96"
"chess4","pdf/Kings_Gambit_Complete_Course/Artwork_Credits_and_Sources/black_pawn.svg","library/pdf/Kings_Gambit_Complete_Course/Artwork_Credits_and_Sources/black_pawn.svg","515","05cfc3dbfd86e6b01a08a9e92831aa48eddc27c1609c3a1d3602723ebd11cf34","git","515","05cfc3dbfd86e6b01a08a9e92831aa48eddc27c1609c3a1d3602723ebd11cf34"
"chess4","pdf/Kings_Gambit_Complete_Course/Artwork_Credits_and_Sources/black_queen.svg","library/pdf/Kings_Gambit_Complete_Course/Artwork_Credits_and_Sources/black_queen.svg","1033","04794ecd25e588aeb6e88fc17a00d3c67710dd8a9f7d4e7f39806df3ee0c321e","git","1033","04794ecd25e588aeb6e88fc17a00d3c67710dd8a9f7d4e7f39806df3ee0c321e"
"chess4","pdf/Kings_Gambit_Complete_Course/Artwork_Credits_and_Sources/black_rook.svg","library/pdf/Kings_Gambit_Complete_Course/Artwork_Credits_and_Sources/black_rook.svg","705","e99b71dd34a9d9d9ad278b150aaa9d4a33202a53646d2fef2c56684fd9924560","git","705","e99b71dd34a9d9d9ad278b150aaa9d4a33202a53646d2fef2c56684fd9924560"
"chess4","pdf/Kings_Gambit_Complete_Course/Artwork_Credits_and_Sources/GPL-2.0.txt","library/pdf/Kings_Gambit_Complete_Course/Artwork_Credits_and_Sources/GPL-2.0.txt","17337","aaf135472f81c5b4a0dca9367e5bb5e9750032b5bebe5442b36e4c0a47430df3","git","17337","aaf135472f81c5b4a0dca9367e5bb5e9750032b5bebe5442b36e4c0a47430df3"
"chess4","pdf/Kings_Gambit_Complete_Course/Artwork_Credits_and_Sources/white_bishop.svg","library/pdf/Kings_Gambit_Complete_Course/Artwork_Credits_and_Sources/white_bishop.svg","792","6c49bc6c79eb987bbe310fa2bb3b57726f214b993ea2ec2f5a0d9fdb5750d483","git","792","6c49bc6c79eb987bbe310fa2bb3b57726f214b993ea2ec2f5a0d9fdb5750d483"
"chess4","pdf/Kings_Gambit_Complete_Course/Artwork_Credits_and_Sources/white_king.svg","library/pdf/Kings_Gambit_Complete_Course/Artwork_Credits_and_Sources/white_king.svg","727","7d486ecb7e094e7d58d18f43244b0b9dc4a85674870caac9f2db0f85dbe01043","git","727","7d486ecb7e094e7d58d18f43244b0b9dc4a85674870caac9f2db0f85dbe01043"
"chess4","pdf/Kings_Gambit_Complete_Course/Artwork_Credits_and_Sources/white_knight.svg","library/pdf/Kings_Gambit_Complete_Course/Artwork_Credits_and_Sources/white_knight.svg","1038","e10f88376f43949f7c2af8c90d4b21acb5534c38a432ae7137234de970086878","git","1038","e10f88376f43949f7c2af8c90d4b21acb5534c38a432ae7137234de970086878"
"chess4","pdf/Kings_Gambit_Complete_Course/Artwork_Credits_and_Sources/white_pawn.svg","library/pdf/Kings_Gambit_Complete_Course/Artwork_Credits_and_Sources/white_pawn.svg","515","44239187782f14a85d25a2ca521ad38400d3304fe389b147c378b10d0313df24","git","515","44239187782f14a85d25a2ca521ad38400d3304fe389b147c378b10d0313df24"
"chess4","pdf/Kings_Gambit_Complete_Course/Artwork_Credits_and_Sources/white_queen.svg","library/pdf/Kings_Gambit_Complete_Course/Artwork_Credits_and_Sources/white_queen.svg","860","6a8a8d41df7ee761d317cbb964846c58b6d3c0e45d6a9e06de3922a9e4d8086e","git","860","6a8a8d41df7ee761d317cbb964846c58b6d3c0e45d6a9e06de3922a9e4d8086e"
"chess4","pdf/Kings_Gambit_Complete_Course/Artwork_Credits_and_Sources/white_rook.svg","library/pdf/Kings_Gambit_Complete_Course/Artwork_Credits_and_Sources/white_rook.svg","596","b54974a0d35a7b42ad07e14e29825b15d97cdeb59bc8b1781e65ac7238f474e9","git","596","b54974a0d35a7b42ad07e14e29825b15d97cdeb59bc8b1781e65ac7238f474e9"
"chess4","pdf/Kings_Gambit_Complete_Course/Exercise_Solutions.pgn","library/pdf/Kings_Gambit_Complete_Course/Exercise_Solutions.pgn","42251","370f09ab3bd689b28020876d643e11c650ac38a5688a95ccc5dd3eb2e75a963b","git","42251","370f09ab3bd689b28020876d643e11c650ac38a5688a95ccc5dd3eb2e75a963b"
"chess4","pdf/Kings_Gambit_Complete_Course/Middlegame_Laboratories.pgn","library/pdf/Kings_Gambit_Complete_Course/Middlegame_Laboratories.pgn","7935","d8292f74267ec588a463f8d4af4effdaa221c88c19f9402d8c658b0d1f0a1fa2","git","7935","d8292f74267ec588a463f8d4af4effdaa221c88c19f9402d8c658b0d1f0a1fa2"
"chess4","pdf/Kings_Gambit_Complete_Course/OPEN_COURSE.html","library/pdf/Kings_Gambit_Complete_Course/OPEN_COURSE.html","1690","636f3d9317353bf00db6829eab70e7543e191e5b3f1bba8b8ed59438b9562828","git","1690","636f3d9317353bf00db6829eab70e7543e191e5b3f1bba8b8ed59438b9562828"
"chess4","pdf/Kings_Gambit_Complete_Course/Repertoire_Lines.pgn","library/pdf/Kings_Gambit_Complete_Course/Repertoire_Lines.pgn","26790","ef75359a0a25394091bc35db42a69a4677d400c335340185bda9d7370758b519","git","26790","ef75359a0a25394091bc35db42a69a4677d400c335340185bda9d7370758b519"
"chess4","pdf/Kings_Gambit_Complete_Course/START_HERE.txt","library/pdf/Kings_Gambit_Complete_Course/START_HERE.txt","1102","96124fafa3eba12ffb258167b0b14eec5a1c294c841bf7807f95cc8ba9894746","git","1102","96124fafa3eba12ffb258167b0b14eec5a1c294c841bf7807f95cc8ba9894746"
"chess4","pdf/Kings_Gambit_Complete_Course/Verification_Manifest.json","library/pdf/Kings_Gambit_Complete_Course/Verification_Manifest.json","1581","fa973885cb673e4e725779bdf1239cf62d48192e8e9ab1fce6f0824be00f528b","git","1581","fa973885cb673e4e725779bdf1239cf62d48192e8e9ab1fce6f0824be00f528b"
"chess4","pdf/Kings_Indian_Attack_Complete_Course/00_Complete_Course.pdf","library/pdf/Kings_Indian_Attack_Complete_Course/00_Complete_Course.pdf","925033","07618d184e22733052e3251dad9641cd29c2662bc4e1edc1b4d4003ad8a3e125","git","925033","07618d184e22733052e3251dad9641cd29c2662bc4e1edc1b4d4003ad8a3e125"
"chess4","pdf/Kings_Indian_Attack_Complete_Course/00_Start_Here_and_Foundations.pdf","library/pdf/Kings_Indian_Attack_Complete_Course/00_Start_Here_and_Foundations.pdf","117052","450e81eafacaf6abbd88af6af24a2c58a4b8f9072240a98646b997ac8f05008b","git","117052","450e81eafacaf6abbd88af6af24a2c58a4b8f9072240a98646b997ac8f05008b"
"chess4","pdf/Kings_Indian_Attack_Complete_Course/01_Opening_Theory_and_Move_Orders.pdf","library/pdf/Kings_Indian_Attack_Complete_Course/01_Opening_Theory_and_Move_Orders.pdf","186817","37f88b08e51cd3c5683f423a0f9fb631503f6c9d97b81b5dff1486d7c0d027e6","git","186817","37f88b08e51cd3c5683f423a0f9fb631503f6c9d97b81b5dff1486d7c0d027e6"
"chess4","pdf/Kings_Indian_Attack_Complete_Course/02_Strategy_Tactics_and_Endgames.pdf","library/pdf/Kings_Indian_Attack_Complete_Course/02_Strategy_Tactics_and_Endgames.pdf","132450","4ea40b0200fbda0186aa6f90a40eb8503bb020446ad9780e94f3adf1ff3249e1","git","132450","4ea40b0200fbda0186aa6f90a40eb8503bb020446ad9780e94f3adf1ff3249e1"
"chess4","pdf/Kings_Indian_Attack_Complete_Course/03_Six_Middlegame_Laboratories.pdf","library/pdf/Kings_Indian_Attack_Complete_Course/03_Six_Middlegame_Laboratories.pdf","193217","7027c654f4b8a756faf0cbdbfd77e643925661b0c9f94e756178bb2064e668c6","git","193217","7027c654f4b8a756faf0cbdbfd77e643925661b0c9f94e756178bb2064e668c6"
"chess4","pdf/Kings_Indian_Attack_Complete_Course/04_48_Exercises_and_Explained_Answers.pdf","library/pdf/Kings_Indian_Attack_Complete_Course/04_48_Exercises_and_Explained_Answers.pdf","199845","3657bd0bd28302b9247f2aee5695a0e37fd114d866c00ff7e66dbe961722d4fc","git","199845","3657bd0bd28302b9247f2aee5695a0e37fd114d866c00ff7e66dbe961722d4fc"
"chess4","pdf/Kings_Indian_Attack_Complete_Course/05_Study_Plan_Reference_and_Sources.pdf","library/pdf/Kings_Indian_Attack_Complete_Course/05_Study_Plan_Reference_and_Sources.pdf","104809","73b0c222c201a897d0cc0cc330523c89ed34ef7de6a0ad964abbe44cf1c1e34b","git","104809","73b0c222c201a897d0cc0cc330523c89ed34ef7de6a0ad964abbe44cf1c1e34b"
"chess4","pdf/Kings_Indian_Attack_Complete_Course/Artwork_Credits_and_Sources/ATTRIBUTION.txt","library/pdf/Kings_Indian_Attack_Complete_Course/Artwork_Credits_and_Sources/ATTRIBUTION.txt","403","d19b855b11a661b767009b6a8abd34984eecc9eef27952e0ad3d9420821d97b0","git","403","d19b855b11a661b767009b6a8abd34984eecc9eef27952e0ad3d9420821d97b0"
"chess4","pdf/Kings_Indian_Attack_Complete_Course/Artwork_Credits_and_Sources/black_bishop.svg","library/pdf/Kings_Indian_Attack_Complete_Course/Artwork_Credits_and_Sources/black_bishop.svg","800","4a4c423a97b92ea2bc75b99dcc756d6ea9e135162a112132ee82e5638142318e","git","800","4a4c423a97b92ea2bc75b99dcc756d6ea9e135162a112132ee82e5638142318e"
"chess4","pdf/Kings_Indian_Attack_Complete_Course/Artwork_Credits_and_Sources/black_king.svg","library/pdf/Kings_Indian_Attack_Complete_Course/Artwork_Credits_and_Sources/black_king.svg","901","88d99c58085ca521ccd2212829322d1e80dbfe6a09a0d88c66949ac3ebdce9e7","git","901","88d99c58085ca521ccd2212829322d1e80dbfe6a09a0d88c66949ac3ebdce9e7"
"chess4","pdf/Kings_Indian_Attack_Complete_Course/Artwork_Credits_and_Sources/black_knight.svg","library/pdf/Kings_Indian_Attack_Complete_Course/Artwork_Credits_and_Sources/black_knight.svg","1313","5d5aabadd0900630656f134b29b1465c5888ed09c614f5f3200df89e46473d96","git","1313","5d5aabadd0900630656f134b29b1465c5888ed09c614f5f3200df89e46473d96"
"chess4","pdf/Kings_Indian_Attack_Complete_Course/Artwork_Credits_and_Sources/black_pawn.svg","library/pdf/Kings_Indian_Attack_Complete_Course/Artwork_Credits_and_Sources/black_pawn.svg","515","05cfc3dbfd86e6b01a08a9e92831aa48eddc27c1609c3a1d3602723ebd11cf34","git","515","05cfc3dbfd86e6b01a08a9e92831aa48eddc27c1609c3a1d3602723ebd11cf34"
"chess4","pdf/Kings_Indian_Attack_Complete_Course/Artwork_Credits_and_Sources/black_queen.svg","library/pdf/Kings_Indian_Attack_Complete_Course/Artwork_Credits_and_Sources/black_queen.svg","1033","04794ecd25e588aeb6e88fc17a00d3c67710dd8a9f7d4e7f39806df3ee0c321e","git","1033","04794ecd25e588aeb6e88fc17a00d3c67710dd8a9f7d4e7f39806df3ee0c321e"
"chess4","pdf/Kings_Indian_Attack_Complete_Course/Artwork_Credits_and_Sources/black_rook.svg","library/pdf/Kings_Indian_Attack_Complete_Course/Artwork_Credits_and_Sources/black_rook.svg","705","e99b71dd34a9d9d9ad278b150aaa9d4a33202a53646d2fef2c56684fd9924560","git","705","e99b71dd34a9d9d9ad278b150aaa9d4a33202a53646d2fef2c56684fd9924560"
"chess4","pdf/Kings_Indian_Attack_Complete_Course/Artwork_Credits_and_Sources/GPL-2.0.txt","library/pdf/Kings_Indian_Attack_Complete_Course/Artwork_Credits_and_Sources/GPL-2.0.txt","17337","aaf135472f81c5b4a0dca9367e5bb5e9750032b5bebe5442b36e4c0a47430df3","git","17337","aaf135472f81c5b4a0dca9367e5bb5e9750032b5bebe5442b36e4c0a47430df3"
"chess4","pdf/Kings_Indian_Attack_Complete_Course/Artwork_Credits_and_Sources/white_bishop.svg","library/pdf/Kings_Indian_Attack_Complete_Course/Artwork_Credits_and_Sources/white_bishop.svg","792","6c49bc6c79eb987bbe310fa2bb3b57726f214b993ea2ec2f5a0d9fdb5750d483","git","792","6c49bc6c79eb987bbe310fa2bb3b57726f214b993ea2ec2f5a0d9fdb5750d483"
"chess4","pdf/Kings_Indian_Attack_Complete_Course/Artwork_Credits_and_Sources/white_king.svg","library/pdf/Kings_Indian_Attack_Complete_Course/Artwork_Credits_and_Sources/white_king.svg","727","7d486ecb7e094e7d58d18f43244b0b9dc4a85674870caac9f2db0f85dbe01043","git","727","7d486ecb7e094e7d58d18f43244b0b9dc4a85674870caac9f2db0f85dbe01043"
"chess4","pdf/Kings_Indian_Attack_Complete_Course/Artwork_Credits_and_Sources/white_knight.svg","library/pdf/Kings_Indian_Attack_Complete_Course/Artwork_Credits_and_Sources/white_knight.svg","1038","e10f88376f43949f7c2af8c90d4b21acb5534c38a432ae7137234de970086878","git","1038","e10f88376f43949f7c2af8c90d4b21acb5534c38a432ae7137234de970086878"
"chess4","pdf/Kings_Indian_Attack_Complete_Course/Artwork_Credits_and_Sources/white_pawn.svg","library/pdf/Kings_Indian_Attack_Complete_Course/Artwork_Credits_and_Sources/white_pawn.svg","515","44239187782f14a85d25a2ca521ad38400d3304fe389b147c378b10d0313df24","git","515","44239187782f14a85d25a2ca521ad38400d3304fe389b147c378b10d0313df24"
"chess4","pdf/Kings_Indian_Attack_Complete_Course/Artwork_Credits_and_Sources/white_queen.svg","library/pdf/Kings_Indian_Attack_Complete_Course/Artwork_Credits_and_Sources/white_queen.svg","860","6a8a8d41df7ee761d317cbb964846c58b6d3c0e45d6a9e06de3922a9e4d8086e","git","860","6a8a8d41df7ee761d317cbb964846c58b6d3c0e45d6a9e06de3922a9e4d8086e"
"chess4","pdf/Kings_Indian_Attack_Complete_Course/Artwork_Credits_and_Sources/white_rook.svg","library/pdf/Kings_Indian_Attack_Complete_Course/Artwork_Credits_and_Sources/white_rook.svg","596","b54974a0d35a7b42ad07e14e29825b15d97cdeb59bc8b1781e65ac7238f474e9","git","596","b54974a0d35a7b42ad07e14e29825b15d97cdeb59bc8b1781e65ac7238f474e9"
"chess4","pdf/Kings_Indian_Attack_Complete_Course/Exercise_Solutions.pgn","library/pdf/Kings_Indian_Attack_Complete_Course/Exercise_Solutions.pgn","42568","1b8c949a3165ff276c8e0727752104e5ea013fc3abce2ee03997e6ff8159d68f","git","42568","1b8c949a3165ff276c8e0727752104e5ea013fc3abce2ee03997e6ff8159d68f"
"chess4","pdf/Kings_Indian_Attack_Complete_Course/Middlegame_Laboratories.pgn","library/pdf/Kings_Indian_Attack_Complete_Course/Middlegame_Laboratories.pgn","7851","438ced64342da5b5c0d9f30baedb2f6b31e2f3c55fb4c40abc921da4a64338ea","git","7851","438ced64342da5b5c0d9f30baedb2f6b31e2f3c55fb4c40abc921da4a64338ea"
"chess4","pdf/Kings_Indian_Attack_Complete_Course/OPEN_COURSE.html","library/pdf/Kings_Indian_Attack_Complete_Course/OPEN_COURSE.html","1699","195455efacb4a2e015c683f48a3cf186af8f3e1630b6340c2d1cf775ac0e8ff5","git","1699","195455efacb4a2e015c683f48a3cf186af8f3e1630b6340c2d1cf775ac0e8ff5"
"chess4","pdf/Kings_Indian_Attack_Complete_Course/Repertoire_Lines.pgn","library/pdf/Kings_Indian_Attack_Complete_Course/Repertoire_Lines.pgn","20050","d9628ac3b0cf32feb5cf975c1d6589ac250376cfadf9c7205f7765925a2690a6","git","20050","d9628ac3b0cf32feb5cf975c1d6589ac250376cfadf9c7205f7765925a2690a6"
"chess4","pdf/Kings_Indian_Attack_Complete_Course/START_HERE.txt","library/pdf/Kings_Indian_Attack_Complete_Course/START_HERE.txt","1104","5b090912b748bf08a2bc54de7f722bf7b133457aa91b2b6fea0579645179a143","git","1104","5b090912b748bf08a2bc54de7f722bf7b133457aa91b2b6fea0579645179a143"
"chess4","pdf/Kings_Indian_Attack_Complete_Course/Verification_Manifest.json","library/pdf/Kings_Indian_Attack_Complete_Course/Verification_Manifest.json","1588","7609e0e27c667e580bbeb1a05ae493c0a06796a9f3b7ec19c6636002af6a847d","git","1588","7609e0e27c667e580bbeb1a05ae493c0a06796a9f3b7ec19c6636002af6a847d"
"chess4","pdf/Kings_Indian_Defense_Complete_Course/00_START_HERE_the_Kings_Indian_course.pdf","library/pdf/Kings_Indian_Defense_Complete_Course/00_START_HERE_the_Kings_Indian_course.pdf","95594","435f78299d1f4473f8b49211379c825f5e91a3eb1b288b1e6e9c5c75915e88c7","git","95594","435f78299d1f4473f8b49211379c825f5e91a3eb1b288b1e6e9c5c75915e88c7"
"chess4","pdf/Kings_Indian_Defense_Complete_Course/01_Move_orders_and_when_to_leave_the_standard_setup.pdf","library/pdf/Kings_Indian_Defense_Complete_Course/01_Move_orders_and_when_to_leave_the_standard_setup.pdf","90770","80ef44af6d997e2645f844f8f45345302e416547da1bb8c6fa15af23fb8850ca","git","90770","80ef44af6d997e2645f844f8f45345302e416547da1bb8c6fa15af23fb8850ca"
"chess4","pdf/Kings_Indian_Defense_Complete_Course/02_Classical_gateway_meet_White_before_the_center_closes.pdf","library/pdf/Kings_Indian_Defense_Complete_Course/02_Classical_gateway_meet_White_before_the_center_closes.pdf","108026","1b180db70b2aa7655eb79c46547a74ff75b8cc4ff7617c53d4f7a1f643b0a20a","git","108026","1b180db70b2aa7655eb79c46547a74ff75b8cc4ff7617c53d4f7a1f643b0a20a"
"chess4","pdf/Kings_Indian_Defense_Complete_Course/03_Mar_del_Plata_the_9_Ne1_main_line.pdf","library/pdf/Kings_Indian_Defense_Complete_Course/03_Mar_del_Plata_the_9_Ne1_main_line.pdf","104571","a0d7d1c58975c6c500fe46510a4977608d13f82553bbe191af0107d89fd0c607","git","104571","a0d7d1c58975c6c500fe46510a4977608d13f82553bbe191af0107d89fd0c607"
"chess4","pdf/Kings_Indian_Defense_Complete_Course/04_Bayonet_Attack_meet_9_b4_with_Nh5.pdf","library/pdf/Kings_Indian_Defense_Complete_Course/04_Bayonet_Attack_meet_9_b4_with_Nh5.pdf","104361","d9ec70fd2b083fed03947729c8811110655789b2126b995ce60217acbf762f1b","git","104361","d9ec70fd2b083fed03947729c8811110655789b2126b995ce60217acbf762f1b"
"chess4","pdf/Kings_Indian_Defense_Complete_Course/05_Other_ninth_moves_in_the_closed_Classical.pdf","library/pdf/Kings_Indian_Defense_Complete_Course/05_Other_ninth_moves_in_the_closed_Classical.pdf","104119","f06d06ce10beca967ca700625cbce79d2b850f24d38ce0fac81e171d5b63ccd5","git","104119","f06d06ce10beca967ca700625cbce79d2b850f24d38ce0fac81e171d5b63ccd5"
"chess4","pdf/Kings_Indian_Defense_Complete_Course/06_Exchange_Variation_play_the_queenless_middlegame.pdf","library/pdf/Kings_Indian_Defense_Complete_Course/06_Exchange_Variation_play_the_queenless_middlegame.pdf","100159","6892907c338b453654820419b450e1f380a8824f0dbe9a8ccd9aeb9af9c69b94","git","100159","6892907c338b453654820419b450e1f380a8824f0dbe9a8ccd9aeb9af9c69b94"
"chess4","pdf/Kings_Indian_Defense_Complete_Course/07_Petrosian_Variation_7_d5_before_castling.pdf","library/pdf/Kings_Indian_Defense_Complete_Course/07_Petrosian_Variation_7_d5_before_castling.pdf","100460","b36d76bc9312b759ef9225042fcca3b156a774e3378b7c67ded85f5ad3b746c2","git","100460","b36d76bc9312b759ef9225042fcca3b156a774e3378b7c67ded85f5ad3b746c2"
"chess4","pdf/Kings_Indian_Defense_Complete_Course/08_Gligoric_System_7_Be3_before_castling.pdf","library/pdf/Kings_Indian_Defense_Complete_Course/08_Gligoric_System_7_Be3_before_castling.pdf","100314","3af11e86768d00e1abcbec0476a0d94b32313c0c11153bb7497882e27bb8bcfa","git","100314","3af11e86768d00e1abcbec0476a0d94b32313c0c11153bb7497882e27bb8bcfa"
"chess4","pdf/Kings_Indian_Defense_Complete_Course/09_Samisch_the_Panno_main_repertoire.pdf","library/pdf/Kings_Indian_Defense_Complete_Course/09_Samisch_the_Panno_main_repertoire.pdf","107723","4af607fc861e66ea3594b7d69692422d311cb66feee882783718616b6d59d193","git","107723","4af607fc861e66ea3594b7d69692422d311cb66feee882783718616b6d59d193"
"chess4","pdf/Kings_Indian_Defense_Complete_Course/10_Samisch_deviations_Bg5_and_early_pawn_attacks.pdf","library/pdf/Kings_Indian_Defense_Complete_Course/10_Samisch_deviations_Bg5_and_early_pawn_attacks.pdf","107978","d739d9843b02e2cf5e26df6568d54c3295bc978acd22a52085fa3abb86e36935","git","107978","d739d9843b02e2cf5e26df6568d54c3295bc978acd22a52085fa3abb86e36935"
"chess4","pdf/Kings_Indian_Defense_Complete_Course/11_Four_Pawns_Attack_strike_with_c5_and_e6.pdf","library/pdf/Kings_Indian_Defense_Complete_Course/11_Four_Pawns_Attack_strike_with_c5_and_e6.pdf","111371","885ac3dd80a27a5294b4e44f5765f2be9a0539f6802d6f8058a84aca1aee8d93","git","111371","885ac3dd80a27a5294b4e44f5765f2be9a0539f6802d6f8058a84aca1aee8d93"
"chess4","pdf/Kings_Indian_Defense_Complete_Course/12_Averbakh_meet_6_Bg5_with_a_central_break.pdf","library/pdf/Kings_Indian_Defense_Complete_Course/12_Averbakh_meet_6_Bg5_with_a_central_break.pdf","104017","0cdf39b246f86d215bdcdd209c5c92c3405157a225bcd70021017b9d41105e5b","git","104017","0cdf39b246f86d215bdcdd209c5c92c3405157a225bcd70021017b9d41105e5b"
"chess4","pdf/Kings_Indian_Defense_Complete_Course/13_Makogonov_and_h3_systems.pdf","library/pdf/Kings_Indian_Defense_Complete_Course/13_Makogonov_and_h3_systems.pdf","103959","1edb78377cf32fb3762ed75785034211e4b1017077cd1dc7b55fd8996fc75375","git","103959","1edb78377cf32fb3762ed75785034211e4b1017077cd1dc7b55fd8996fc75375"
"chess4","pdf/Kings_Indian_Defense_Complete_Course/14_Fianchetto_a_classical_Nbd7_repertoire.pdf","library/pdf/Kings_Indian_Defense_Complete_Course/14_Fianchetto_a_classical_Nbd7_repertoire.pdf","107902","7adacb8d05ed014ab3e5f0281fea3727b87e90dca3ea42ea9887b14caf14bfef","git","107902","7adacb8d05ed014ab3e5f0281fea3727b87e90dca3ea42ea9887b14caf14bfef"
"chess4","pdf/Kings_Indian_Defense_Complete_Course/15_Optional_Fianchetto_expansion_the_Panno.pdf","library/pdf/Kings_Indian_Defense_Complete_Course/15_Optional_Fianchetto_expansion_the_Panno.pdf","100398","c4d4a341ad1d58be67f133504e17fac544b9cc897497e79af75701e5d1fc544e","git","100398","c4d4a341ad1d58be67f133504e17fac544b9cc897497e79af75701e5d1fc544e"
"chess4","pdf/Kings_Indian_Defense_Complete_Course/16_Early_bishops_and_unusual_central_systems.pdf","library/pdf/Kings_Indian_Defense_Complete_Course/16_Early_bishops_and_unusual_central_systems.pdf","118937","9b30f1583ef69fd90d858a76f66c2882013cc12b61ab768e1823e99c343dbccb","git","118937","9b30f1583ef69fd90d858a76f66c2882013cc12b61ab768e1823e99c343dbccb"
"chess4","pdf/Kings_Indian_Defense_Complete_Course/17_White_omits_e4_e3_and_quiet_c4_systems.pdf","library/pdf/Kings_Indian_Defense_Complete_Course/17_White_omits_e4_e3_and_quiet_c4_systems.pdf","103837","bef6ddb6ac3742abe645fbf6fd459954a5a5cf1c290fd68377780f5625935529","git","103837","bef6ddb6ac3742abe645fbf6fd459954a5a5cf1c290fd68377780f5625935529"
"chess4","pdf/Kings_Indian_Defense_Complete_Course/18_English_and_Reti_move_orders.pdf","library/pdf/Kings_Indian_Defense_Complete_Course/18_English_and_Reti_move_orders.pdf","103893","00cda53f3211c3f55e1dbec3aff1d556c7921b0d717071439b4146c20e9cd49a","git","103893","00cda53f3211c3f55e1dbec3aff1d556c7921b0d717071439b4146c20e9cd49a"
"chess4","pdf/Kings_Indian_Defense_Complete_Course/19_London_Torre_and_Colle_when_White_omits_c4.pdf","library/pdf/Kings_Indian_Defense_Complete_Course/19_London_Torre_and_Colle_when_White_omits_c4.pdf","104084","b8979e0ddad7fa25cf31f9dd7ad0b8b94d20048df1d368eb52119f507987cfd0","git","104084","b8979e0ddad7fa25cf31f9dd7ad0b8b94d20048df1d368eb52119f507987cfd0"
"chess4","pdf/Kings_Indian_Defense_Complete_Course/20_Trompowsky_Veresov_and_early_deviations.pdf","library/pdf/Kings_Indian_Defense_Complete_Course/20_Trompowsky_Veresov_and_early_deviations.pdf","107648","ad00baac3a6bc7fb068b28e90f1f03edba8e66f3d496bc8dd23dfc022d245417","git","107648","ad00baac3a6bc7fb068b28e90f1f03edba8e66f3d496bc8dd23dfc022d245417"
"chess4","pdf/Kings_Indian_Defense_Complete_Course/21_Pawn_structures_and_strategic_decisions.pdf","library/pdf/Kings_Indian_Defense_Complete_Course/21_Pawn_structures_and_strategic_decisions.pdf","118211","487fb6dbd9c067b9fec8a5417db7406eb1ba950ea666ebd02f5466371bebf6fd","git","118211","487fb6dbd9c067b9fec8a5417db7406eb1ba950ea666ebd02f5466371bebf6fd"
"chess4","pdf/Kings_Indian_Defense_Complete_Course/22_Tactics_defense_and_endgame_transitions.pdf","library/pdf/Kings_Indian_Defense_Complete_Course/22_Tactics_defense_and_endgame_transitions.pdf","121053","aa71397e5ebb5dd025ac2a4c508bbf93ef1153d0bc98be0d6f934ed5d3c3fd44","git","121053","aa71397e5ebb5dd025ac2a4c508bbf93ef1153d0bc98be0d6f934ed5d3c3fd44"
"chess4","pdf/Kings_Indian_Defense_Complete_Course/23_Ten_middlegame_laboratories.pdf","library/pdf/Kings_Indian_Defense_Complete_Course/23_Ten_middlegame_laboratories.pdf","156913","c3192bdb058d6a7de602d7a355e8293fecec0bbc1056587c78f80d19038cf7f0","git","156913","c3192bdb058d6a7de602d7a355e8293fecec0bbc1056587c78f80d19038cf7f0"
"chess4","pdf/Kings_Indian_Defense_Complete_Course/24_72_exercises_with_explained_answers.pdf","library/pdf/Kings_Indian_Defense_Complete_Course/24_72_exercises_with_explained_answers.pdf","237113","ce230468cab46989313a562bac71f5da6f9c2f26a42ce0142248717921e6204d","git","237113","ce230468cab46989313a562bac71f5da6f9c2f26a42ce0142248717921e6204d"
"chess4","pdf/Kings_Indian_Defense_Complete_Course/25_12_week_study_plan_and_quick_reference_cards.pdf","library/pdf/Kings_Indian_Defense_Complete_Course/25_12_week_study_plan_and_quick_reference_cards.pdf","91850","bda95f9824b767845c7be1962311f1862f0b943fd9921483741463a5f8ca2700","git","91850","bda95f9824b767845c7be1962311f1862f0b943fd9921483741463a5f8ca2700"
"chess4","pdf/Kings_Indian_Defense_Complete_Course/26_Sources_glossary_and_verification_method.pdf","library/pdf/Kings_Indian_Defense_Complete_Course/26_Sources_glossary_and_verification_method.pdf","94190","902feee1478b17eb51b73003d0b622869c30d2b385843acb5e90124744a8f129","git","94190","902feee1478b17eb51b73003d0b622869c30d2b385843acb5e90124744a8f129"
"chess4","pdf/Kings_Indian_Defense_Complete_Course/Artwork_Credits_and_Sources/ATTRIBUTION.txt","library/pdf/Kings_Indian_Defense_Complete_Course/Artwork_Credits_and_Sources/ATTRIBUTION.txt","1332","c3c449653e69ea8f582160771e5617552627aca036034a07b87f6de560c38f88","git","1332","c3c449653e69ea8f582160771e5617552627aca036034a07b87f6de560c38f88"
"chess4","pdf/Kings_Indian_Defense_Complete_Course/Artwork_Credits_and_Sources/black_bishop.svg","library/pdf/Kings_Indian_Defense_Complete_Course/Artwork_Credits_and_Sources/black_bishop.svg","800","4a4c423a97b92ea2bc75b99dcc756d6ea9e135162a112132ee82e5638142318e","git","800","4a4c423a97b92ea2bc75b99dcc756d6ea9e135162a112132ee82e5638142318e"
"chess4","pdf/Kings_Indian_Defense_Complete_Course/Artwork_Credits_and_Sources/black_king.svg","library/pdf/Kings_Indian_Defense_Complete_Course/Artwork_Credits_and_Sources/black_king.svg","901","88d99c58085ca521ccd2212829322d1e80dbfe6a09a0d88c66949ac3ebdce9e7","git","901","88d99c58085ca521ccd2212829322d1e80dbfe6a09a0d88c66949ac3ebdce9e7"
"chess4","pdf/Kings_Indian_Defense_Complete_Course/Artwork_Credits_and_Sources/black_knight.svg","library/pdf/Kings_Indian_Defense_Complete_Course/Artwork_Credits_and_Sources/black_knight.svg","1313","5d5aabadd0900630656f134b29b1465c5888ed09c614f5f3200df89e46473d96","git","1313","5d5aabadd0900630656f134b29b1465c5888ed09c614f5f3200df89e46473d96"
"chess4","pdf/Kings_Indian_Defense_Complete_Course/Artwork_Credits_and_Sources/black_pawn.svg","library/pdf/Kings_Indian_Defense_Complete_Course/Artwork_Credits_and_Sources/black_pawn.svg","515","05cfc3dbfd86e6b01a08a9e92831aa48eddc27c1609c3a1d3602723ebd11cf34","git","515","05cfc3dbfd86e6b01a08a9e92831aa48eddc27c1609c3a1d3602723ebd11cf34"
"chess4","pdf/Kings_Indian_Defense_Complete_Course/Artwork_Credits_and_Sources/black_queen.svg","library/pdf/Kings_Indian_Defense_Complete_Course/Artwork_Credits_and_Sources/black_queen.svg","1033","04794ecd25e588aeb6e88fc17a00d3c67710dd8a9f7d4e7f39806df3ee0c321e","git","1033","04794ecd25e588aeb6e88fc17a00d3c67710dd8a9f7d4e7f39806df3ee0c321e"
"chess4","pdf/Kings_Indian_Defense_Complete_Course/Artwork_Credits_and_Sources/black_rook.svg","library/pdf/Kings_Indian_Defense_Complete_Course/Artwork_Credits_and_Sources/black_rook.svg","705","e99b71dd34a9d9d9ad278b150aaa9d4a33202a53646d2fef2c56684fd9924560","git","705","e99b71dd34a9d9d9ad278b150aaa9d4a33202a53646d2fef2c56684fd9924560"
"chess4","pdf/Kings_Indian_Defense_Complete_Course/Artwork_Credits_and_Sources/GPL-2.0.txt","library/pdf/Kings_Indian_Defense_Complete_Course/Artwork_Credits_and_Sources/GPL-2.0.txt","17337","aaf135472f81c5b4a0dca9367e5bb5e9750032b5bebe5442b36e4c0a47430df3","git","17337","aaf135472f81c5b4a0dca9367e5bb5e9750032b5bebe5442b36e4c0a47430df3"
"chess4","pdf/Kings_Indian_Defense_Complete_Course/Artwork_Credits_and_Sources/white_bishop.svg","library/pdf/Kings_Indian_Defense_Complete_Course/Artwork_Credits_and_Sources/white_bishop.svg","792","6c49bc6c79eb987bbe310fa2bb3b57726f214b993ea2ec2f5a0d9fdb5750d483","git","792","6c49bc6c79eb987bbe310fa2bb3b57726f214b993ea2ec2f5a0d9fdb5750d483"
"chess4","pdf/Kings_Indian_Defense_Complete_Course/Artwork_Credits_and_Sources/white_king.svg","library/pdf/Kings_Indian_Defense_Complete_Course/Artwork_Credits_and_Sources/white_king.svg","727","7d486ecb7e094e7d58d18f43244b0b9dc4a85674870caac9f2db0f85dbe01043","git","727","7d486ecb7e094e7d58d18f43244b0b9dc4a85674870caac9f2db0f85dbe01043"
"chess4","pdf/Kings_Indian_Defense_Complete_Course/Artwork_Credits_and_Sources/white_knight.svg","library/pdf/Kings_Indian_Defense_Complete_Course/Artwork_Credits_and_Sources/white_knight.svg","1038","e10f88376f43949f7c2af8c90d4b21acb5534c38a432ae7137234de970086878","git","1038","e10f88376f43949f7c2af8c90d4b21acb5534c38a432ae7137234de970086878"
"chess4","pdf/Kings_Indian_Defense_Complete_Course/Artwork_Credits_and_Sources/white_pawn.svg","library/pdf/Kings_Indian_Defense_Complete_Course/Artwork_Credits_and_Sources/white_pawn.svg","515","44239187782f14a85d25a2ca521ad38400d3304fe389b147c378b10d0313df24","git","515","44239187782f14a85d25a2ca521ad38400d3304fe389b147c378b10d0313df24"
"chess4","pdf/Kings_Indian_Defense_Complete_Course/Artwork_Credits_and_Sources/white_queen.svg","library/pdf/Kings_Indian_Defense_Complete_Course/Artwork_Credits_and_Sources/white_queen.svg","860","6a8a8d41df7ee761d317cbb964846c58b6d3c0e45d6a9e06de3922a9e4d8086e","git","860","6a8a8d41df7ee761d317cbb964846c58b6d3c0e45d6a9e06de3922a9e4d8086e"
"chess4","pdf/Kings_Indian_Defense_Complete_Course/Artwork_Credits_and_Sources/white_rook.svg","library/pdf/Kings_Indian_Defense_Complete_Course/Artwork_Credits_and_Sources/white_rook.svg","596","b54974a0d35a7b42ad07e14e29825b15d97cdeb59bc8b1781e65ac7238f474e9","git","596","b54974a0d35a7b42ad07e14e29825b15d97cdeb59bc8b1781e65ac7238f474e9"
"chess4","pdf/Kings_Indian_Defense_Complete_Course/COMPLETE_Kings_Indian_Defense_Course.pdf","library/pdf/Kings_Indian_Defense_Complete_Course/COMPLETE_Kings_Indian_Defense_Course.pdf","2968215","72bc193ea7ed2d6173f98e5dff7465e6876fd1e450847a09a95b26e795145df8","git","2968215","72bc193ea7ed2d6173f98e5dff7465e6876fd1e450847a09a95b26e795145df8"
"chess4","pdf/Kings_Indian_Defense_Complete_Course/Course_Manifest.json","library/pdf/Kings_Indian_Defense_Complete_Course/Course_Manifest.json","5968","98b36bca94e531f2044918b2ec83625ecf808f42715c8c4771976c108d403723","git","5968","98b36bca94e531f2044918b2ec83625ecf808f42715c8c4771976c108d403723"
"chess4","pdf/Kings_Indian_Defense_Complete_Course/Exercises.pgn","library/pdf/Kings_Indian_Defense_Complete_Course/Exercises.pgn","47091","491834a117c0551916657da59b0e0ae67063cc33197a861ef8463e721b121c0e","git","47091","491834a117c0551916657da59b0e0ae67063cc33197a861ef8463e721b121c0e"
"chess4","pdf/Kings_Indian_Defense_Complete_Course/Middlegame_Laboratory.pgn","library/pdf/Kings_Indian_Defense_Complete_Course/Middlegame_Laboratory.pgn","5292","b3caf41206f3b2b353382a2524873dbf2abe129463754a2e40254010d8142180","git","5292","b3caf41206f3b2b353382a2524873dbf2abe129463754a2e40254010d8142180"
"chess4","pdf/Kings_Indian_Defense_Complete_Course/READ_ME_FIRST.txt","library/pdf/Kings_Indian_Defense_Complete_Course/READ_ME_FIRST.txt","1936","55cad6542c831fdcba96147fec74cf5cf756034e9c9a2d5849ec6a233718494e","git","1936","55cad6542c831fdcba96147fec74cf5cf756034e9c9a2d5849ec6a233718494e"
"chess4","pdf/Kings_Indian_Defense_Complete_Course/Repertoire_Lines.pgn","library/pdf/Kings_Indian_Defense_Complete_Course/Repertoire_Lines.pgn","65125","13978c3997fe316330f9c2c91d90ec825b936c0107278b9fce61985740a7fd4b","git","65125","13978c3997fe316330f9c2c91d90ec825b936c0107278b9fce61985740a7fd4b"
"chess4","pdf/Kings_Indian_Defense_Complete_Course/Verification_Summary.txt","library/pdf/Kings_Indian_Defense_Complete_Course/Verification_Summary.txt","857","6f8b8395e7ebba2c653441130f03e14ba9f7dd995c651590f579a8f428e9c0c0","git","857","6f8b8395e7ebba2c653441130f03e14ba9f7dd995c651590f579a8f428e9c0c0"
"chess4","pdf/Scandinavian_Defense_Complete_Course/00_Complete_Course.pdf","library/pdf/Scandinavian_Defense_Complete_Course/00_Complete_Course.pdf","926803","9f2719823425e31f4aff2182b406ddffa56bc1f8439f94191a081d621372f973","git","926803","9f2719823425e31f4aff2182b406ddffa56bc1f8439f94191a081d621372f973"
"chess4","pdf/Scandinavian_Defense_Complete_Course/00_Start_Here_and_Foundations.pdf","library/pdf/Scandinavian_Defense_Complete_Course/00_Start_Here_and_Foundations.pdf","115801","76c0a7a9395e3c96ae33bb9d14b827d9d9839fd86f2458355b8198959eda1976","git","115801","76c0a7a9395e3c96ae33bb9d14b827d9d9839fd86f2458355b8198959eda1976"
"chess4","pdf/Scandinavian_Defense_Complete_Course/01_Opening_Theory_and_Move_Orders.pdf","library/pdf/Scandinavian_Defense_Complete_Course/01_Opening_Theory_and_Move_Orders.pdf","193365","5af594e61fead635908216a683305153e35bab347c181b54a129b0b1029781e6","git","193365","5af594e61fead635908216a683305153e35bab347c181b54a129b0b1029781e6"
"chess4","pdf/Scandinavian_Defense_Complete_Course/02_Strategy_Tactics_and_Endgames.pdf","library/pdf/Scandinavian_Defense_Complete_Course/02_Strategy_Tactics_and_Endgames.pdf","132357","4ef5091f482c446625761cd3d219cd08aab24ca7035871f2672c5e4de54b8d46","git","132357","4ef5091f482c446625761cd3d219cd08aab24ca7035871f2672c5e4de54b8d46"
"chess4","pdf/Scandinavian_Defense_Complete_Course/03_Six_Middlegame_Laboratories.pdf","library/pdf/Scandinavian_Defense_Complete_Course/03_Six_Middlegame_Laboratories.pdf","191716","60582223c79389bbafb806fea701afef214cbe508fa3007f48c3909094a6d256","git","191716","60582223c79389bbafb806fea701afef214cbe508fa3007f48c3909094a6d256"
"chess4","pdf/Scandinavian_Defense_Complete_Course/04_48_Exercises_and_Explained_Answers.pdf","library/pdf/Scandinavian_Defense_Complete_Course/04_48_Exercises_and_Explained_Answers.pdf","197911","0c4c436ead897691f48f1e339a45dde28b3ccdb70cd5758940df7152702ea32f","git","197911","0c4c436ead897691f48f1e339a45dde28b3ccdb70cd5758940df7152702ea32f"
"chess4","pdf/Scandinavian_Defense_Complete_Course/05_Study_Plan_Reference_and_Sources.pdf","library/pdf/Scandinavian_Defense_Complete_Course/05_Study_Plan_Reference_and_Sources.pdf","104901","9117aa362b7060fcae3e008013054a5fd45b65165fbed2c40545660d7aab7908","git","104901","9117aa362b7060fcae3e008013054a5fd45b65165fbed2c40545660d7aab7908"
"chess4","pdf/Scandinavian_Defense_Complete_Course/Artwork_Credits_and_Sources/ATTRIBUTION.txt","library/pdf/Scandinavian_Defense_Complete_Course/Artwork_Credits_and_Sources/ATTRIBUTION.txt","403","f08eab04d0d78d56efe77b072b59958815dce0d935c4c38fdebf98b74a14d55e","git","403","f08eab04d0d78d56efe77b072b59958815dce0d935c4c38fdebf98b74a14d55e"
"chess4","pdf/Scandinavian_Defense_Complete_Course/Artwork_Credits_and_Sources/black_bishop.svg","library/pdf/Scandinavian_Defense_Complete_Course/Artwork_Credits_and_Sources/black_bishop.svg","800","4a4c423a97b92ea2bc75b99dcc756d6ea9e135162a112132ee82e5638142318e","git","800","4a4c423a97b92ea2bc75b99dcc756d6ea9e135162a112132ee82e5638142318e"
"chess4","pdf/Scandinavian_Defense_Complete_Course/Artwork_Credits_and_Sources/black_king.svg","library/pdf/Scandinavian_Defense_Complete_Course/Artwork_Credits_and_Sources/black_king.svg","901","88d99c58085ca521ccd2212829322d1e80dbfe6a09a0d88c66949ac3ebdce9e7","git","901","88d99c58085ca521ccd2212829322d1e80dbfe6a09a0d88c66949ac3ebdce9e7"
"chess4","pdf/Scandinavian_Defense_Complete_Course/Artwork_Credits_and_Sources/black_knight.svg","library/pdf/Scandinavian_Defense_Complete_Course/Artwork_Credits_and_Sources/black_knight.svg","1313","5d5aabadd0900630656f134b29b1465c5888ed09c614f5f3200df89e46473d96","git","1313","5d5aabadd0900630656f134b29b1465c5888ed09c614f5f3200df89e46473d96"
"chess4","pdf/Scandinavian_Defense_Complete_Course/Artwork_Credits_and_Sources/black_pawn.svg","library/pdf/Scandinavian_Defense_Complete_Course/Artwork_Credits_and_Sources/black_pawn.svg","515","05cfc3dbfd86e6b01a08a9e92831aa48eddc27c1609c3a1d3602723ebd11cf34","git","515","05cfc3dbfd86e6b01a08a9e92831aa48eddc27c1609c3a1d3602723ebd11cf34"
"chess4","pdf/Scandinavian_Defense_Complete_Course/Artwork_Credits_and_Sources/black_queen.svg","library/pdf/Scandinavian_Defense_Complete_Course/Artwork_Credits_and_Sources/black_queen.svg","1033","04794ecd25e588aeb6e88fc17a00d3c67710dd8a9f7d4e7f39806df3ee0c321e","git","1033","04794ecd25e588aeb6e88fc17a00d3c67710dd8a9f7d4e7f39806df3ee0c321e"
"chess4","pdf/Scandinavian_Defense_Complete_Course/Artwork_Credits_and_Sources/black_rook.svg","library/pdf/Scandinavian_Defense_Complete_Course/Artwork_Credits_and_Sources/black_rook.svg","705","e99b71dd34a9d9d9ad278b150aaa9d4a33202a53646d2fef2c56684fd9924560","git","705","e99b71dd34a9d9d9ad278b150aaa9d4a33202a53646d2fef2c56684fd9924560"
"chess4","pdf/Scandinavian_Defense_Complete_Course/Artwork_Credits_and_Sources/GPL-2.0.txt","library/pdf/Scandinavian_Defense_Complete_Course/Artwork_Credits_and_Sources/GPL-2.0.txt","17337","aaf135472f81c5b4a0dca9367e5bb5e9750032b5bebe5442b36e4c0a47430df3","git","17337","aaf135472f81c5b4a0dca9367e5bb5e9750032b5bebe5442b36e4c0a47430df3"
"chess4","pdf/Scandinavian_Defense_Complete_Course/Artwork_Credits_and_Sources/white_bishop.svg","library/pdf/Scandinavian_Defense_Complete_Course/Artwork_Credits_and_Sources/white_bishop.svg","792","6c49bc6c79eb987bbe310fa2bb3b57726f214b993ea2ec2f5a0d9fdb5750d483","git","792","6c49bc6c79eb987bbe310fa2bb3b57726f214b993ea2ec2f5a0d9fdb5750d483"
"chess4","pdf/Scandinavian_Defense_Complete_Course/Artwork_Credits_and_Sources/white_king.svg","library/pdf/Scandinavian_Defense_Complete_Course/Artwork_Credits_and_Sources/white_king.svg","727","7d486ecb7e094e7d58d18f43244b0b9dc4a85674870caac9f2db0f85dbe01043","git","727","7d486ecb7e094e7d58d18f43244b0b9dc4a85674870caac9f2db0f85dbe01043"
"chess4","pdf/Scandinavian_Defense_Complete_Course/Artwork_Credits_and_Sources/white_knight.svg","library/pdf/Scandinavian_Defense_Complete_Course/Artwork_Credits_and_Sources/white_knight.svg","1038","e10f88376f43949f7c2af8c90d4b21acb5534c38a432ae7137234de970086878","git","1038","e10f88376f43949f7c2af8c90d4b21acb5534c38a432ae7137234de970086878"
"chess4","pdf/Scandinavian_Defense_Complete_Course/Artwork_Credits_and_Sources/white_pawn.svg","library/pdf/Scandinavian_Defense_Complete_Course/Artwork_Credits_and_Sources/white_pawn.svg","515","44239187782f14a85d25a2ca521ad38400d3304fe389b147c378b10d0313df24","git","515","44239187782f14a85d25a2ca521ad38400d3304fe389b147c378b10d0313df24"
"chess4","pdf/Scandinavian_Defense_Complete_Course/Artwork_Credits_and_Sources/white_queen.svg","library/pdf/Scandinavian_Defense_Complete_Course/Artwork_Credits_and_Sources/white_queen.svg","860","6a8a8d41df7ee761d317cbb964846c58b6d3c0e45d6a9e06de3922a9e4d8086e","git","860","6a8a8d41df7ee761d317cbb964846c58b6d3c0e45d6a9e06de3922a9e4d8086e"
"chess4","pdf/Scandinavian_Defense_Complete_Course/Artwork_Credits_and_Sources/white_rook.svg","library/pdf/Scandinavian_Defense_Complete_Course/Artwork_Credits_and_Sources/white_rook.svg","596","b54974a0d35a7b42ad07e14e29825b15d97cdeb59bc8b1781e65ac7238f474e9","git","596","b54974a0d35a7b42ad07e14e29825b15d97cdeb59bc8b1781e65ac7238f474e9"
"chess4","pdf/Scandinavian_Defense_Complete_Course/Exercise_Solutions.pgn","library/pdf/Scandinavian_Defense_Complete_Course/Exercise_Solutions.pgn","42864","85003ddaee7515fd02b1062205982b0c660733b0f64fa37c99ddfda7af60fbf0","git","42864","85003ddaee7515fd02b1062205982b0c660733b0f64fa37c99ddfda7af60fbf0"
"chess4","pdf/Scandinavian_Defense_Complete_Course/Middlegame_Laboratories.pgn","library/pdf/Scandinavian_Defense_Complete_Course/Middlegame_Laboratories.pgn","7985","78da291c12169ef7586b99bd6bd4e137555cfd0f0b810d5698209bd199db9df0","git","7985","78da291c12169ef7586b99bd6bd4e137555cfd0f0b810d5698209bd199db9df0"
"chess4","pdf/Scandinavian_Defense_Complete_Course/OPEN_COURSE.html","library/pdf/Scandinavian_Defense_Complete_Course/OPEN_COURSE.html","1717","10ae48f9c120e0b376459a8a3c670496d2f4b47ab2c53db9f101600f26acf4a8","git","1717","10ae48f9c120e0b376459a8a3c670496d2f4b47ab2c53db9f101600f26acf4a8"
"chess4","pdf/Scandinavian_Defense_Complete_Course/Repertoire_Lines.pgn","library/pdf/Scandinavian_Defense_Complete_Course/Repertoire_Lines.pgn","21642","694ab0157bc88860dababc4fe57d027869abedf8e69541366db0926835950ff8","git","21642","694ab0157bc88860dababc4fe57d027869abedf8e69541366db0926835950ff8"
"chess4","pdf/Scandinavian_Defense_Complete_Course/START_HERE.txt","library/pdf/Scandinavian_Defense_Complete_Course/START_HERE.txt","1132","382a9f6492a7e533b73aeb0cc25d778565300677267679bd014970a3a5bddf94","git","1132","382a9f6492a7e533b73aeb0cc25d778565300677267679bd014970a3a5bddf94"
"chess4","pdf/Scandinavian_Defense_Complete_Course/Verification_Manifest.json","library/pdf/Scandinavian_Defense_Complete_Course/Verification_Manifest.json","1588","a1acb4ee329d54f64bc93ed205a0a5febb7594d12b05650f19a6e9fca09d18aa","git","1588","a1acb4ee329d54f64bc93ed205a0a5febb7594d12b05650f19a6e9fca09d18aa"
"chess4","README.md","library/README.md","3007","98238e3a18a01461b377e305907c2a2489e14489015489a28730e3d42eb95153","git","3007","98238e3a18a01461b377e305907c2a2489e14489015489a28730e3d42eb95153"
