repository,original_path,repository_path,content_bytes,sha256,storage,desktop_file_bytes,desktop_file_sha256
"chess4",".gitattributes","library/.gitattributes","171","c005fcf077ab7aefaa48ae9a74160b9366042b295fc5fe2b9b6704f3fa26b965","git","171","c005fcf077ab7aefaa48ae9a74160b9366042b295fc5fe2b9b6704f3fa26b965"
"chess4","group1/chessPDF - Improved Boards/01 - Ruy Lopez/00 - Complete Course Book.pdf","library/group1/chessPDF - Improved Boards/01 - Ruy Lopez/00 - Complete Course Book.pdf","6098491","706bc3d567b92f8008224dea0f07c439a09bfdd2fed8b276f360fb28f6b0647b","git","6098491","706bc3d567b92f8008224dea0f07c439a09bfdd2fed8b276f360fb28f6b0647b"
"chess4","group1/chessPDF - Improved Boards/01 - Ruy Lopez/01 - Active Training Workbook.pdf","library/group1/chessPDF - Improved Boards/01 - Ruy Lopez/01 - Active Training Workbook.pdf","6000414","e2054beb06e2741fa90149619ab76ea5cb0dcb4c89a59465af4a0901e28a3c9d","git","6000414","e2054beb06e2741fa90149619ab76ea5cb0dcb4c89a59465af4a0901e28a3c9d"
"chess4","group1/chessPDF - Improved Boards/02 - Kings Indian Defense/00 - Complete Course Book.pdf","library/group1/chessPDF - Improved Boards/02 - Kings Indian Defense/00 - Complete Course Book.pdf","5576424","0bdb1609b28177263b8a23a10a002264e8eca4d0ea6965c1ae40c5616cad31e9","git","5576424","0bdb1609b28177263b8a23a10a002264e8eca4d0ea6965c1ae40c5616cad31e9"
"chess4","group1/chessPDF - Improved Boards/02 - Kings Indian Defense/01 - Active Training Workbook.pdf","library/group1/chessPDF - Improved Boards/02 - Kings Indian Defense/01 - Active Training Workbook.pdf","5474407","4c20c6bbdcb08d74f0c1543f7492bbc7c3e1af55520d7505847f791f4cc1ab0c","git","5474407","4c20c6bbdcb08d74f0c1543f7492bbc7c3e1af55520d7505847f791f4cc1ab0c"
"chess4","group1/chessPDF - Improved Boards/03 - Kings Indian Attack/00 - Complete Course Book.pdf","library/group1/chessPDF - Improved Boards/03 - Kings Indian Attack/00 - Complete Course Book.pdf","9066218","2cd1d25947cba48d1d95fda13240e3c09281f69ef954b89374317b884c575870","git","9066218","2cd1d25947cba48d1d95fda13240e3c09281f69ef954b89374317b884c575870"
"chess4","group1/chessPDF - Improved Boards/03 - Kings Indian Attack/01 - Active Training Workbook.pdf","library/group1/chessPDF - Improved Boards/03 - Kings Indian Attack/01 - Active Training Workbook.pdf","8898113","b54abadcda0d8bcae6b666d8a74a91d84ddd8629ed52a5efbf76844041cb39f3","git","8898113","b54abadcda0d8bcae6b666d8a74a91d84ddd8629ed52a5efbf76844041cb39f3"
"chess4","group1/chessPDF - Improved Boards/04 - Queens Gambit/00 - Complete Course Book.pdf","library/group1/chessPDF - Improved Boards/04 - Queens Gambit/00 - Complete Course Book.pdf","7055953","757bc88860508add80a147b66370eb2250655cc02c3b8827b93ca5ec34134d1b","git","7055953","757bc88860508add80a147b66370eb2250655cc02c3b8827b93ca5ec34134d1b"
"chess4","group1/chessPDF - Improved Boards/04 - Queens Gambit/01 - Active Training Workbook.pdf","library/group1/chessPDF - Improved Boards/04 - Queens Gambit/01 - Active Training Workbook.pdf","6928070","994aa3f9b553b1a8bf337d51555a89241efd6977b913eed3aaa2aa42f69b1eac","git","6928070","994aa3f9b553b1a8bf337d51555a89241efd6977b913eed3aaa2aa42f69b1eac"
"chess4","group1/chessPDF - Improved Boards/05 - Kings Gambit/00 - Complete Course Book.pdf","library/group1/chessPDF - Improved Boards/05 - Kings Gambit/00 - Complete Course Book.pdf","9109989","02a11504ac9bd42ce83242ffdaf6df52558477ec3217276ed484d4689871edbe","git","9109989","02a11504ac9bd42ce83242ffdaf6df52558477ec3217276ed484d4689871edbe"
"chess4","group1/chessPDF - Improved Boards/05 - Kings Gambit/01 - Active Training Workbook.pdf","library/group1/chessPDF - Improved Boards/05 - Kings Gambit/01 - Active Training Workbook.pdf","8938212","f6c258f03b29a32341cb1000e821ab6047bdfa859f685bb62d8026903f1687bb","git","8938212","f6c258f03b29a32341cb1000e821ab6047bdfa859f685bb62d8026903f1687bb"
"chess4","group1/chessPDF - Improved Boards/06 - Sicilian Defense/00 - Complete Course Book.pdf","library/group1/chessPDF - Improved Boards/06 - Sicilian Defense/00 - Complete Course Book.pdf","5923143","d6200292a54c02a39b416e424471ff0df9373d8e88136d27cce31de31710b5cf","git","5923143","d6200292a54c02a39b416e424471ff0df9373d8e88136d27cce31de31710b5cf"
"chess4","group1/chessPDF - Improved Boards/06 - Sicilian Defense/01 - Active Training Workbook.pdf","library/group1/chessPDF - Improved Boards/06 - Sicilian Defense/01 - Active Training Workbook.pdf","5823730","727924607f36b71116778bd1df9e78b1e014c65c09cbcf77b4ec97b582d9ffba","git","5823730","727924607f36b71116778bd1df9e78b1e014c65c09cbcf77b4ec97b582d9ffba"
"chess4","group1/chessPDF - Improved Boards/07 - Caro-Kann Defense/00 - Complete Course Book.pdf","library/group1/chessPDF - Improved Boards/07 - Caro-Kann Defense/00 - Complete Course Book.pdf","5903206","ae86ed50bc2c9cac5222cfba6707662998a70016ce6b8cd66384418e4bb24192","git","5903206","ae86ed50bc2c9cac5222cfba6707662998a70016ce6b8cd66384418e4bb24192"
"chess4","group1/chessPDF - Improved Boards/07 - Caro-Kann Defense/01 - Active Training Workbook.pdf","library/group1/chessPDF - Improved Boards/07 - Caro-Kann Defense/01 - Active Training Workbook.pdf","5804195","347b55ba1245032fbc74de37a634b562a0f8383e84cc0a3a77768df0344f8a6b","git","5804195","347b55ba1245032fbc74de37a634b562a0f8383e84cc0a3a77768df0344f8a6b"
"chess4","group1/chessPDF - Improved Boards/08 - Hippopotamus Defense/00 - Complete Course Book.pdf","library/group1/chessPDF - Improved Boards/08 - Hippopotamus Defense/00 - Complete Course Book.pdf","9087632","c648daa90203af6f7dfe4d3a3c85f89fb50ec86b5b33ae29606240137b76fd4d","git","9087632","c648daa90203af6f7dfe4d3a3c85f89fb50ec86b5b33ae29606240137b76fd4d"
"chess4","group1/chessPDF - Improved Boards/08 - Hippopotamus Defense/01 - Active Training Workbook.pdf","library/group1/chessPDF - Improved Boards/08 - Hippopotamus Defense/01 - Active Training Workbook.pdf","8906438","26c07008bd37c6a1b5e96af2ad666c1487f92a419a4b56edfa492129cb564dbe","git","8906438","26c07008bd37c6a1b5e96af2ad666c1487f92a419a4b56edfa492129cb564dbe"
"chess4","group1/chessPDF - Improved Boards/1 d4 2 c4 Complete White Repertoire/00 - Course Index and Study Order.txt","library/group1/chessPDF - Improved Boards/1 d4 2 c4 Complete White Repertoire/00 - Course Index and Study Order.txt","1974","eed164db9847cd3a331d6621e62b1326cafd6c4fc8625f7e5709eb32a1e2de68","git","1974","eed164db9847cd3a331d6621e62b1326cafd6c4fc8625f7e5709eb32a1e2de68"
"chess4","group1/chessPDF - Improved Boards/1 d4 2 c4 Complete White Repertoire/00 - Course QA.txt","library/group1/chessPDF - Improved Boards/1 d4 2 c4 Complete White Repertoire/00 - Course QA.txt","787","e9f831af295263060d32580d156ee7a69ddcc0f86c56cc6fbaaedee2cee0832f","git","787","e9f831af295263060d32580d156ee7a69ddcc0f86c56cc6fbaaedee2cee0832f"
"chess4","group1/chessPDF - Improved Boards/1 d4 2 c4 Complete White Repertoire/01 - Start Here and Foundations/00 - Complete Course Book.pdf","library/group1/chessPDF - Improved Boards/1 d4 2 c4 Complete White Repertoire/01 - Start Here and Foundations/00 - Complete Course Book.pdf","1706702","5a68d079e736782d534637b9212bc059f7a4ac868bb108b0bd002b4907ea641e","git","1706702","5a68d079e736782d534637b9212bc059f7a4ac868bb108b0bd002b4907ea641e"
"chess4","group1/chessPDF - Improved Boards/1 d4 2 c4 Complete White Repertoire/01 - Start Here and Foundations/01 - Active Training Workbook.pdf","library/group1/chessPDF - Improved Boards/1 d4 2 c4 Complete White Repertoire/01 - Start Here and Foundations/01 - Active Training Workbook.pdf","1636637","fe94ecb3413deb3a9c3d2b0356019644ecbd7e00b5955236bbaef0bca2394979","git","1636637","fe94ecb3413deb3a9c3d2b0356019644ecbd7e00b5955236bbaef0bca2394979"
"chess4","group1/chessPDF - Improved Boards/1 d4 2 c4 Complete White Repertoire/02 - Queens Gambit Accepted/00 - Complete Course Book.pdf","library/group1/chessPDF - Improved Boards/1 d4 2 c4 Complete White Repertoire/02 - Queens Gambit Accepted/00 - Complete Course Book.pdf","966778","9e093d5ebba2a4a8f78c0d683fd4433518a578f18d10809746544a21828077e7","git","966778","9e093d5ebba2a4a8f78c0d683fd4433518a578f18d10809746544a21828077e7"
"chess4","group1/chessPDF - Improved Boards/1 d4 2 c4 Complete White Repertoire/02 - Queens Gambit Accepted/01 - Active Training Workbook.pdf","library/group1/chessPDF - Improved Boards/1 d4 2 c4 Complete White Repertoire/02 - Queens Gambit Accepted/01 - Active Training Workbook.pdf","897876","31b8c9d8ab38f73bc9fb5ec888e365a4dc929bc30c20930ade70518e87c0512a","git","897876","31b8c9d8ab38f73bc9fb5ec888e365a4dc929bc30c20930ade70518e87c0512a"
"chess4","group1/chessPDF - Improved Boards/1 d4 2 c4 Complete White Repertoire/03 - QGD Exchange and Carlsbad/00 - Complete Course Book.pdf","library/group1/chessPDF - Improved Boards/1 d4 2 c4 Complete White Repertoire/03 - QGD Exchange and Carlsbad/00 - Complete Course Book.pdf","612983","d409f476b9f79625e84f635d0687bfda1f5e746c66924373d2d4418427258a10","git","612983","d409f476b9f79625e84f635d0687bfda1f5e746c66924373d2d4418427258a10"
"chess4","group1/chessPDF - Improved Boards/1 d4 2 c4 Complete White Repertoire/03 - QGD Exchange and Carlsbad/01 - Active Training Workbook.pdf","library/group1/chessPDF - Improved Boards/1 d4 2 c4 Complete White Repertoire/03 - QGD Exchange and Carlsbad/01 - Active Training Workbook.pdf","542980","8c026f54e04f50ccfbc7191a19a417a08d9052b42d19b93c33f9d391c64133e2","git","542980","8c026f54e04f50ccfbc7191a19a417a08d9052b42d19b93c33f9d391c64133e2"
"chess4","group1/chessPDF - Improved Boards/1 d4 2 c4 Complete White Repertoire/04 - QGD Main Systems/00 - Complete Course Book.pdf","library/group1/chessPDF - Improved Boards/1 d4 2 c4 Complete White Repertoire/04 - QGD Main Systems/00 - Complete Course Book.pdf","1156736","a8b9de4003eebcbdcb593da89232eb800d6431755978642512bc9cb6e7b90014","git","1156736","a8b9de4003eebcbdcb593da89232eb800d6431755978642512bc9cb6e7b90014"
"chess4","group1/chessPDF - Improved Boards/1 d4 2 c4 Complete White Repertoire/04 - QGD Main Systems/01 - Active Training Workbook.pdf","library/group1/chessPDF - Improved Boards/1 d4 2 c4 Complete White Repertoire/04 - QGD Main Systems/01 - Active Training Workbook.pdf","1088462","666327d160f2236ebcc6aeb8aa77435abdf17f69631f0c1ea59fa60f2ec30c22","git","1088462","666327d160f2236ebcc6aeb8aa77435abdf17f69631f0c1ea59fa60f2ec30c22"
"chess4","group1/chessPDF - Improved Boards/1 d4 2 c4 Complete White Repertoire/05 - Ragozin Vienna and Tarrasch/00 - Complete Course Book.pdf","library/group1/chessPDF - Improved Boards/1 d4 2 c4 Complete White Repertoire/05 - Ragozin Vienna and Tarrasch/00 - Complete Course Book.pdf","1309817","0bbb12d0146168ac2d7c8e3835dccaf87d39d78a7dfcef9b7d3deffc3099db79","git","1309817","0bbb12d0146168ac2d7c8e3835dccaf87d39d78a7dfcef9b7d3deffc3099db79"
"chess4","group1/chessPDF - Improved Boards/1 d4 2 c4 Complete White Repertoire/05 - Ragozin Vienna and Tarrasch/01 - Active Training Workbook.pdf","library/group1/chessPDF - Improved Boards/1 d4 2 c4 Complete White Repertoire/05 - Ragozin Vienna and Tarrasch/01 - Active Training Workbook.pdf","1240920","e23175e2370218c1b91b7853a4e1cdd6dd24de982393cd4b7ffba68575a2bfd0","git","1240920","e23175e2370218c1b91b7853a4e1cdd6dd24de982393cd4b7ffba68575a2bfd0"
"chess4","group1/chessPDF - Improved Boards/1 d4 2 c4 Complete White Repertoire/06 - Slav Defense/00 - Complete Course Book.pdf","library/group1/chessPDF - Improved Boards/1 d4 2 c4 Complete White Repertoire/06 - Slav Defense/00 - Complete Course Book.pdf","1166472","1ec895f88303eb8a4b47e49e7afe5b5f5e2aace116e5deef33a24a8ee9622e78","git","1166472","1ec895f88303eb8a4b47e49e7afe5b5f5e2aace116e5deef33a24a8ee9622e78"
"chess4","group1/chessPDF - Improved Boards/1 d4 2 c4 Complete White Repertoire/06 - Slav Defense/01 - Active Training Workbook.pdf","library/group1/chessPDF - Improved Boards/1 d4 2 c4 Complete White Repertoire/06 - Slav Defense/01 - Active Training Workbook.pdf","1098379","66f0026a8e5139772f80081274b8993a0ab1db3d24350c749f836ce8b36d41be","git","1098379","66f0026a8e5139772f80081274b8993a0ab1db3d24350c749f836ce8b36d41be"
"chess4","group1/chessPDF - Improved Boards/1 d4 2 c4 Complete White Repertoire/07 - Semi-Slav Defense/00 - Complete Course Book.pdf","library/group1/chessPDF - Improved Boards/1 d4 2 c4 Complete White Repertoire/07 - Semi-Slav Defense/00 - Complete Course Book.pdf","996899","874abc87d1cc8642ab90ca7ae94f91d2b3518fad45dd366e833528364c6e89a3","git","996899","874abc87d1cc8642ab90ca7ae94f91d2b3518fad45dd366e833528364c6e89a3"
"chess4","group1/chessPDF - Improved Boards/1 d4 2 c4 Complete White Repertoire/07 - Semi-Slav Defense/01 - Active Training Workbook.pdf","library/group1/chessPDF - Improved Boards/1 d4 2 c4 Complete White Repertoire/07 - Semi-Slav Defense/01 - Active Training Workbook.pdf","927647","b4aab3b796fc4d17eeffe4a9f88378cab2f0fe98a0d28482a9dfa9e2e920fe70","git","927647","b4aab3b796fc4d17eeffe4a9f88378cab2f0fe98a0d28482a9dfa9e2e920fe70"
"chess4","group1/chessPDF - Improved Boards/1 d4 2 c4 Complete White Repertoire/08 - 1 d5 Sidelines/00 - Complete Course Book.pdf","library/group1/chessPDF - Improved Boards/1 d4 2 c4 Complete White Repertoire/08 - 1 d5 Sidelines/00 - Complete Course Book.pdf","964149","a3b0400bd47713f2449019bd210b6e6b30a74367740489eab5f2026bce1255f9","git","964149","a3b0400bd47713f2449019bd210b6e6b30a74367740489eab5f2026bce1255f9"
"chess4","group1/chessPDF - Improved Boards/1 d4 2 c4 Complete White Repertoire/08 - 1 d5 Sidelines/01 - Active Training Workbook.pdf","library/group1/chessPDF - Improved Boards/1 d4 2 c4 Complete White Repertoire/08 - 1 d5 Sidelines/01 - Active Training Workbook.pdf","894994","3f1881d5d12c08acf2403021e1b3b36d534670ad182f8b4df0f050fe6f29d3fd","git","894994","3f1881d5d12c08acf2403021e1b3b36d534670ad182f8b4df0f050fe6f29d3fd"
"chess4","group1/chessPDF - Improved Boards/1 d4 2 c4 Complete White Repertoire/09 - Kings Indian Defense/00 - Complete Course Book.pdf","library/group1/chessPDF - Improved Boards/1 d4 2 c4 Complete White Repertoire/09 - Kings Indian Defense/00 - Complete Course Book.pdf","1789888","92c50654c1d1dc5128db991c0ae01d7d64801a91474e683a3af9ba119f5abd6c","git","1789888","92c50654c1d1dc5128db991c0ae01d7d64801a91474e683a3af9ba119f5abd6c"
"chess4","group1/chessPDF - Improved Boards/1 d4 2 c4 Complete White Repertoire/09 - Kings Indian Defense/01 - Active Training Workbook.pdf","library/group1/chessPDF - Improved Boards/1 d4 2 c4 Complete White Repertoire/09 - Kings Indian Defense/01 - Active Training Workbook.pdf","1722222","b3e3b84ebfbe81b12c052f1e1ead8e8b1df96e3d8e154e8c1d39b8d9629c385b","git","1722222","b3e3b84ebfbe81b12c052f1e1ead8e8b1df96e3d8e154e8c1d39b8d9629c385b"
"chess4","group1/chessPDF - Improved Boards/1 d4 2 c4 Complete White Repertoire/10 - Gruenfeld Defense/00 - Complete Course Book.pdf","library/group1/chessPDF - Improved Boards/1 d4 2 c4 Complete White Repertoire/10 - Gruenfeld Defense/00 - Complete Course Book.pdf","2804277","c23d7476033ce016a819c9816aa3b1513dc2f598a0fe43d5f7dc2813e7821713","git","2804277","c23d7476033ce016a819c9816aa3b1513dc2f598a0fe43d5f7dc2813e7821713"
"chess4","group1/chessPDF - Improved Boards/1 d4 2 c4 Complete White Repertoire/10 - Gruenfeld Defense/01 - Active Training Workbook.pdf","library/group1/chessPDF - Improved Boards/1 d4 2 c4 Complete White Repertoire/10 - Gruenfeld Defense/01 - Active Training Workbook.pdf","2735640","915ffd87cc5ee1ff700bd8d4e5948271d1b97d65611565547d7e7463f7e34dc4","git","2735640","915ffd87cc5ee1ff700bd8d4e5948271d1b97d65611565547d7e7463f7e34dc4"
"chess4","group1/chessPDF - Improved Boards/1 d4 2 c4 Complete White Repertoire/11 - Queens Indian and Bogo/00 - Complete Course Book.pdf","library/group1/chessPDF - Improved Boards/1 d4 2 c4 Complete White Repertoire/11 - Queens Indian and Bogo/00 - Complete Course Book.pdf","2692198","c25cd270e088ef41d1578d653e943ec80e9067c44a75d265723bb23815aa35ee","git","2692198","c25cd270e088ef41d1578d653e943ec80e9067c44a75d265723bb23815aa35ee"
"chess4","group1/chessPDF - Improved Boards/1 d4 2 c4 Complete White Repertoire/11 - Queens Indian and Bogo/01 - Active Training Workbook.pdf","library/group1/chessPDF - Improved Boards/1 d4 2 c4 Complete White Repertoire/11 - Queens Indian and Bogo/01 - Active Training Workbook.pdf","2623090","ded94444d8b353e891a03eb38d5586b99dd545a82cd5eb4ec45fd25f51ce2f14","git","2623090","ded94444d8b353e891a03eb38d5586b99dd545a82cd5eb4ec45fd25f51ce2f14"
"chess4","group1/chessPDF - Improved Boards/1 d4 2 c4 Complete White Repertoire/12 - Benoni Systems/00 - Complete Course Book.pdf","library/group1/chessPDF - Improved Boards/1 d4 2 c4 Complete White Repertoire/12 - Benoni Systems/00 - Complete Course Book.pdf","2882299","52ca73fe921accf8a9bef382df14df8f11ee4e0761390cce044e56b5bbeb37a2","git","2882299","52ca73fe921accf8a9bef382df14df8f11ee4e0761390cce044e56b5bbeb37a2"
"chess4","group1/chessPDF - Improved Boards/1 d4 2 c4 Complete White Repertoire/12 - Benoni Systems/01 - Active Training Workbook.pdf","library/group1/chessPDF - Improved Boards/1 d4 2 c4 Complete White Repertoire/12 - Benoni Systems/01 - Active Training Workbook.pdf","2814075","dfc9521c8415530adf0a7af21fbf4311109626272146b2dba657d4ee49b6e95e","git","2814075","dfc9521c8415530adf0a7af21fbf4311109626272146b2dba657d4ee49b6e95e"
"chess4","group1/chessPDF - Improved Boards/1 d4 2 c4 Complete White Repertoire/13 - Benko Gambit/00 - Complete Course Book.pdf","library/group1/chessPDF - Improved Boards/1 d4 2 c4 Complete White Repertoire/13 - Benko Gambit/00 - Complete Course Book.pdf","3022779","1410fd42d4a6e5dd7ddc005e85388038ffc35281f2fe9ff93832f49d3a060e2c","git","3022779","1410fd42d4a6e5dd7ddc005e85388038ffc35281f2fe9ff93832f49d3a060e2c"
"chess4","group1/chessPDF - Improved Boards/1 d4 2 c4 Complete White Repertoire/13 - Benko Gambit/01 - Active Training Workbook.pdf","library/group1/chessPDF - Improved Boards/1 d4 2 c4 Complete White Repertoire/13 - Benko Gambit/01 - Active Training Workbook.pdf","2955170","efe92e0e751cc301c9462d9babacaceec4fd71ea81e6a23364b66a776742ff3d","git","2955170","efe92e0e751cc301c9462d9babacaceec4fd71ea81e6a23364b66a776742ff3d"
"chess4","group1/chessPDF - Improved Boards/1 d4 2 c4 Complete White Repertoire/14 - Dutch Defense/00 - Complete Course Book.pdf","library/group1/chessPDF - Improved Boards/1 d4 2 c4 Complete White Repertoire/14 - Dutch Defense/00 - Complete Course Book.pdf","3751300","0d71fe13ec2f7cafae675d1f3a315e4c52cd18e7682e27d9bb480a6c327a6224","git","3751300","0d71fe13ec2f7cafae675d1f3a315e4c52cd18e7682e27d9bb480a6c327a6224"
"chess4","group1/chessPDF - Improved Boards/1 d4 2 c4 Complete White Repertoire/14 - Dutch Defense/01 - Active Training Workbook.pdf","library/group1/chessPDF - Improved Boards/1 d4 2 c4 Complete White Repertoire/14 - Dutch Defense/01 - Active Training Workbook.pdf","3682364","6f4383a719c85e60176ecd6ed4a01c6fa8c5d853a0316f2cab133a6a87507404","git","3682364","6f4383a719c85e60176ecd6ed4a01c6fa8c5d853a0316f2cab133a6a87507404"
"chess4","group1/chessPDF - Improved Boards/1 d4 2 c4 Complete White Repertoire/15 - Rare Defenses/00 - Complete Course Book.pdf","library/group1/chessPDF - Improved Boards/1 d4 2 c4 Complete White Repertoire/15 - Rare Defenses/00 - Complete Course Book.pdf","3874310","77f5828010fee912233a088934163499f24f87d965a8dad9fc7f481d50b11661","git","3874310","77f5828010fee912233a088934163499f24f87d965a8dad9fc7f481d50b11661"
"chess4","group1/chessPDF - Improved Boards/1 d4 2 c4 Complete White Repertoire/15 - Rare Defenses/01 - Active Training Workbook.pdf","library/group1/chessPDF - Improved Boards/1 d4 2 c4 Complete White Repertoire/15 - Rare Defenses/01 - Active Training Workbook.pdf","3806460","dc4567dc37b0d15b27dcce6d4ac5304950d758b609ad5a8e1e708ab84ea0b3b6","git","3806460","dc4567dc37b0d15b27dcce6d4ac5304950d758b609ad5a8e1e708ab84ea0b3b6"
"chess4","group1/chessPDF - Improved Boards/1 d4 2 c4 Complete White Repertoire/16 - Repertoire Pawn Structures/00 - Complete Course Book.pdf","library/group1/chessPDF - Improved Boards/1 d4 2 c4 Complete White Repertoire/16 - Repertoire Pawn Structures/00 - Complete Course Book.pdf","3185366","5a2a976a458fcbbc0d5f419b1934433afae7b01f1833459e48393348937a28f5","git","3185366","5a2a976a458fcbbc0d5f419b1934433afae7b01f1833459e48393348937a28f5"
"chess4","group1/chessPDF - Improved Boards/1 d4 2 c4 Complete White Repertoire/16 - Repertoire Pawn Structures/01 - Active Training Workbook.pdf","library/group1/chessPDF - Improved Boards/1 d4 2 c4 Complete White Repertoire/16 - Repertoire Pawn Structures/01 - Active Training Workbook.pdf","3116441","52ec797124798ced050c4f331b9b48c06fbe2d19a831dcd29725e3dbb9fb3f7d","git","3116441","52ec797124798ced050c4f331b9b48c06fbe2d19a831dcd29725e3dbb9fb3f7d"
"chess4","group1/chessPDF - Improved Boards/1 d4 2 c4 Complete White Repertoire/17 - Middlegame Plans/00 - Complete Course Book.pdf","library/group1/chessPDF - Improved Boards/1 d4 2 c4 Complete White Repertoire/17 - Middlegame Plans/00 - Complete Course Book.pdf","3420341","ae287395bb3596bebda779fb6a4a7f747256963a0684897d8f826db388a81adf","git","3420341","ae287395bb3596bebda779fb6a4a7f747256963a0684897d8f826db388a81adf"
"chess4","group1/chessPDF - Improved Boards/1 d4 2 c4 Complete White Repertoire/17 - Middlegame Plans/01 - Active Training Workbook.pdf","library/group1/chessPDF - Improved Boards/1 d4 2 c4 Complete White Repertoire/17 - Middlegame Plans/01 - Active Training Workbook.pdf","3351512","78fe3067f903f7c078ff78a3f5c1f1ff0ebc0a458b28c01d92081181987fb245","git","3351512","78fe3067f903f7c078ff78a3f5c1f1ff0ebc0a458b28c01d92081181987fb245"
"chess4","group1/chessPDF - Improved Boards/1 d4 2 c4 Complete White Repertoire/18 - Tactics and Calculation/00 - Complete Course Book.pdf","library/group1/chessPDF - Improved Boards/1 d4 2 c4 Complete White Repertoire/18 - Tactics and Calculation/00 - Complete Course Book.pdf","3589906","ac33e61d3ed702230f68198b2a6cea8f05a95e7daccabf027c47978ffaddb94d","git","3589906","ac33e61d3ed702230f68198b2a6cea8f05a95e7daccabf027c47978ffaddb94d"
"chess4","group1/chessPDF - Improved Boards/1 d4 2 c4 Complete White Repertoire/18 - Tactics and Calculation/01 - Active Training Workbook.pdf","library/group1/chessPDF - Improved Boards/1 d4 2 c4 Complete White Repertoire/18 - Tactics and Calculation/01 - Active Training Workbook.pdf","3521277","5a9328f646851bccb9f5479d83f08be58303cda711f2d38ca8c074073ef78440","git","3521277","5a9328f646851bccb9f5479d83f08be58303cda711f2d38ca8c074073ef78440"
"chess4","group1/chessPDF - Improved Boards/1 d4 2 c4 Complete White Repertoire/19 - Endgames and Conversion/00 - Complete Course Book.pdf","library/group1/chessPDF - Improved Boards/1 d4 2 c4 Complete White Repertoire/19 - Endgames and Conversion/00 - Complete Course Book.pdf","3382299","9d9fefd617651459092a46ef766362a27fdd1c3752f7f62272039023f2dd3c81","git","3382299","9d9fefd617651459092a46ef766362a27fdd1c3752f7f62272039023f2dd3c81"
"chess4","group1/chessPDF - Improved Boards/1 d4 2 c4 Complete White Repertoire/19 - Endgames and Conversion/01 - Active Training Workbook.pdf","library/group1/chessPDF - Improved Boards/1 d4 2 c4 Complete White Repertoire/19 - Endgames and Conversion/01 - Active Training Workbook.pdf","3313452","dca7b499866c5fdaf70470541a777c8b0e7f6640ac3c3f97809f2bb6b6742bb1","git","3313452","dca7b499866c5fdaf70470541a777c8b0e7f6640ac3c3f97809f2bb6b6742bb1"
"chess4","group1/chessPDF - Improved Boards/1 d4 2 c4 Complete White Repertoire/20 - Theory Training/00 - Complete Course Book.pdf","library/group1/chessPDF - Improved Boards/1 d4 2 c4 Complete White Repertoire/20 - Theory Training/00 - Complete Course Book.pdf","3199562","2b35cdabeddb39c726641b80817b7c3be181b55a3ac28b309cb522a714235154","git","3199562","2b35cdabeddb39c726641b80817b7c3be181b55a3ac28b309cb522a714235154"
"chess4","group1/chessPDF - Improved Boards/1 d4 2 c4 Complete White Repertoire/20 - Theory Training/01 - Active Training Workbook.pdf","library/group1/chessPDF - Improved Boards/1 d4 2 c4 Complete White Repertoire/20 - Theory Training/01 - Active Training Workbook.pdf","3130575","c8c6235b061e7c302f0c6d0f3343c95f8b93789e289322ede20c2a4c574b31a1","git","3130575","c8c6235b061e7c302f0c6d0f3343c95f8b93789e289322ede20c2a4c574b31a1"
"chess4","group1/chessPDF - Improved Boards/12 - Italian Game/00 - Complete Course Book.pdf","library/group1/chessPDF - Improved Boards/12 - Italian Game/00 - Complete Course Book.pdf","5422718","b1da8756910dcd77dfe938f40bcd048f55613150b6fce381d4f1337f97fdac24","git","5422718","b1da8756910dcd77dfe938f40bcd048f55613150b6fce381d4f1337f97fdac24"
"chess4","group1/chessPDF - Improved Boards/12 - Italian Game/01 - Active Training Workbook.pdf","library/group1/chessPDF - Improved Boards/12 - Italian Game/01 - Active Training Workbook.pdf","5324313","3d8da3aae1650951833e5ad909ccb2b75edc3a04671df1bbd486bd87df7a0ad7","git","5324313","3d8da3aae1650951833e5ad909ccb2b75edc3a04671df1bbd486bd87df7a0ad7"
"chess4","group1/chessPDF - Improved Boards/13 - Scotch Game/00 - Complete Course Book.pdf","library/group1/chessPDF - Improved Boards/13 - Scotch Game/00 - Complete Course Book.pdf","2898513","b01aec40ea869a0b8fcedadef30afe014f421d204af90924dc6561b2bd28fc61","git","2898513","b01aec40ea869a0b8fcedadef30afe014f421d204af90924dc6561b2bd28fc61"
"chess4","group1/chessPDF - Improved Boards/13 - Scotch Game/01 - Active Training Workbook.pdf","library/group1/chessPDF - Improved Boards/13 - Scotch Game/01 - Active Training Workbook.pdf","2828967","4239cbc366e53a312365cac0f9e9db3a250acb3e635361026f4053eb8c425d7b","git","2828967","4239cbc366e53a312365cac0f9e9db3a250acb3e635361026f4053eb8c425d7b"
"chess4","group1/chessPDF - Improved Boards/14 - English Opening/00 - Complete Course Book.pdf","library/group1/chessPDF - Improved Boards/14 - English Opening/00 - Complete Course Book.pdf","3735051","c0b38b74a596eb39468efc929334b963646b9dc6d5b4c6388f836ed47c020114","git","3735051","c0b38b74a596eb39468efc929334b963646b9dc6d5b4c6388f836ed47c020114"
"chess4","group1/chessPDF - Improved Boards/14 - English Opening/01 - Active Training Workbook.pdf","library/group1/chessPDF - Improved Boards/14 - English Opening/01 - Active Training Workbook.pdf","3665875","7e67573c05491255d33d398d9c311d979f894a6dc37ba97c284986e826950ac2","git","3665875","7e67573c05491255d33d398d9c311d979f894a6dc37ba97c284986e826950ac2"
"chess4","group1/chessPDF - Improved Boards/15 - Catalan Opening/00 - Complete Course Book.pdf","library/group1/chessPDF - Improved Boards/15 - Catalan Opening/00 - Complete Course Book.pdf","3133412","c4529013f1ebccbcc59796b9a570870c22e798d86c504e30a23ace3db762c7fd","git","3133412","c4529013f1ebccbcc59796b9a570870c22e798d86c504e30a23ace3db762c7fd"
"chess4","group1/chessPDF - Improved Boards/15 - Catalan Opening/01 - Active Training Workbook.pdf","library/group1/chessPDF - Improved Boards/15 - Catalan Opening/01 - Active Training Workbook.pdf","3064164","6766a066af088db000cc66bd29f012d8950e56687726209bb42f55de4e0acd5b","git","3064164","6766a066af088db000cc66bd29f012d8950e56687726209bb42f55de4e0acd5b"
"chess4","group1/chessPDF - Improved Boards/16 - French Defense/00 - Complete Course Book.pdf","library/group1/chessPDF - Improved Boards/16 - French Defense/00 - Complete Course Book.pdf","5963044","23319c8fecf11fb0d1898f6f221b97d1464b9566f5508258ddd3021fe56ec8c4","git","5963044","23319c8fecf11fb0d1898f6f221b97d1464b9566f5508258ddd3021fe56ec8c4"
"chess4","group1/chessPDF - Improved Boards/16 - French Defense/01 - Active Training Workbook.pdf","library/group1/chessPDF - Improved Boards/16 - French Defense/01 - Active Training Workbook.pdf","5863976","94ba0c3fc7e4afaad5e1a2473b92cf67faae8edafa53edc60eec748759570614","git","5863976","94ba0c3fc7e4afaad5e1a2473b92cf67faae8edafa53edc60eec748759570614"
"chess4","group1/chessPDF - Improved Boards/17 - Scandinavian Defense/00 - Complete Course Book.pdf","library/group1/chessPDF - Improved Boards/17 - Scandinavian Defense/00 - Complete Course Book.pdf","5604027","855766be81220c7c68f0ea3400f7ad6e5836ac7bcbd05bbd70dde648789f2b5a","git","5604027","855766be81220c7c68f0ea3400f7ad6e5836ac7bcbd05bbd70dde648789f2b5a"
"chess4","group1/chessPDF - Improved Boards/17 - Scandinavian Defense/01 - Active Training Workbook.pdf","library/group1/chessPDF - Improved Boards/17 - Scandinavian Defense/01 - Active Training Workbook.pdf","5505615","663a9474ec8a0209a79aa12f7467c5cd5884101ce43526f03e156e13b20ec424","git","5505615","663a9474ec8a0209a79aa12f7467c5cd5884101ce43526f03e156e13b20ec424"
"chess4","group1/chessPDF - Improved Boards/18 - Bishops Opening/00 - Complete Course Book.pdf","library/group1/chessPDF - Improved Boards/18 - Bishops Opening/00 - Complete Course Book.pdf","5501091","36405b77e79cfc8d4443997f8fde9c3734ced732346941a6da75dca5afc302fa","git","5501091","36405b77e79cfc8d4443997f8fde9c3734ced732346941a6da75dca5afc302fa"
"chess4","group1/chessPDF - Improved Boards/18 - Bishops Opening/01 - Active Training Workbook.pdf","library/group1/chessPDF - Improved Boards/18 - Bishops Opening/01 - Active Training Workbook.pdf","5402577","1cac828387dd48706ed7d1b2f0bcdf7b27e9cb967965258b3dca5fc5be7a3a22","git","5402577","1cac828387dd48706ed7d1b2f0bcdf7b27e9cb967965258b3dca5fc5be7a3a22"
"chess4","group1/chessPDF - Improved Boards/19 - Slav and Semi-Slav/00 - Complete Course Book.pdf","library/group1/chessPDF - Improved Boards/19 - Slav and Semi-Slav/00 - Complete Course Book.pdf","3404259","318c2088ac92015a9e2e5fd5cd5fa49a006a9ba4d12ae8967afdd1ea18428906","git","3404259","318c2088ac92015a9e2e5fd5cd5fa49a006a9ba4d12ae8967afdd1ea18428906"
"chess4","group1/chessPDF - Improved Boards/19 - Slav and Semi-Slav/01 - Active Training Workbook.pdf","library/group1/chessPDF - Improved Boards/19 - Slav and Semi-Slav/01 - Active Training Workbook.pdf","3339514","a534bdd88e4d9900b96c90bf197669eee68da48e20e286858513e2b637a560c6","git","3339514","a534bdd88e4d9900b96c90bf197669eee68da48e20e286858513e2b637a560c6"
"chess4","group1/chessPDF - Improved Boards/20 - QGD for Black/00 - Complete Course Book.pdf","library/group1/chessPDF - Improved Boards/20 - QGD for Black/00 - Complete Course Book.pdf","3719451","b8cd8576b32f261f58efd4b47c5f87b30ddfba2d11cd81d1394ac3e051bbe582","git","3719451","b8cd8576b32f261f58efd4b47c5f87b30ddfba2d11cd81d1394ac3e051bbe582"
"chess4","group1/chessPDF - Improved Boards/20 - QGD for Black/01 - Active Training Workbook.pdf","library/group1/chessPDF - Improved Boards/20 - QGD for Black/01 - Active Training Workbook.pdf","3647862","c69ad818f40c93c458cb03134a1b2030c904c154f396a86206e3d51f2a386d03","git","3647862","c69ad818f40c93c458cb03134a1b2030c904c154f396a86206e3d51f2a386d03"
"chess4","group1/chessPDF - Improved Boards/21 - Nimzo-Indian Defense/00 - Complete Course Book.pdf","library/group1/chessPDF - Improved Boards/21 - Nimzo-Indian Defense/00 - Complete Course Book.pdf","2658272","4482058292c96b7ebf994dce1ac32a7c741de1bc50440641fde121869842cae6","git","2658272","4482058292c96b7ebf994dce1ac32a7c741de1bc50440641fde121869842cae6"
"chess4","group1/chessPDF - Improved Boards/21 - Nimzo-Indian Defense/01 - Active Training Workbook.pdf","library/group1/chessPDF - Improved Boards/21 - Nimzo-Indian Defense/01 - Active Training Workbook.pdf","2588898","360db53f174ca75dcd820aed79b5e65583366d73d749d4c0e7b8dad2afdff165","git","2588898","360db53f174ca75dcd820aed79b5e65583366d73d749d4c0e7b8dad2afdff165"
"chess4","group1/chessPDF - Improved Boards/22 - Queens Indian Defense/00 - Complete Course Book.pdf","library/group1/chessPDF - Improved Boards/22 - Queens Indian Defense/00 - Complete Course Book.pdf","2871891","faf4ee54975f88a037553028f7ce7200cf044e14bb3bc1d8f5c4b8095f5fba5e","git","2871891","faf4ee54975f88a037553028f7ce7200cf044e14bb3bc1d8f5c4b8095f5fba5e"
"chess4","group1/chessPDF - Improved Boards/22 - Queens Indian Defense/01 - Active Training Workbook.pdf","library/group1/chessPDF - Improved Boards/22 - Queens Indian Defense/01 - Active Training Workbook.pdf","2803144","8f440adbde925b74a093c4b57448811e1ba870cbda76593e12fa15a45270385a","git","2803144","8f440adbde925b74a093c4b57448811e1ba870cbda76593e12fa15a45270385a"
"chess4","group1/chessPDF - Improved Boards/23 - Gruenfeld Defense/00 - Complete Course Book.pdf","library/group1/chessPDF - Improved Boards/23 - Gruenfeld Defense/00 - Complete Course Book.pdf","2812341","b0d41a66018a61e7ba2fb84e2ba76d9b9339333ec51f558f75823a4471092156","git","2812341","b0d41a66018a61e7ba2fb84e2ba76d9b9339333ec51f558f75823a4471092156"
"chess4","group1/chessPDF - Improved Boards/23 - Gruenfeld Defense/01 - Active Training Workbook.pdf","library/group1/chessPDF - Improved Boards/23 - Gruenfeld Defense/01 - Active Training Workbook.pdf","2743734","0d765ec14004a7adf7e7acaacd64d15b7f9d480d610fa0b2b3c6bc7a1418e833","git","2743734","0d765ec14004a7adf7e7acaacd64d15b7f9d480d610fa0b2b3c6bc7a1418e833"
"chess4","group1/chessPDF - Improved Boards/24 - Pirc and Modern Defense/00 - Complete Course Book.pdf","library/group1/chessPDF - Improved Boards/24 - Pirc and Modern Defense/00 - Complete Course Book.pdf","4085408","44756f10b828d5d0ecdc313f43d6e83498b0c041e851b64bcb30006e9827c8a1","git","4085408","44756f10b828d5d0ecdc313f43d6e83498b0c041e851b64bcb30006e9827c8a1"
"chess4","group1/chessPDF - Improved Boards/24 - Pirc and Modern Defense/01 - Active Training Workbook.pdf","library/group1/chessPDF - Improved Boards/24 - Pirc and Modern Defense/01 - Active Training Workbook.pdf","4016346","9a7f02cc274811868a4b31993318ef3bccc927fb3fb51d908ab521996b3250d6","git","4016346","9a7f02cc274811868a4b31993318ef3bccc927fb3fb51d908ab521996b3250d6"
"chess4","group1/chessPDF - Improved Boards/25 - Petroff Defense/00 - Complete Course Book.pdf","library/group1/chessPDF - Improved Boards/25 - Petroff Defense/00 - Complete Course Book.pdf","2559574","a36ce6818f16b3460378bf0a88c3c17171ce16f10b244964f5425eb8a40e5cb6","git","2559574","a36ce6818f16b3460378bf0a88c3c17171ce16f10b244964f5425eb8a40e5cb6"
"chess4","group1/chessPDF - Improved Boards/25 - Petroff Defense/01 - Active Training Workbook.pdf","library/group1/chessPDF - Improved Boards/25 - Petroff Defense/01 - Active Training Workbook.pdf","2490605","ae4a7164e46d5d06af2f2bbda4177804a7d477c1f5a864bc1295860a7ba2cbdf","git","2490605","ae4a7164e46d5d06af2f2bbda4177804a7d477c1f5a864bc1295860a7ba2cbdf"
"chess4","group1/chessPDF - Improved Boards/26 - Dutch Defense/00 - Complete Course Book.pdf","library/group1/chessPDF - Improved Boards/26 - Dutch Defense/00 - Complete Course Book.pdf","3760821","30e4c9faad549543c0844e9ba4c1a39132b17e868e1af3adad2dd2f7ecbf9c6a","git","3760821","30e4c9faad549543c0844e9ba4c1a39132b17e868e1af3adad2dd2f7ecbf9c6a"
"chess4","group1/chessPDF - Improved Boards/26 - Dutch Defense/01 - Active Training Workbook.pdf","library/group1/chessPDF - Improved Boards/26 - Dutch Defense/01 - Active Training Workbook.pdf","3691915","9128885fd8be7e463c46fcfa8606fdd2659be36a5e911842b009ad48c39ffc80","git","3691915","9128885fd8be7e463c46fcfa8606fdd2659be36a5e911842b009ad48c39ffc80"
"chess4","group1/chessPDF - Improved Boards/Course Library Index.txt","library/group1/chessPDF - Improved Boards/Course Library Index.txt","2661","d6c5ef9eb8527bd1815f75d479b3e6b1e3b9c9ab66db9e4a5e210ff29835b9e0","git","2661","d6c5ef9eb8527bd1815f75d479b3e6b1e3b9c9ab66db9e4a5e210ff29835b9e0"
"chess4","group1/chessPDF - Improved Boards/Library QA.txt","library/group1/chessPDF - Improved Boards/Library QA.txt","797","66adca8743b9b80626e682fb9eb3df0e2f30055beb30b3087d189c7cf79f6504","git","797","66adca8743b9b80626e682fb9eb3df0e2f30055beb30b3087d189c7cf79f6504"
"chess4","group1/Top 10 Openings Grandmasters Rely On - Ranked Study/Top_10_Openings_Grandmasters_Rely_On_Ranked_Study.pdf","library/group1/Top 10 Openings Grandmasters Rely On - Ranked Study/Top_10_Openings_Grandmasters_Rely_On_Ranked_Study.pdf","331894","bee90f66ad39c1c9c902f342516309fbe4afd7b1309ca00ffdac54b21340fa31","git","331894","bee90f66ad39c1c9c902f342516309fbe4afd7b1309ca00ffdac54b21340fa31"
"chess4","group1/Top 50 Chess Opening Courses/01_Italian_Game/Italian_Game_Course.pdf","library/group1/Top 50 Chess Opening Courses/01_Italian_Game/Italian_Game_Course.pdf","219142","ada52d48e6f242cb751b23a1ced21f4cf207f92feb0ddf68da8e6b28fab06a24","git","219142","ada52d48e6f242cb751b23a1ced21f4cf207f92feb0ddf68da8e6b28fab06a24"
"chess4","group1/Top 50 Chess Opening Courses/02_Ruy_Lopez/Ruy_Lopez_Course.pdf","library/group1/Top 50 Chess Opening Courses/02_Ruy_Lopez/Ruy_Lopez_Course.pdf","219699","b23c0c96f87489b5fc06f6693d88281455deac5544eaffa6466a2f31ac1d3e1b","git","219699","b23c0c96f87489b5fc06f6693d88281455deac5544eaffa6466a2f31ac1d3e1b"
"chess4","group1/Top 50 Chess Opening Courses/03_Scotch_Game/Scotch_Game_Course.pdf","library/group1/Top 50 Chess Opening Courses/03_Scotch_Game/Scotch_Game_Course.pdf","218972","cd1e9519eaa1fd78efd4daebb72b046341cd914937ac34472bbc01cb950c8638","git","218972","cd1e9519eaa1fd78efd4daebb72b046341cd914937ac34472bbc01cb950c8638"
"chess4","group1/Top 50 Chess Opening Courses/04_Four_Knights_Game/Four_Knights_Game_Course.pdf","library/group1/Top 50 Chess Opening Courses/04_Four_Knights_Game/Four_Knights_Game_Course.pdf","219456","55c6bb6c4a9697ef2a562e9a1ed4c6533b188f1f92ebe92cba1264b32978b53b","git","219456","55c6bb6c4a9697ef2a562e9a1ed4c6533b188f1f92ebe92cba1264b32978b53b"
"chess4","group1/Top 50 Chess Opening Courses/05_Vienna_Game/Vienna_Game_Course.pdf","library/group1/Top 50 Chess Opening Courses/05_Vienna_Game/Vienna_Game_Course.pdf","219258","63a0c4dd5739c17168d04aa068fa2b4b40269972af6087f75ad06ae9442df875","git","219258","63a0c4dd5739c17168d04aa068fa2b4b40269972af6087f75ad06ae9442df875"
"chess4","group1/Top 50 Chess Opening Courses/06_Kings_Gambit/Kings_Gambit_Course.pdf","library/group1/Top 50 Chess Opening Courses/06_Kings_Gambit/Kings_Gambit_Course.pdf","219694","3c4c68567b47273021cbd119533aa424f81c24088818d358907e75360647ca56","git","219694","3c4c68567b47273021cbd119533aa424f81c24088818d358907e75360647ca56"
"chess4","group1/Top 50 Chess Opening Courses/07_Petrov_Defense/Petrov_Defense_Course.pdf","library/group1/Top 50 Chess Opening Courses/07_Petrov_Defense/Petrov_Defense_Course.pdf","219676","72d1ccb29bd597c939dc8e05fd3b07f437d3dc304791df7bc6fd689a454bc38b","git","219676","72d1ccb29bd597c939dc8e05fd3b07f437d3dc304791df7bc6fd689a454bc38b"
"chess4","group1/Top 50 Chess Opening Courses/08_Philidor_Defense/Philidor_Defense_Course.pdf","library/group1/Top 50 Chess Opening Courses/08_Philidor_Defense/Philidor_Defense_Course.pdf","219385","31380aa63bf0e8bb229b2d0fbd8d5edd8e7066ed1218daabe75c17c1c002ad33","git","219385","31380aa63bf0e8bb229b2d0fbd8d5edd8e7066ed1218daabe75c17c1c002ad33"
"chess4","group1/Top 50 Chess Opening Courses/09_Scandinavian_Defense/Scandinavian_Defense_Course.pdf","library/group1/Top 50 Chess Opening Courses/09_Scandinavian_Defense/Scandinavian_Defense_Course.pdf","219629","1b03128af99734cb50a65d466535180d0ec5e33a156e5b61de4ed87e8c257c09","git","219629","1b03128af99734cb50a65d466535180d0ec5e33a156e5b61de4ed87e8c257c09"
"chess4","group1/Top 50 Chess Opening Courses/10_French_Defense/French_Defense_Course.pdf","library/group1/Top 50 Chess Opening Courses/10_French_Defense/French_Defense_Course.pdf","219601","9d61a55fe2d55938dbab793ad7e159e1ac7b3a42a98e0e9aa0e5bedf67cd49e9","git","219601","9d61a55fe2d55938dbab793ad7e159e1ac7b3a42a98e0e9aa0e5bedf67cd49e9"
"chess4","group1/Top 50 Chess Opening Courses/11_Caro_Kann_Defense/Caro_Kann_Defense_Course.pdf","library/group1/Top 50 Chess Opening Courses/11_Caro_Kann_Defense/Caro_Kann_Defense_Course.pdf","219693","3c0c1b95febf3187fd0886a2382894671ec027536c8d6b776db96c8370373983","git","219693","3c0c1b95febf3187fd0886a2382894671ec027536c8d6b776db96c8370373983"
"chess4","group1/Top 50 Chess Opening Courses/12_Open_Sicilian/Open_Sicilian_Course.pdf","library/group1/Top 50 Chess Opening Courses/12_Open_Sicilian/Open_Sicilian_Course.pdf","219470","8b5107e7c8365ba8a1afe34f3971083f87368af0ec2d6ba2c3d758d167d814f6","git","219470","8b5107e7c8365ba8a1afe34f3971083f87368af0ec2d6ba2c3d758d167d814f6"
"chess4","group1/Top 50 Chess Opening Courses/13_Sicilian_Najdorf/Sicilian_Najdorf_Course.pdf","library/group1/Top 50 Chess Opening Courses/13_Sicilian_Najdorf/Sicilian_Najdorf_Course.pdf","219494","35efe9a5031aed61ebda358fa9609c0eadfe4c66befdad0038712acb63ffc21a","git","219494","35efe9a5031aed61ebda358fa9609c0eadfe4c66befdad0038712acb63ffc21a"
"chess4","group1/Top 50 Chess Opening Courses/14_Sicilian_Dragon/Sicilian_Dragon_Course.pdf","library/group1/Top 50 Chess Opening Courses/14_Sicilian_Dragon/Sicilian_Dragon_Course.pdf","219435","489a08b5cb0f3f1b2ee93ac47eee36214384ba754820bb403a489ee54a4b87be","git","219435","489a08b5cb0f3f1b2ee93ac47eee36214384ba754820bb403a489ee54a4b87be"
"chess4","group1/Top 50 Chess Opening Courses/15_Classical_Sicilian/Classical_Sicilian_Course.pdf","library/group1/Top 50 Chess Opening Courses/15_Classical_Sicilian/Classical_Sicilian_Course.pdf","219587","7b0dbd3f6547a3a407f31b90dae5cd6f4c38bbbcd6c257dcfcd4c0acd25087bc","git","219587","7b0dbd3f6547a3a407f31b90dae5cd6f4c38bbbcd6c257dcfcd4c0acd25087bc"
"chess4","group1/Top 50 Chess Opening Courses/16_Sicilian_Scheveningen/Sicilian_Scheveningen_Course.pdf","library/group1/Top 50 Chess Opening Courses/16_Sicilian_Scheveningen/Sicilian_Scheveningen_Course.pdf","219573","dce30b124f2dc296a6a61977cd39399333308e1cea381a9319c3c59b558d8e45","git","219573","dce30b124f2dc296a6a61977cd39399333308e1cea381a9319c3c59b558d8e45"
"chess4","group1/Top 50 Chess Opening Courses/17_Accelerated_Dragon/Accelerated_Dragon_Course.pdf","library/group1/Top 50 Chess Opening Courses/17_Accelerated_Dragon/Accelerated_Dragon_Course.pdf","219567","972ece16aa8fc9866800ff527e56594488b79396897485391a80e91bb1bf0bc6","git","219567","972ece16aa8fc9866800ff527e56594488b79396897485391a80e91bb1bf0bc6"
"chess4","group1/Top 50 Chess Opening Courses/18_Sicilian_Taimanov/Sicilian_Taimanov_Course.pdf","library/group1/Top 50 Chess Opening Courses/18_Sicilian_Taimanov/Sicilian_Taimanov_Course.pdf","219486","57fcf768c2da1140a859ef8c0c5351cbde19da7e0607663ea9f3de59dbb6c8f7","git","219486","57fcf768c2da1140a859ef8c0c5351cbde19da7e0607663ea9f3de59dbb6c8f7"
"chess4","group1/Top 50 Chess Opening Courses/19_Sicilian_Kan/Sicilian_Kan_Course.pdf","library/group1/Top 50 Chess Opening Courses/19_Sicilian_Kan/Sicilian_Kan_Course.pdf","219417","7c7d703343f1608396d7f07f55eb4b359cfbf675ccc17c1c86040ced37702bbd","git","219417","7c7d703343f1608396d7f07f55eb4b359cfbf675ccc17c1c86040ced37702bbd"
"chess4","group1/Top 50 Chess Opening Courses/20_Sicilian_Sveshnikov/Sicilian_Sveshnikov_Course.pdf","library/group1/Top 50 Chess Opening Courses/20_Sicilian_Sveshnikov/Sicilian_Sveshnikov_Course.pdf","219568","414adacbe8f68b8b254a1571f40fc2630b18d45ad7ea8f9a8c2132ab2080a39c","git","219568","414adacbe8f68b8b254a1571f40fc2630b18d45ad7ea8f9a8c2132ab2080a39c"
"chess4","group1/Top 50 Chess Opening Courses/21_Sicilian_Alapin/Sicilian_Alapin_Course.pdf","library/group1/Top 50 Chess Opening Courses/21_Sicilian_Alapin/Sicilian_Alapin_Course.pdf","219440","43e7342135292da129d4574ab49ec0dbae559031eb489bcb359830a5f916609e","git","219440","43e7342135292da129d4574ab49ec0dbae559031eb489bcb359830a5f916609e"
"chess4","group1/Top 50 Chess Opening Courses/22_Closed_Sicilian/Closed_Sicilian_Course.pdf","library/group1/Top 50 Chess Opening Courses/22_Closed_Sicilian/Closed_Sicilian_Course.pdf","219570","dcd9950e15f60220faf1aa7da9c225e78eb89243f60b0f9ef4282322ff9294e9","git","219570","dcd9950e15f60220faf1aa7da9c225e78eb89243f60b0f9ef4282322ff9294e9"
"chess4","group1/Top 50 Chess Opening Courses/23_Grand_Prix_Attack/Grand_Prix_Attack_Course.pdf","library/group1/Top 50 Chess Opening Courses/23_Grand_Prix_Attack/Grand_Prix_Attack_Course.pdf","219381","a239ed588e5a09fc558a7085eaa93a104f34e2f8568c487318c3175d7e76ee75","git","219381","a239ed588e5a09fc558a7085eaa93a104f34e2f8568c487318c3175d7e76ee75"
"chess4","group1/Top 50 Chess Opening Courses/24_Smith_Morra_Gambit/Smith_Morra_Gambit_Course.pdf","library/group1/Top 50 Chess Opening Courses/24_Smith_Morra_Gambit/Smith_Morra_Gambit_Course.pdf","219315","15da7ae3414f0844546fe49de18dece863f4eb451eca93ea01b92bf362480d7b","git","219315","15da7ae3414f0844546fe49de18dece863f4eb451eca93ea01b92bf362480d7b"
"chess4","group1/Top 50 Chess Opening Courses/25_Pirc_Defense/Pirc_Defense_Course.pdf","library/group1/Top 50 Chess Opening Courses/25_Pirc_Defense/Pirc_Defense_Course.pdf","219695","e580bd8ba0e14d63b563c9b88f806a617e98ae9eeb132274378d88989ca1cbff","git","219695","e580bd8ba0e14d63b563c9b88f806a617e98ae9eeb132274378d88989ca1cbff"
"chess4","group1/Top 50 Chess Opening Courses/26_Modern_Defense/Modern_Defense_Course.pdf","library/group1/Top 50 Chess Opening Courses/26_Modern_Defense/Modern_Defense_Course.pdf","219615","7f5b7feb9cf7f25d27784fdba4ea079adf07273cbd6122bd720c939d974c6325","git","219615","7f5b7feb9cf7f25d27784fdba4ea079adf07273cbd6122bd720c939d974c6325"
"chess4","group1/Top 50 Chess Opening Courses/27_Alekhine_Defense/Alekhine_Defense_Course.pdf","library/group1/Top 50 Chess Opening Courses/27_Alekhine_Defense/Alekhine_Defense_Course.pdf","219619","07eca82df8d34371d80f9306533d96f2d139aed7fa85bbd0143de96f480d1856","git","219619","07eca82df8d34371d80f9306533d96f2d139aed7fa85bbd0143de96f480d1856"
"chess4","group1/Top 50 Chess Opening Courses/28_Queens_Gambit/Queens_Gambit_Course.pdf","library/group1/Top 50 Chess Opening Courses/28_Queens_Gambit/Queens_Gambit_Course.pdf","219601","79753f26f20ff150ea3fcd6c8aea53224d79946039c54f56f8ecf18bb89fe321","git","219601","79753f26f20ff150ea3fcd6c8aea53224d79946039c54f56f8ecf18bb89fe321"
"chess4","group1/Top 50 Chess Opening Courses/29_Queens_Gambit_Declined/Queens_Gambit_Declined_Course.pdf","library/group1/Top 50 Chess Opening Courses/29_Queens_Gambit_Declined/Queens_Gambit_Declined_Course.pdf","219750","1d1e9cd5c80eaa59654a38dbe76bbf950ed48a84aa1e801d6cb05945ad08839f","git","219750","1d1e9cd5c80eaa59654a38dbe76bbf950ed48a84aa1e801d6cb05945ad08839f"
"chess4","group1/Top 50 Chess Opening Courses/30_Slav_Defense/Slav_Defense_Course.pdf","library/group1/Top 50 Chess Opening Courses/30_Slav_Defense/Slav_Defense_Course.pdf","219446","b1a29b3de9260c6ca33587cfb31cba1c49ace22193b1e10790cdb978129a6e52","git","219446","b1a29b3de9260c6ca33587cfb31cba1c49ace22193b1e10790cdb978129a6e52"
"chess4","group1/Top 50 Chess Opening Courses/31_Semi_Slav_Defense/Semi_Slav_Defense_Course.pdf","library/group1/Top 50 Chess Opening Courses/31_Semi_Slav_Defense/Semi_Slav_Defense_Course.pdf","219748","e0e75f598176f2be5d995a7ed8bede9171dbf871a6afaf455da50c7fcd833dc6","git","219748","e0e75f598176f2be5d995a7ed8bede9171dbf871a6afaf455da50c7fcd833dc6"
"chess4","group1/Top 50 Chess Opening Courses/32_Catalan_Opening/Catalan_Opening_Course.pdf","library/group1/Top 50 Chess Opening Courses/32_Catalan_Opening/Catalan_Opening_Course.pdf","219652","b03b0e9fcc611f0df03a24c6f251fa9ce1b6f2193b23cef7358f34b3d556a16c","git","219652","b03b0e9fcc611f0df03a24c6f251fa9ce1b6f2193b23cef7358f34b3d556a16c"
"chess4","group1/Top 50 Chess Opening Courses/33_Nimzo_Indian_Defense/Nimzo_Indian_Defense_Course.pdf","library/group1/Top 50 Chess Opening Courses/33_Nimzo_Indian_Defense/Nimzo_Indian_Defense_Course.pdf","219513","08e35d98fbc427c8608935a645ae72df274a536dc04c7b37afbe8de6ca38b863","git","219513","08e35d98fbc427c8608935a645ae72df274a536dc04c7b37afbe8de6ca38b863"
"chess4","group1/Top 50 Chess Opening Courses/34_Queens_Indian_Defense/Queens_Indian_Defense_Course.pdf","library/group1/Top 50 Chess Opening Courses/34_Queens_Indian_Defense/Queens_Indian_Defense_Course.pdf","219846","33ee70bd36532a50949e16526eaac259dbe864ea62b2a93054e3b2da2fa58d06","git","219846","33ee70bd36532a50949e16526eaac259dbe864ea62b2a93054e3b2da2fa58d06"
"chess4","group1/Top 50 Chess Opening Courses/35_Kings_Indian_Defense/Kings_Indian_Defense_Course.pdf","library/group1/Top 50 Chess Opening Courses/35_Kings_Indian_Defense/Kings_Indian_Defense_Course.pdf","219682","783ad6b2d34861f33767636434eb866c5ffbb48a661de20601b76160a36f832a","git","219682","783ad6b2d34861f33767636434eb866c5ffbb48a661de20601b76160a36f832a"
"chess4","group1/Top 50 Chess Opening Courses/36_Grunfeld_Defense/Grunfeld_Defense_Course.pdf","library/group1/Top 50 Chess Opening Courses/36_Grunfeld_Defense/Grunfeld_Defense_Course.pdf","219360","741cab93f02e7a8b4173755700466290b95b95be5de38c0d5ba31572aed73e4f","git","219360","741cab93f02e7a8b4173755700466290b95b95be5de38c0d5ba31572aed73e4f"
"chess4","group1/Top 50 Chess Opening Courses/37_Modern_Benoni/Modern_Benoni_Course.pdf","library/group1/Top 50 Chess Opening Courses/37_Modern_Benoni/Modern_Benoni_Course.pdf","219495","aa5ea459a7b7f56109619408b621171dcdf2b1431e36bba27747543f26614fc0","git","219495","aa5ea459a7b7f56109619408b621171dcdf2b1431e36bba27747543f26614fc0"
"chess4","group1/Top 50 Chess Opening Courses/38_Benko_Gambit/Benko_Gambit_Course.pdf","library/group1/Top 50 Chess Opening Courses/38_Benko_Gambit/Benko_Gambit_Course.pdf","219465","4841b5b3492d2ede760e6b65870ae375a835b6bdab98895c6f9a4c03a88f4e05","git","219465","4841b5b3492d2ede760e6b65870ae375a835b6bdab98895c6f9a4c03a88f4e05"
"chess4","group1/Top 50 Chess Opening Courses/39_Dutch_Defense/Dutch_Defense_Course.pdf","library/group1/Top 50 Chess Opening Courses/39_Dutch_Defense/Dutch_Defense_Course.pdf","220052","6311101a7c6174e04e9164aa82564e1a9df88a8055c4c94d4ed7df3801bfd381","git","220052","6311101a7c6174e04e9164aa82564e1a9df88a8055c4c94d4ed7df3801bfd381"
"chess4","group1/Top 50 Chess Opening Courses/40_English_Opening/English_Opening_Course.pdf","library/group1/Top 50 Chess Opening Courses/40_English_Opening/English_Opening_Course.pdf","219478","bf03ac99f6f41df89666905e4ac3ede819b576044d155e26a5d52dc34411669b","git","219478","bf03ac99f6f41df89666905e4ac3ede819b576044d155e26a5d52dc34411669b"
"chess4","group1/Top 50 Chess Opening Courses/41_Reti_Opening/Reti_Opening_Course.pdf","library/group1/Top 50 Chess Opening Courses/41_Reti_Opening/Reti_Opening_Course.pdf","219582","f10878d7959d00fdbb5ec250d0d3b11676fdcc121cc186d716216ebc81f18a37","git","219582","f10878d7959d00fdbb5ec250d0d3b11676fdcc121cc186d716216ebc81f18a37"
"chess4","group1/Top 50 Chess Opening Courses/42_London_System/London_System_Course.pdf","library/group1/Top 50 Chess Opening Courses/42_London_System/London_System_Course.pdf","219643","3deba95e5a3fa77dbde07e11e838a6cea66727a82460bd5443df26bf951990de","git","219643","3deba95e5a3fa77dbde07e11e838a6cea66727a82460bd5443df26bf951990de"
"chess4","group1/Top 50 Chess Opening Courses/43_Colle_System/Colle_System_Course.pdf","library/group1/Top 50 Chess Opening Courses/43_Colle_System/Colle_System_Course.pdf","219478","8144f4e8da533a4354dc5c939f0005912fa9e9ae96eca4323094423ac7a257a0","git","219478","8144f4e8da533a4354dc5c939f0005912fa9e9ae96eca4323094423ac7a257a0"
"chess4","group1/Top 50 Chess Opening Courses/44_Trompowsky_Attack/Trompowsky_Attack_Course.pdf","library/group1/Top 50 Chess Opening Courses/44_Trompowsky_Attack/Trompowsky_Attack_Course.pdf","219686","7665e109189cfb936c41671d87e23d5385f5eaa43e81c6eb69a857487810673e","git","219686","7665e109189cfb936c41671d87e23d5385f5eaa43e81c6eb69a857487810673e"
"chess4","group1/Top 50 Chess Opening Courses/45_Jobava_London_System/Jobava_London_System_Course.pdf","library/group1/Top 50 Chess Opening Courses/45_Jobava_London_System/Jobava_London_System_Course.pdf","219768","12954b8c4aaf8edf03bab413f2423a6daf3005292c6287892e384c94691fe8f5","git","219768","12954b8c4aaf8edf03bab413f2423a6daf3005292c6287892e384c94691fe8f5"
"chess4","group1/Top 50 Chess Opening Courses/46_Stonewall_Attack/Stonewall_Attack_Course.pdf","library/group1/Top 50 Chess Opening Courses/46_Stonewall_Attack/Stonewall_Attack_Course.pdf","219899","05d9478a16f8e1f3d07997a3d6238dee0fba6a1a8030a4dc77768b760d522044","git","219899","05d9478a16f8e1f3d07997a3d6238dee0fba6a1a8030a4dc77768b760d522044"
"chess4","group1/Top 50 Chess Opening Courses/47_Torre_Attack/Torre_Attack_Course.pdf","library/group1/Top 50 Chess Opening Courses/47_Torre_Attack/Torre_Attack_Course.pdf","219693","20720ede82c7c12289c16ac15d4b700a6d06ad36b097e77a563c953243c5508e","git","219693","20720ede82c7c12289c16ac15d4b700a6d06ad36b097e77a563c953243c5508e"
"chess4","group1/Top 50 Chess Opening Courses/48_Blackmar_Diemer_Gambit/Blackmar_Diemer_Gambit_Course.pdf","library/group1/Top 50 Chess Opening Courses/48_Blackmar_Diemer_Gambit/Blackmar_Diemer_Gambit_Course.pdf","219524","78976a34d08e75603701c2b4200fd6d293b56ce4bca2eea74f8ecf6ed82ea278","git","219524","78976a34d08e75603701c2b4200fd6d293b56ce4bca2eea74f8ecf6ed82ea278"
"chess4","group1/Top 50 Chess Opening Courses/49_Bird_Opening/Bird_Opening_Course.pdf","library/group1/Top 50 Chess Opening Courses/49_Bird_Opening/Bird_Opening_Course.pdf","219832","fd89a3e2a1466271e56750d7ff9d9dfc3c6716e5617af64491dae55b555f0e21","git","219832","fd89a3e2a1466271e56750d7ff9d9dfc3c6716e5617af64491dae55b555f0e21"
"chess4","group1/Top 50 Chess Opening Courses/50_Kings_Indian_Attack/Kings_Indian_Attack_Course.pdf","library/group1/Top 50 Chess Opening Courses/50_Kings_Indian_Attack/Kings_Indian_Attack_Course.pdf","220070","e3b1e15a6b43ad9cd5c0618c9f3e4507d8867d272674df3e337666653729697d","git","220070","e3b1e15a6b43ad9cd5c0618c9f3e4507d8867d272674df3e337666653729697d"
"chess4","group1/Top 50 Chess Opening Courses/COURSE_MANIFEST.csv","library/group1/Top 50 Chess Opening Courses/COURSE_MANIFEST.csv","9726","3539a0676e886c91289eb7424ff6980b7383f37af6ae41aeb3dcaef777a51e18","git","9726","3539a0676e886c91289eb7424ff6980b7383f37af6ae41aeb3dcaef777a51e18"
"chess4","group1/Top 50 Chess Opening Courses/START_HERE.txt","library/group1/Top 50 Chess Opening Courses/START_HERE.txt","4769","9c8c170705129d5cfb098f4773b8751c78209853077896fb0db402f0511d3953","git","4769","9c8c170705129d5cfb098f4773b8751c78209853077896fb0db402f0511d3953"
"chess4","pdf/1_d4_Complete_Course/00_START_HERE_course_map_and_foundations.pdf","library/pdf/1_d4_Complete_Course/00_START_HERE_course_map_and_foundations.pdf","96354","9a628ef54285ebb4ca82a50381955d4cbb0e264d9960de91b9211bb2753dde31","git","96354","9a628ef54285ebb4ca82a50381955d4cbb0e264d9960de91b9211bb2753dde31"
"chess4","pdf/1_d4_Complete_Course/01_Move_orders_and_when_NOT_to_play_c4.pdf","library/pdf/1_d4_Complete_Course/01_Move_orders_and_when_NOT_to_play_c4.pdf","93868","988f9e97ebec2de993bce0cde0949723358b2d84f729610d89cf67fce8c7a709","git","93868","988f9e97ebec2de993bce0cde0949723358b2d84f729610d89cf67fce8c7a709"
"chess4","pdf/1_d4_Complete_Course/02_Queen_s_Gambit_Declined_the_Exchange.pdf","library/pdf/1_d4_Complete_Course/02_Queen_s_Gambit_Declined_the_Exchange.pdf","107789","3853c86f6ec431c0a010664fabfe7ca07d928352bc03fad2bb3d258f463e16af","git","107789","3853c86f6ec431c0a010664fabfe7ca07d928352bc03fad2bb3d258f463e16af"
"chess4","pdf/1_d4_Complete_Course/03_QGD_alternatives_Ragozin_Vienna_and_early_deviations.pdf","library/pdf/1_d4_Complete_Course/03_QGD_alternatives_Ragozin_Vienna_and_early_deviations.pdf","114592","efbb5c90defd92381fe270e829f898f2739aafce97fc27ac2833bc288ad45e02","git","114592","efbb5c90defd92381fe270e829f898f2739aafce97fc27ac2833bc288ad45e02"
"chess4","pdf/1_d4_Complete_Course/04_Queen_s_Gambit_Accepted.pdf","library/pdf/1_d4_Complete_Course/04_Queen_s_Gambit_Accepted.pdf","106931","155b820aac455258e40fb3168a19d67d04b9c0571e751986843ef3a32857d8d2","git","106931","155b820aac455258e40fb3168a19d67d04b9c0571e751986843ef3a32857d8d2"
"chess4","pdf/1_d4_Complete_Course/05_The_Slav_Defense.pdf","library/pdf/1_d4_Complete_Course/05_The_Slav_Defense.pdf","110667","33c4c36f5d399db58f18b1ef3087f9caa94351c380237f64ee4ee126487a4803","git","110667","33c4c36f5d399db58f18b1ef3087f9caa94351c380237f64ee4ee126487a4803"
"chess4","pdf/1_d4_Complete_Course/06_The_Semi_Slav_e3_systems.pdf","library/pdf/1_d4_Complete_Course/06_The_Semi_Slav_e3_systems.pdf","107312","92d313d7e5b9a67872cd7aa83bfc09875566bc519426f98d85c630dcb4b9f127","git","107312","92d313d7e5b9a67872cd7aa83bfc09875566bc519426f98d85c630dcb4b9f127"
"chess4","pdf/1_d4_Complete_Course/07_Tarrasch_and_Semi_Tarrasch.pdf","library/pdf/1_d4_Complete_Course/07_Tarrasch_and_Semi_Tarrasch.pdf","103535","9eeb1260ccdb411d3e4460af0cb5a3fd0445c438fccbff373c4af6728943ae65","git","103535","9eeb1260ccdb411d3e4460af0cb5a3fd0445c438fccbff373c4af6728943ae65"
"chess4","pdf/1_d4_Complete_Course/08_Albin_Countergambit_a_complete_practical_answer.pdf","library/pdf/1_d4_Complete_Course/08_Albin_Countergambit_a_complete_practical_answer.pdf","111421","eedfb29a30778afc772f3cabb231b2350d20357cffb95e4872720a202ec9d2f6","git","111421","eedfb29a30778afc772f3cabb231b2350d20357cffb95e4872720a202ec9d2f6"
"chess4","pdf/1_d4_Complete_Course/09_The_Chigorin_Defense.pdf","library/pdf/1_d4_Complete_Course/09_The_Chigorin_Defense.pdf","103462","93a5f14d753e5fd2dff5338b4f3093c348fb07b8395e5e92fbc65714c8181183","git","103462","93a5f14d753e5fd2dff5338b4f3093c348fb07b8395e5e92fbc65714c8181183"
"chess4","pdf/1_d4_Complete_Course/10_Other_Queen_s_Gambit_counters.pdf","library/pdf/1_d4_Complete_Course/10_Other_Queen_s_Gambit_counters.pdf","106959","47e7f1c59b05ba9762b9201d0f67b8c688fdec1ed6377c78dc62da252fe8ff54","git","106959","47e7f1c59b05ba9762b9201d0f67b8c688fdec1ed6377c78dc62da252fe8ff54"
"chess4","pdf/1_d4_Complete_Course/11_Queen_s_Indian_the_g3_repertoire.pdf","library/pdf/1_d4_Complete_Course/11_Queen_s_Indian_the_g3_repertoire.pdf","103583","ca22ba9765e539de464408344ae72418f5e7079c134a55102427ecdedfb219d3","git","103583","ca22ba9765e539de464408344ae72418f5e7079c134a55102427ecdedfb219d3"
"chess4","pdf/1_d4_Complete_Course/12_Bogo_Indian_meet_the_check_with_Bd2.pdf","library/pdf/1_d4_Complete_Course/12_Bogo_Indian_meet_the_check_with_Bd2.pdf","103575","6c5774c7a7fdf933226a4eab5086327ba48703c32dd0a45b6cee7feac086b69e","git","103575","6c5774c7a7fdf933226a4eab5086327ba48703c32dd0a45b6cee7feac086b69e"
"chess4","pdf/1_d4_Complete_Course/13_Optional_expansion_the_Nimzo_Indian.pdf","library/pdf/1_d4_Complete_Course/13_Optional_expansion_the_Nimzo_Indian.pdf","103522","7d7fe2a167efd9a99f094b49d0ea4a9019a572dc37fe81612845936e4d9c218b","git","103522","7d7fe2a167efd9a99f094b49d0ea4a9019a572dc37fe81612845936e4d9c218b"
"chess4","pdf/1_d4_Complete_Course/14_King_s_Indian_a_fianchetto_repertoire.pdf","library/pdf/1_d4_Complete_Course/14_King_s_Indian_a_fianchetto_repertoire.pdf","103826","15e9e6ef164b74735e24cbd56cbcb6769ed9e8b29d8c7d5ed3b1466f95d25a45","git","103826","15e9e6ef164b74735e24cbd56cbcb6769ed9e8b29d8c7d5ed3b1466f95d25a45"
"chess4","pdf/1_d4_Complete_Course/15_Grunfeld_keep_the_fianchetto.pdf","library/pdf/1_d4_Complete_Course/15_Grunfeld_keep_the_fianchetto.pdf","103569","817f392b80f878c94dceffe6fc12ebcae700e6a5b6e393b764f90f99ce55a444","git","103569","817f392b80f878c94dceffe6fc12ebcae700e6a5b6e393b764f90f99ce55a444"
"chess4","pdf/1_d4_Complete_Course/16_Modern_Benoni_space_and_the_fianchetto.pdf","library/pdf/1_d4_Complete_Course/16_Modern_Benoni_space_and_the_fianchetto.pdf","103803","1d6e8d18528f10fc1847a4facf66af4e58a1de9f07923e22a6353dffe8ce37cd","git","103803","1d6e8d18528f10fc1847a4facf66af4e58a1de9f07923e22a6353dffe8ce37cd"
"chess4","pdf/1_d4_Complete_Course/17_Benko_Gambit_the_5_b6_practical_decline.pdf","library/pdf/1_d4_Complete_Course/17_Benko_Gambit_the_5_b6_practical_decline.pdf","103615","5ed7f5321ab608f079416ae58df69835050a7fbe0619bd013fb4aa6a14493cc5","git","103615","5ed7f5321ab608f079416ae58df69835050a7fbe0619bd013fb4aa6a14493cc5"
"chess4","pdf/1_d4_Complete_Course/18_Budapest_Fajarowicz_and_Blumenfeld.pdf","library/pdf/1_d4_Complete_Course/18_Budapest_Fajarowicz_and_Blumenfeld.pdf","107118","f8c1087800a75d45032b79f9d3d89d47235acb5113d2c2340616f7f3d32cbc6f","git","107118","f8c1087800a75d45032b79f9d3d89d47235acb5113d2c2340616f7f3d32cbc6f"
"chess4","pdf/1_d4_Complete_Course/19_Dutch_Defense_defer_c4_with_2_g3.pdf","library/pdf/1_d4_Complete_Course/19_Dutch_Defense_defer_c4_with_2_g3.pdf","103576","fa765504a52a6b5b323a2c5fc5f699ae3ccf6d3401a369e1bf808f6b28b66eb7","git","103576","fa765504a52a6b5b323a2c5fc5f699ae3ccf6d3401a369e1bf808f6b28b66eb7"
"chess4","pdf/1_d4_Complete_Course/20_Old_Indian_and_Modern_move_orders.pdf","library/pdf/1_d4_Complete_Course/20_Old_Indian_and_Modern_move_orders.pdf","103675","e1257e1b98387f7a94e40fe00abc070b126305010db18a945009cf5735effa84","git","103675","e1257e1b98387f7a94e40fe00abc070b126305010db18a945009cf5735effa84"
"chess4","pdf/1_d4_Complete_Course/21_When_c4_waits_Englund_and_unusual_first_moves.pdf","library/pdf/1_d4_Complete_Course/21_When_c4_waits_Englund_and_unusual_first_moves.pdf","114405","fa72828256ab45f1b02dba57d56c0a215912ba9e4d0026ed94d137c79fc2f171","git","114405","fa72828256ab45f1b02dba57d56c0a215912ba9e4d0026ed94d137c79fc2f171"
"chess4","pdf/1_d4_Complete_Course/22_Pawn_structures_and_plans_after_move_ten.pdf","library/pdf/1_d4_Complete_Course/22_Pawn_structures_and_plans_after_move_ten.pdf","113061","b3d8a7953dcf2e35f48ca5f3536363edc19b4093b75d8573ac4ce9d46cc066ca","git","113061","b3d8a7953dcf2e35f48ca5f3536363edc19b4093b75d8573ac4ce9d46cc066ca"
"chess4","pdf/1_d4_Complete_Course/23_Middlegame_laboratory_eight_training_continuations.pdf","library/pdf/1_d4_Complete_Course/23_Middlegame_laboratory_eight_training_continuations.pdf","129255","2c16e3f8a2e68b997ad4ec31acdae667c7388b67dce86287b10d7e01121eb648","git","129255","2c16e3f8a2e68b997ad4ec31acdae667c7388b67dce86287b10d7e01121eb648"
"chess4","pdf/1_d4_Complete_Course/24_60_exercises_with_explained_answers.pdf","library/pdf/1_d4_Complete_Course/24_60_exercises_with_explained_answers.pdf","202957","71a2eed346456f2c7467747e0e53a9373227792e71430267030e0b00b3407479","git","202957","71a2eed346456f2c7467747e0e53a9373227792e71430267030e0b00b3407479"
"chess4","pdf/1_d4_Complete_Course/25_12_week_study_plan_and_quick_reference_cards.pdf","library/pdf/1_d4_Complete_Course/25_12_week_study_plan_and_quick_reference_cards.pdf","91815","66252e4d3f5c4d5360238afe6f486652eafd3c8fdd33405ec909babce5e5c2c0","git","91815","66252e4d3f5c4d5360238afe6f486652eafd3c8fdd33405ec909babce5e5c2c0"
"chess4","pdf/1_d4_Complete_Course/26_Sources_glossary_and_verification_method.pdf","library/pdf/1_d4_Complete_Course/26_Sources_glossary_and_verification_method.pdf","97142","2922d58ae46564cfc256fab5b508ac182d7d950af71dcdbf496b706fe9c11dcf","git","97142","2922d58ae46564cfc256fab5b508ac182d7d950af71dcdbf496b706fe9c11dcf"
"chess4","pdf/1_d4_Complete_Course/Artwork_Credits_and_Sources/ATTRIBUTION.txt","library/pdf/1_d4_Complete_Course/Artwork_Credits_and_Sources/ATTRIBUTION.txt","1041","ab4f95b838dc30e627a75d08c346675b0550b241a93a255546ef043af304f22a","git","1041","ab4f95b838dc30e627a75d08c346675b0550b241a93a255546ef043af304f22a"
"chess4","pdf/1_d4_Complete_Course/Artwork_Credits_and_Sources/black_bishop.svg","library/pdf/1_d4_Complete_Course/Artwork_Credits_and_Sources/black_bishop.svg","800","4a4c423a97b92ea2bc75b99dcc756d6ea9e135162a112132ee82e5638142318e","git","800","4a4c423a97b92ea2bc75b99dcc756d6ea9e135162a112132ee82e5638142318e"
"chess4","pdf/1_d4_Complete_Course/Artwork_Credits_and_Sources/black_king.svg","library/pdf/1_d4_Complete_Course/Artwork_Credits_and_Sources/black_king.svg","901","88d99c58085ca521ccd2212829322d1e80dbfe6a09a0d88c66949ac3ebdce9e7","git","901","88d99c58085ca521ccd2212829322d1e80dbfe6a09a0d88c66949ac3ebdce9e7"
"chess4","pdf/1_d4_Complete_Course/Artwork_Credits_and_Sources/black_knight.svg","library/pdf/1_d4_Complete_Course/Artwork_Credits_and_Sources/black_knight.svg","1313","5d5aabadd0900630656f134b29b1465c5888ed09c614f5f3200df89e46473d96","git","1313","5d5aabadd0900630656f134b29b1465c5888ed09c614f5f3200df89e46473d96"
"chess4","pdf/1_d4_Complete_Course/Artwork_Credits_and_Sources/black_pawn.svg","library/pdf/1_d4_Complete_Course/Artwork_Credits_and_Sources/black_pawn.svg","515","05cfc3dbfd86e6b01a08a9e92831aa48eddc27c1609c3a1d3602723ebd11cf34","git","515","05cfc3dbfd86e6b01a08a9e92831aa48eddc27c1609c3a1d3602723ebd11cf34"
"chess4","pdf/1_d4_Complete_Course/Artwork_Credits_and_Sources/black_queen.svg","library/pdf/1_d4_Complete_Course/Artwork_Credits_and_Sources/black_queen.svg","1033","04794ecd25e588aeb6e88fc17a00d3c67710dd8a9f7d4e7f39806df3ee0c321e","git","1033","04794ecd25e588aeb6e88fc17a00d3c67710dd8a9f7d4e7f39806df3ee0c321e"
"chess4","pdf/1_d4_Complete_Course/Artwork_Credits_and_Sources/black_rook.svg","library/pdf/1_d4_Complete_Course/Artwork_Credits_and_Sources/black_rook.svg","705","e99b71dd34a9d9d9ad278b150aaa9d4a33202a53646d2fef2c56684fd9924560","git","705","e99b71dd34a9d9d9ad278b150aaa9d4a33202a53646d2fef2c56684fd9924560"
"chess4","pdf/1_d4_Complete_Course/Artwork_Credits_and_Sources/GPL-2.0.txt","library/pdf/1_d4_Complete_Course/Artwork_Credits_and_Sources/GPL-2.0.txt","17337","aaf135472f81c5b4a0dca9367e5bb5e9750032b5bebe5442b36e4c0a47430df3","git","17337","aaf135472f81c5b4a0dca9367e5bb5e9750032b5bebe5442b36e4c0a47430df3"
"chess4","pdf/1_d4_Complete_Course/Artwork_Credits_and_Sources/white_bishop.svg","library/pdf/1_d4_Complete_Course/Artwork_Credits_and_Sources/white_bishop.svg","792","6c49bc6c79eb987bbe310fa2bb3b57726f214b993ea2ec2f5a0d9fdb5750d483","git","792","6c49bc6c79eb987bbe310fa2bb3b57726f214b993ea2ec2f5a0d9fdb5750d483"
"chess4","pdf/1_d4_Complete_Course/Artwork_Credits_and_Sources/white_king.svg","library/pdf/1_d4_Complete_Course/Artwork_Credits_and_Sources/white_king.svg","727","7d486ecb7e094e7d58d18f43244b0b9dc4a85674870caac9f2db0f85dbe01043","git","727","7d486ecb7e094e7d58d18f43244b0b9dc4a85674870caac9f2db0f85dbe01043"
"chess4","pdf/1_d4_Complete_Course/Artwork_Credits_and_Sources/white_knight.svg","library/pdf/1_d4_Complete_Course/Artwork_Credits_and_Sources/white_knight.svg","1038","e10f88376f43949f7c2af8c90d4b21acb5534c38a432ae7137234de970086878","git","1038","e10f88376f43949f7c2af8c90d4b21acb5534c38a432ae7137234de970086878"
"chess4","pdf/1_d4_Complete_Course/Artwork_Credits_and_Sources/white_pawn.svg","library/pdf/1_d4_Complete_Course/Artwork_Credits_and_Sources/white_pawn.svg","515","44239187782f14a85d25a2ca521ad38400d3304fe389b147c378b10d0313df24","git","515","44239187782f14a85d25a2ca521ad38400d3304fe389b147c378b10d0313df24"
"chess4","pdf/1_d4_Complete_Course/Artwork_Credits_and_Sources/white_queen.svg","library/pdf/1_d4_Complete_Course/Artwork_Credits_and_Sources/white_queen.svg","860","6a8a8d41df7ee761d317cbb964846c58b6d3c0e45d6a9e06de3922a9e4d8086e","git","860","6a8a8d41df7ee761d317cbb964846c58b6d3c0e45d6a9e06de3922a9e4d8086e"
"chess4","pdf/1_d4_Complete_Course/Artwork_Credits_and_Sources/white_rook.svg","library/pdf/1_d4_Complete_Course/Artwork_Credits_and_Sources/white_rook.svg","596","b54974a0d35a7b42ad07e14e29825b15d97cdeb59bc8b1781e65ac7238f474e9","git","596","b54974a0d35a7b42ad07e14e29825b15d97cdeb59bc8b1781e65ac7238f474e9"
"chess4","pdf/1_d4_Complete_Course/COMPLETE_1_d4_Course.pdf","library/pdf/1_d4_Complete_Course/COMPLETE_1_d4_Course.pdf","2921222","a81dcb5c2e47bf1c755da7cc8fab8a5f5d626a88c0bc470356b2616610e4fd3c","git","2921222","a81dcb5c2e47bf1c755da7cc8fab8a5f5d626a88c0bc470356b2616610e4fd3c"
"chess4","pdf/1_d4_Complete_Course/Course_Manifest.json","library/pdf/1_d4_Complete_Course/Course_Manifest.json","5828","06ed99d90fd6b1a96ba939fda3933ba88c4c58f96bc68d63c30190d0c57bd869","git","5828","06ed99d90fd6b1a96ba939fda3933ba88c4c58f96bc68d63c30190d0c57bd869"
"chess4","pdf/1_d4_Complete_Course/Exercises.pgn","library/pdf/1_d4_Complete_Course/Exercises.pgn","32417","a8c65253072737c21c688fb7725e737a8a0325e0d4587b6c223b13b05b30bf90","git","32417","a8c65253072737c21c688fb7725e737a8a0325e0d4587b6c223b13b05b30bf90"
"chess4","pdf/1_d4_Complete_Course/Middlegame_Laboratory.pgn","library/pdf/1_d4_Complete_Course/Middlegame_Laboratory.pgn","3704","a6be467c46ebdc0f69ef8685a0ea6c6af164f834c0f0087a44ca58d715203d3b","git","3704","a6be467c46ebdc0f69ef8685a0ea6c6af164f834c0f0087a44ca58d715203d3b"
"chess4","pdf/1_d4_Complete_Course/READ_ME_FIRST.txt","library/pdf/1_d4_Complete_Course/READ_ME_FIRST.txt","1704","24aa7c85e0ffb60343514154988b2781d2dd5f085d78733b81fae314089e2f52","git","1704","24aa7c85e0ffb60343514154988b2781d2dd5f085d78733b81fae314089e2f52"
"chess4","pdf/1_d4_Complete_Course/Repertoire_Lines.pgn","library/pdf/1_d4_Complete_Course/Repertoire_Lines.pgn","61540","8cefdb6c6851575b822d61b3cc341d5fcaba82c3deae8b67f22cccaac856a166","git","61540","8cefdb6c6851575b822d61b3cc341d5fcaba82c3deae8b67f22cccaac856a166"
"chess4","pdf/1_d4_Complete_Course/Verification_Summary.txt","library/pdf/1_d4_Complete_Course/Verification_Summary.txt","826","d540b9231059c975f3e4889e032abfad24de2a93ab3909f02b668b111ccf5e4b","git","826","d540b9231059c975f3e4889e032abfad24de2a93ab3909f02b668b111ccf5e4b"
"chess4","pdf/Chess_Opening_Library.zip","library/pdf/Chess_Opening_Library.zip","7912849","7757a569cbd6fa5d601d9af5330e59538deee20d721945b68a07db64b79b83a5","git","7912849","7757a569cbd6fa5d601d9af5330e59538deee20d721945b68a07db64b79b83a5"
"chess4","pdf/general/00_Start_Here_and_Quick_Checklist.pdf","library/pdf/general/00_Start_Here_and_Quick_Checklist.pdf","46142","283afa799b0fe35c5e31f48f0fac8f9fb97eb5c922375b8c3a58442bea230255","git","46142","283afa799b0fe35c5e31f48f0fac8f9fb97eb5c922375b8c3a58442bea230255"
"chess4","pdf/general/01_Opening_Principles.pdf","library/pdf/general/01_Opening_Principles.pdf","71749","29e56486bbfaceeeed8296af1ee74582812d1b8794cdbf7ae1d0c8dfaf612add","git","71749","29e56486bbfaceeeed8296af1ee74582812d1b8794cdbf7ae1d0c8dfaf612add"
"chess4","pdf/general/02_Tactics_and_Calculation.pdf","library/pdf/general/02_Tactics_and_Calculation.pdf","70835","97213d48ccc4f8cdf3fd37f713e8f6b669f1e6f6b13ee88327ea5dc62b7816f1","git","70835","97213d48ccc4f8cdf3fd37f713e8f6b669f1e6f6b13ee88327ea5dc62b7816f1"
"chess4","pdf/general/03_Middlegame_Strategy.pdf","library/pdf/general/03_Middlegame_Strategy.pdf","48375","71c275d6e2865c24c38cf6ae06a166a32ec7eee6377d78705f53a063d73a7fd9","git","48375","71c275d6e2865c24c38cf6ae06a166a32ec7eee6377d78705f53a063d73a7fd9"
"chess4","pdf/general/04_Endgame_Essentials.pdf","library/pdf/general/04_Endgame_Essentials.pdf","71367","5c665396b1694126f53e443e6b5d9a7e663413a518fc3336f15a0bd74d07be1a","git","71367","5c665396b1694126f53e443e6b5d9a7e663413a518fc3336f15a0bd74d07be1a"
"chess4","pdf/general/05_Attack_Defense_and_Checkmates.pdf","library/pdf/general/05_Attack_Defense_and_Checkmates.pdf","69664","067abee0b9d6607126625c93a377460d445f49c4dd27348410649b6382ae7523","git","69664","067abee0b9d6607126625c93a377460d445f49c4dd27348410649b6382ae7523"
"chess4","pdf/general/06_Training_and_Game_Review.pdf","library/pdf/general/06_Training_and_Game_Review.pdf","48743","c1915236214a184b950de5f33f8635d5fcf6cea76e01e7d76eddf25418e91565","git","48743","c1915236214a184b950de5f33f8635d5fcf6cea76e01e7d76eddf25418e91565"
"chess4","pdf/Hippopotamus_Complete_Courses/Black/00_Complete_Course.pdf","library/pdf/Hippopotamus_Complete_Courses/Black/00_Complete_Course.pdf","926019","4ac6f135ddf4a80f6db9172dfec7a6ba0f140ba580406bde6543d2baa60f68f9","git","926019","4ac6f135ddf4a80f6db9172dfec7a6ba0f140ba580406bde6543d2baa60f68f9"
"chess4","pdf/Hippopotamus_Complete_Courses/Black/00_Start_Here_and_Foundations.pdf","library/pdf/Hippopotamus_Complete_Courses/Black/00_Start_Here_and_Foundations.pdf","117421","edc063090463c2d2a8e84b64bdd6a9823dec644a93345e101bac738103e83910","git","117421","edc063090463c2d2a8e84b64bdd6a9823dec644a93345e101bac738103e83910"
"chess4","pdf/Hippopotamus_Complete_Courses/Black/01_Opening_Theory_and_Move_Orders.pdf","library/pdf/Hippopotamus_Complete_Courses/Black/01_Opening_Theory_and_Move_Orders.pdf","186810","78ca5e4f82f290b32e186a57c0ebcb374ddbc1b87340614a6c054cf134197b9f","git","186810","78ca5e4f82f290b32e186a57c0ebcb374ddbc1b87340614a6c054cf134197b9f"
"chess4","pdf/Hippopotamus_Complete_Courses/Black/02_Strategy_Tactics_and_Endgames.pdf","library/pdf/Hippopotamus_Complete_Courses/Black/02_Strategy_Tactics_and_Endgames.pdf","132575","0a12df58104498527a7fbbba561148da756af28f55a58f9d4425ede4eef47386","git","132575","0a12df58104498527a7fbbba561148da756af28f55a58f9d4425ede4eef47386"
"chess4","pdf/Hippopotamus_Complete_Courses/Black/03_Six_Middlegame_Laboratories.pdf","library/pdf/Hippopotamus_Complete_Courses/Black/03_Six_Middlegame_Laboratories.pdf","193551","7aae8946cd75e60f1a2dd6eb85e3408958a40c58272ba57a86debc4b02b9f993","git","193551","7aae8946cd75e60f1a2dd6eb85e3408958a40c58272ba57a86debc4b02b9f993"
"chess4","pdf/Hippopotamus_Complete_Courses/Black/04_48_Exercises_and_Explained_Answers.pdf","library/pdf/Hippopotamus_Complete_Courses/Black/04_48_Exercises_and_Explained_Answers.pdf","200091","23e1ca27041162aeef02acb0bb9ded92eac3b6ba23f4ff44fd4eea7e53e3cc29","git","200091","23e1ca27041162aeef02acb0bb9ded92eac3b6ba23f4ff44fd4eea7e53e3cc29"
"chess4","pdf/Hippopotamus_Complete_Courses/Black/05_Study_Plan_Reference_and_Sources.pdf","library/pdf/Hippopotamus_Complete_Courses/Black/05_Study_Plan_Reference_and_Sources.pdf","104840","1f629f3fbd625ab966c7e535cb7291bfa6b837c5b7fbee6057a67eb2d7a68cb0","git","104840","1f629f3fbd625ab966c7e535cb7291bfa6b837c5b7fbee6057a67eb2d7a68cb0"
"chess4","pdf/Hippopotamus_Complete_Courses/Black/Artwork_Credits_and_Sources/ATTRIBUTION.txt","library/pdf/Hippopotamus_Complete_Courses/Black/Artwork_Credits_and_Sources/ATTRIBUTION.txt","403","f08eab04d0d78d56efe77b072b59958815dce0d935c4c38fdebf98b74a14d55e","git","403","f08eab04d0d78d56efe77b072b59958815dce0d935c4c38fdebf98b74a14d55e"
"chess4","pdf/Hippopotamus_Complete_Courses/Black/Artwork_Credits_and_Sources/black_bishop.svg","library/pdf/Hippopotamus_Complete_Courses/Black/Artwork_Credits_and_Sources/black_bishop.svg","800","4a4c423a97b92ea2bc75b99dcc756d6ea9e135162a112132ee82e5638142318e","git","800","4a4c423a97b92ea2bc75b99dcc756d6ea9e135162a112132ee82e5638142318e"
"chess4","pdf/Hippopotamus_Complete_Courses/Black/Artwork_Credits_and_Sources/black_king.svg","library/pdf/Hippopotamus_Complete_Courses/Black/Artwork_Credits_and_Sources/black_king.svg","901","88d99c58085ca521ccd2212829322d1e80dbfe6a09a0d88c66949ac3ebdce9e7","git","901","88d99c58085ca521ccd2212829322d1e80dbfe6a09a0d88c66949ac3ebdce9e7"
"chess4","pdf/Hippopotamus_Complete_Courses/Black/Artwork_Credits_and_Sources/black_knight.svg","library/pdf/Hippopotamus_Complete_Courses/Black/Artwork_Credits_and_Sources/black_knight.svg","1313","5d5aabadd0900630656f134b29b1465c5888ed09c614f5f3200df89e46473d96","git","1313","5d5aabadd0900630656f134b29b1465c5888ed09c614f5f3200df89e46473d96"
"chess4","pdf/Hippopotamus_Complete_Courses/Black/Artwork_Credits_and_Sources/black_pawn.svg","library/pdf/Hippopotamus_Complete_Courses/Black/Artwork_Credits_and_Sources/black_pawn.svg","515","05cfc3dbfd86e6b01a08a9e92831aa48eddc27c1609c3a1d3602723ebd11cf34","git","515","05cfc3dbfd86e6b01a08a9e92831aa48eddc27c1609c3a1d3602723ebd11cf34"
"chess4","pdf/Hippopotamus_Complete_Courses/Black/Artwork_Credits_and_Sources/black_queen.svg","library/pdf/Hippopotamus_Complete_Courses/Black/Artwork_Credits_and_Sources/black_queen.svg","1033","04794ecd25e588aeb6e88fc17a00d3c67710dd8a9f7d4e7f39806df3ee0c321e","git","1033","04794ecd25e588aeb6e88fc17a00d3c67710dd8a9f7d4e7f39806df3ee0c321e"
"chess4","pdf/Hippopotamus_Complete_Courses/Black/Artwork_Credits_and_Sources/black_rook.svg","library/pdf/Hippopotamus_Complete_Courses/Black/Artwork_Credits_and_Sources/black_rook.svg","705","e99b71dd34a9d9d9ad278b150aaa9d4a33202a53646d2fef2c56684fd9924560","git","705","e99b71dd34a9d9d9ad278b150aaa9d4a33202a53646d2fef2c56684fd9924560"
"chess4","pdf/Hippopotamus_Complete_Courses/Black/Artwork_Credits_and_Sources/GPL-2.0.txt","library/pdf/Hippopotamus_Complete_Courses/Black/Artwork_Credits_and_Sources/GPL-2.0.txt","17337","aaf135472f81c5b4a0dca9367e5bb5e9750032b5bebe5442b36e4c0a47430df3","git","17337","aaf135472f81c5b4a0dca9367e5bb5e9750032b5bebe5442b36e4c0a47430df3"
"chess4","pdf/Hippopotamus_Complete_Courses/Black/Artwork_Credits_and_Sources/white_bishop.svg","library/pdf/Hippopotamus_Complete_Courses/Black/Artwork_Credits_and_Sources/white_bishop.svg","792","6c49bc6c79eb987bbe310fa2bb3b57726f214b993ea2ec2f5a0d9fdb5750d483","git","792","6c49bc6c79eb987bbe310fa2bb3b57726f214b993ea2ec2f5a0d9fdb5750d483"
"chess4","pdf/Hippopotamus_Complete_Courses/Black/Artwork_Credits_and_Sources/white_king.svg","library/pdf/Hippopotamus_Complete_Courses/Black/Artwork_Credits_and_Sources/white_king.svg","727","7d486ecb7e094e7d58d18f43244b0b9dc4a85674870caac9f2db0f85dbe01043","git","727","7d486ecb7e094e7d58d18f43244b0b9dc4a85674870caac9f2db0f85dbe01043"
"chess4","pdf/Hippopotamus_Complete_Courses/Black/Artwork_Credits_and_Sources/white_knight.svg","library/pdf/Hippopotamus_Complete_Courses/Black/Artwork_Credits_and_Sources/white_knight.svg","1038","e10f88376f43949f7c2af8c90d4b21acb5534c38a432ae7137234de970086878","git","1038","e10f88376f43949f7c2af8c90d4b21acb5534c38a432ae7137234de970086878"
"chess4","pdf/Hippopotamus_Complete_Courses/Black/Artwork_Credits_and_Sources/white_pawn.svg","library/pdf/Hippopotamus_Complete_Courses/Black/Artwork_Credits_and_Sources/white_pawn.svg","515","44239187782f14a85d25a2ca521ad38400d3304fe389b147c378b10d0313df24","git","515","44239187782f14a85d25a2ca521ad38400d3304fe389b147c378b10d0313df24"
"chess4","pdf/Hippopotamus_Complete_Courses/Black/Artwork_Credits_and_Sources/white_queen.svg","library/pdf/Hippopotamus_Complete_Courses/Black/Artwork_Credits_and_Sources/white_queen.svg","860","6a8a8d41df7ee761d317cbb964846c58b6d3c0e45d6a9e06de3922a9e4d8086e","git","860","6a8a8d41df7ee761d317cbb964846c58b6d3c0e45d6a9e06de3922a9e4d8086e"
"chess4","pdf/Hippopotamus_Complete_Courses/Black/Artwork_Credits_and_Sources/white_rook.svg","library/pdf/Hippopotamus_Complete_Courses/Black/Artwork_Credits_and_Sources/white_rook.svg","596","b54974a0d35a7b42ad07e14e29825b15d97cdeb59bc8b1781e65ac7238f474e9","git","596","b54974a0d35a7b42ad07e14e29825b15d97cdeb59bc8b1781e65ac7238f474e9"
"chess4","pdf/Hippopotamus_Complete_Courses/Black/Exercise_Solutions.pgn","library/pdf/Hippopotamus_Complete_Courses/Black/Exercise_Solutions.pgn","43182","4eef75f4949c5aedfdcea356edf59766623a1506787f946d4540b1bde64dbdb6","git","43182","4eef75f4949c5aedfdcea356edf59766623a1506787f946d4540b1bde64dbdb6"
"chess4","pdf/Hippopotamus_Complete_Courses/Black/Middlegame_Laboratories.pgn","library/pdf/Hippopotamus_Complete_Courses/Black/Middlegame_Laboratories.pgn","7860","e8321f38b90ab3c6f3821b26e17ac5834b640e55d6325a3869319d81772cc95b","git","7860","e8321f38b90ab3c6f3821b26e17ac5834b640e55d6325a3869319d81772cc95b"
"chess4","pdf/Hippopotamus_Complete_Courses/Black/OPEN_COURSE.html","library/pdf/Hippopotamus_Complete_Courses/Black/OPEN_COURSE.html","1736","b3bef592e79f4b0d97722b7333a3bc1b07607862639e11875c19a22eb6656fd2","git","1736","b3bef592e79f4b0d97722b7333a3bc1b07607862639e11875c19a22eb6656fd2"
"chess4","pdf/Hippopotamus_Complete_Courses/Black/Repertoire_Lines.pgn","library/pdf/Hippopotamus_Complete_Courses/Black/Repertoire_Lines.pgn","19916","4b11e14ff6fd4ad26df1df429f507f01997289ff2c3030cd31fe95ba25c411f9","git","19916","4b11e14ff6fd4ad26df1df429f507f01997289ff2c3030cd31fe95ba25c411f9"
"chess4","pdf/Hippopotamus_Complete_Courses/Black/START_HERE.txt","library/pdf/Hippopotamus_Complete_Courses/Black/START_HERE.txt","1150","43683cdaba66890b2b9f9f474e2f075beec194be7331d86190ffae0cc8f53899","git","1150","43683cdaba66890b2b9f9f474e2f075beec194be7331d86190ffae0cc8f53899"
"chess4","pdf/Hippopotamus_Complete_Courses/Black/Verification_Manifest.json","library/pdf/Hippopotamus_Complete_Courses/Black/Verification_Manifest.json","1589","a2d3b1699fe5a3bcea590624a2ea3006c7d0abc3d1414684c8ecfed9b8080b37","git","1589","a2d3b1699fe5a3bcea590624a2ea3006c7d0abc3d1414684c8ecfed9b8080b37"
"chess4","pdf/Hippopotamus_Complete_Courses/START_HERE.txt","library/pdf/Hippopotamus_Complete_Courses/START_HERE.txt","409","607bd49c3fe61f8ed10e4ca870213635cc635a3b419da7f72acc984e78c90c2e","git","409","607bd49c3fe61f8ed10e4ca870213635cc635a3b419da7f72acc984e78c90c2e"
"chess4","pdf/Hippopotamus_Complete_Courses/White/00_Complete_Course.pdf","library/pdf/Hippopotamus_Complete_Courses/White/00_Complete_Course.pdf","925712","1a7ac1b67c01a6e1168185c99ef50dc0611cc37db59c49b1bd8b3019ce1a7a6b","git","925712","1a7ac1b67c01a6e1168185c99ef50dc0611cc37db59c49b1bd8b3019ce1a7a6b"
"chess4","pdf/Hippopotamus_Complete_Courses/White/00_Start_Here_and_Foundations.pdf","library/pdf/Hippopotamus_Complete_Courses/White/00_Start_Here_and_Foundations.pdf","117212","20a81fb28c040b6df04cedec9dfa0854194a991c5f9eeb0bae706fbcc88c6c57","git","117212","20a81fb28c040b6df04cedec9dfa0854194a991c5f9eeb0bae706fbcc88c6c57"
"chess4","pdf/Hippopotamus_Complete_Courses/White/01_Opening_Theory_and_Move_Orders.pdf","library/pdf/Hippopotamus_Complete_Courses/White/01_Opening_Theory_and_Move_Orders.pdf","186772","f3c4ee2728f28778a6dc14d0ed71a719ac6382b2d9a4892fa5b90f4f07ecdcdd","git","186772","f3c4ee2728f28778a6dc14d0ed71a719ac6382b2d9a4892fa5b90f4f07ecdcdd"
"chess4","pdf/Hippopotamus_Complete_Courses/White/02_Strategy_Tactics_and_Endgames.pdf","library/pdf/Hippopotamus_Complete_Courses/White/02_Strategy_Tactics_and_Endgames.pdf","132616","529b1b1eb22c6e687f981a1ef3b51fe472f5a61f606e98f7ce2b31d6ce9bfdd9","git","132616","529b1b1eb22c6e687f981a1ef3b51fe472f5a61f606e98f7ce2b31d6ce9bfdd9"
"chess4","pdf/Hippopotamus_Complete_Courses/White/03_Six_Middlegame_Laboratories.pdf","library/pdf/Hippopotamus_Complete_Courses/White/03_Six_Middlegame_Laboratories.pdf","193744","f7125cfd2869dfb93f82b763c7059f528e15a9ab688146538ff1ac2c3b6ef6ea","git","193744","f7125cfd2869dfb93f82b763c7059f528e15a9ab688146538ff1ac2c3b6ef6ea"
"chess4","pdf/Hippopotamus_Complete_Courses/White/04_48_Exercises_and_Explained_Answers.pdf","library/pdf/Hippopotamus_Complete_Courses/White/04_48_Exercises_and_Explained_Answers.pdf","199660","11e49c59ff3253cd8d7b08c2036e0861ee381b57be95a2713be64fce9bf83bac","git","199660","11e49c59ff3253cd8d7b08c2036e0861ee381b57be95a2713be64fce9bf83bac"
"chess4","pdf/Hippopotamus_Complete_Courses/White/05_Study_Plan_Reference_and_Sources.pdf","library/pdf/Hippopotamus_Complete_Courses/White/05_Study_Plan_Reference_and_Sources.pdf","104845","03411f5bd1d539a8d185e8860f6794ecfd70d2fbe4dc07c5421b0f753a191151","git","104845","03411f5bd1d539a8d185e8860f6794ecfd70d2fbe4dc07c5421b0f753a191151"
"chess4","pdf/Hippopotamus_Complete_Courses/White/Artwork_Credits_and_Sources/ATTRIBUTION.txt","library/pdf/Hippopotamus_Complete_Courses/White/Artwork_Credits_and_Sources/ATTRIBUTION.txt","403","d19b855b11a661b767009b6a8abd34984eecc9eef27952e0ad3d9420821d97b0","git","403","d19b855b11a661b767009b6a8abd34984eecc9eef27952e0ad3d9420821d97b0"
"chess4","pdf/Hippopotamus_Complete_Courses/White/Artwork_Credits_and_Sources/black_bishop.svg","library/pdf/Hippopotamus_Complete_Courses/White/Artwork_Credits_and_Sources/black_bishop.svg","800","4a4c423a97b92ea2bc75b99dcc756d6ea9e135162a112132ee82e5638142318e","git","800","4a4c423a97b92ea2bc75b99dcc756d6ea9e135162a112132ee82e5638142318e"
"chess4","pdf/Hippopotamus_Complete_Courses/White/Artwork_Credits_and_Sources/black_king.svg","library/pdf/Hippopotamus_Complete_Courses/White/Artwork_Credits_and_Sources/black_king.svg","901","88d99c58085ca521ccd2212829322d1e80dbfe6a09a0d88c66949ac3ebdce9e7","git","901","88d99c58085ca521ccd2212829322d1e80dbfe6a09a0d88c66949ac3ebdce9e7"
"chess4","pdf/Hippopotamus_Complete_Courses/White/Artwork_Credits_and_Sources/black_knight.svg","library/pdf/Hippopotamus_Complete_Courses/White/Artwork_Credits_and_Sources/black_knight.svg","1313","5d5aabadd0900630656f134b29b1465c5888ed09c614f5f3200df89e46473d96","git","1313","5d5aabadd0900630656f134b29b1465c5888ed09c614f5f3200df89e46473d96"
"chess4","pdf/Hippopotamus_Complete_Courses/White/Artwork_Credits_and_Sources/black_pawn.svg","library/pdf/Hippopotamus_Complete_Courses/White/Artwork_Credits_and_Sources/black_pawn.svg","515","05cfc3dbfd86e6b01a08a9e92831aa48eddc27c1609c3a1d3602723ebd11cf34","git","515","05cfc3dbfd86e6b01a08a9e92831aa48eddc27c1609c3a1d3602723ebd11cf34"
"chess4","pdf/Hippopotamus_Complete_Courses/White/Artwork_Credits_and_Sources/black_queen.svg","library/pdf/Hippopotamus_Complete_Courses/White/Artwork_Credits_and_Sources/black_queen.svg","1033","04794ecd25e588aeb6e88fc17a00d3c67710dd8a9f7d4e7f39806df3ee0c321e","git","1033","04794ecd25e588aeb6e88fc17a00d3c67710dd8a9f7d4e7f39806df3ee0c321e"
"chess4","pdf/Hippopotamus_Complete_Courses/White/Artwork_Credits_and_Sources/black_rook.svg","library/pdf/Hippopotamus_Complete_Courses/White/Artwork_Credits_and_Sources/black_rook.svg","705","e99b71dd34a9d9d9ad278b150aaa9d4a33202a53646d2fef2c56684fd9924560","git","705","e99b71dd34a9d9d9ad278b150aaa9d4a33202a53646d2fef2c56684fd9924560"
"chess4","pdf/Hippopotamus_Complete_Courses/White/Artwork_Credits_and_Sources/GPL-2.0.txt","library/pdf/Hippopotamus_Complete_Courses/White/Artwork_Credits_and_Sources/GPL-2.0.txt","17337","aaf135472f81c5b4a0dca9367e5bb5e9750032b5bebe5442b36e4c0a47430df3","git","17337","aaf135472f81c5b4a0dca9367e5bb5e9750032b5bebe5442b36e4c0a47430df3"
"chess4","pdf/Hippopotamus_Complete_Courses/White/Artwork_Credits_and_Sources/white_bishop.svg","library/pdf/Hippopotamus_Complete_Courses/White/Artwork_Credits_and_Sources/white_bishop.svg","792","6c49bc6c79eb987bbe310fa2bb3b57726f214b993ea2ec2f5a0d9fdb5750d483","git","792","6c49bc6c79eb987bbe310fa2bb3b57726f214b993ea2ec2f5a0d9fdb5750d483"
"chess4","pdf/Hippopotamus_Complete_Courses/White/Artwork_Credits_and_Sources/white_king.svg","library/pdf/Hippopotamus_Complete_Courses/White/Artwork_Credits_and_Sources/white_king.svg","727","7d486ecb7e094e7d58d18f43244b0b9dc4a85674870caac9f2db0f85dbe01043","git","727","7d486ecb7e094e7d58d18f43244b0b9dc4a85674870caac9f2db0f85dbe01043"
"chess4","pdf/Hippopotamus_Complete_Courses/White/Artwork_Credits_and_Sources/white_knight.svg","library/pdf/Hippopotamus_Complete_Courses/White/Artwork_Credits_and_Sources/white_knight.svg","1038","e10f88376f43949f7c2af8c90d4b21acb5534c38a432ae7137234de970086878","git","1038","e10f88376f43949f7c2af8c90d4b21acb5534c38a432ae7137234de970086878"
"chess4","pdf/Hippopotamus_Complete_Courses/White/Artwork_Credits_and_Sources/white_pawn.svg","library/pdf/Hippopotamus_Complete_Courses/White/Artwork_Credits_and_Sources/white_pawn.svg","515","44239187782f14a85d25a2ca521ad38400d3304fe389b147c378b10d0313df24","git","515","44239187782f14a85d25a2ca521ad38400d3304fe389b147c378b10d0313df24"
"chess4","pdf/Hippopotamus_Complete_Courses/White/Artwork_Credits_and_Sources/white_queen.svg","library/pdf/Hippopotamus_Complete_Courses/White/Artwork_Credits_and_Sources/white_queen.svg","860","6a8a8d41df7ee761d317cbb964846c58b6d3c0e45d6a9e06de3922a9e4d8086e","git","860","6a8a8d41df7ee761d317cbb964846c58b6d3c0e45d6a9e06de3922a9e4d8086e"
"chess4","pdf/Hippopotamus_Complete_Courses/White/Artwork_Credits_and_Sources/white_rook.svg","library/pdf/Hippopotamus_Complete_Courses/White/Artwork_Credits_and_Sources/white_rook.svg","596","b54974a0d35a7b42ad07e14e29825b15d97cdeb59bc8b1781e65ac7238f474e9","git","596","b54974a0d35a7b42ad07e14e29825b15d97cdeb59bc8b1781e65ac7238f474e9"
"chess4","pdf/Hippopotamus_Complete_Courses/White/Exercise_Solutions.pgn","library/pdf/Hippopotamus_Complete_Courses/White/Exercise_Solutions.pgn","42805","be0cafb8da060bf3e5169b237a044e5c25c4972a4bb2867e22bacb13525b40da","git","42805","be0cafb8da060bf3e5169b237a044e5c25c4972a4bb2867e22bacb13525b40da"
"chess4","pdf/Hippopotamus_Complete_Courses/White/Middlegame_Laboratories.pgn","library/pdf/Hippopotamus_Complete_Courses/White/Middlegame_Laboratories.pgn","8005","8e2c67fea949ae384aea3026b1ed0b730e69f802d7b5d8c9e1c7a69a13c6386c","git","8005","8e2c67fea949ae384aea3026b1ed0b730e69f802d7b5d8c9e1c7a69a13c6386c"
"chess4","pdf/Hippopotamus_Complete_Courses/White/OPEN_COURSE.html","library/pdf/Hippopotamus_Complete_Courses/White/OPEN_COURSE.html","1745","80a8561f600ffadc1b21d01cdf07c4c67121fb45c025a89a2aa090acf149694e","git","1745","80a8561f600ffadc1b21d01cdf07c4c67121fb45c025a89a2aa090acf149694e"
"chess4","pdf/Hippopotamus_Complete_Courses/White/Repertoire_Lines.pgn","library/pdf/Hippopotamus_Complete_Courses/White/Repertoire_Lines.pgn","19787","5f9cd475b9c66aa1e9cf290f80d851a76015e4bd566cd2d712123291065eeb7c","git","19787","5f9cd475b9c66aa1e9cf290f80d851a76015e4bd566cd2d712123291065eeb7c"
"chess4","pdf/Hippopotamus_Complete_Courses/White/START_HERE.txt","library/pdf/Hippopotamus_Complete_Courses/White/START_HERE.txt","1159","038b42a505c5da12bfcec1c959bf5600073906214384c6988928b7416bed275b","git","1159","038b42a505c5da12bfcec1c959bf5600073906214384c6988928b7416bed275b"
"chess4","pdf/Hippopotamus_Complete_Courses/White/Verification_Manifest.json","library/pdf/Hippopotamus_Complete_Courses/White/Verification_Manifest.json","1589","e9990e0f6b335516ba3ceb7b2311f49d0927437d63bde76d942cc50c92e8033c","git","1589","e9990e0f6b335516ba3ceb7b2311f49d0927437d63bde76d942cc50c92e8033c"
"chess4","pdf/Kings_Gambit_Complete_Course/00_Complete_Course.pdf","library/pdf/Kings_Gambit_Complete_Course/00_Complete_Course.pdf","951550","56d5e33075e96579fad21de4c7683c54ac5e9a8e490e26f744fe59306d5135b4","git","951550","56d5e33075e96579fad21de4c7683c54ac5e9a8e490e26f744fe59306d5135b4"
"chess4","pdf/Kings_Gambit_Complete_Course/00_Start_Here_and_Foundations.pdf","library/pdf/Kings_Gambit_Complete_Course/00_Start_Here_and_Foundations.pdf","115883","770397cd018ff9081ce69f4848be305f74bdb5b1cf6c446504f84dd7bd210313","git","115883","770397cd018ff9081ce69f4848be305f74bdb5b1cf6c446504f84dd7bd210313"
"chess4","pdf/Kings_Gambit_Complete_Course/01_Opening_Theory_and_Move_Orders.pdf","library/pdf/Kings_Gambit_Complete_Course/01_Opening_Theory_and_Move_Orders.pdf","215957","e1a080bdcded8f10c0f4981807c7333e3228b8e91ad4e9a76a199d136fb64247","git","215957","e1a080bdcded8f10c0f4981807c7333e3228b8e91ad4e9a76a199d136fb64247"
"chess4","pdf/Kings_Gambit_Complete_Course/02_Strategy_Tactics_and_Endgames.pdf","library/pdf/Kings_Gambit_Complete_Course/02_Strategy_Tactics_and_Endgames.pdf","132661","adca043cbd6bba712caba50efa5cb2fc34a7b408da14ae357d1bdf39b981fb12","git","132661","adca043cbd6bba712caba50efa5cb2fc34a7b408da14ae357d1bdf39b981fb12"
"chess4","pdf/Kings_Gambit_Complete_Course/03_Six_Middlegame_Laboratories.pdf","library/pdf/Kings_Gambit_Complete_Course/03_Six_Middlegame_Laboratories.pdf","192200","1053374b33c1cdfee4eeec746cc96f54c101c4b19574d2d8aea2988960deab1d","git","192200","1053374b33c1cdfee4eeec746cc96f54c101c4b19574d2d8aea2988960deab1d"
"chess4","pdf/Kings_Gambit_Complete_Course/04_48_Exercises_and_Explained_Answers.pdf","library/pdf/Kings_Gambit_Complete_Course/04_48_Exercises_and_Explained_Answers.pdf","198466","09566030e11b68dda68ea163b315c82903eb4b623558596d4b8b72d996123503","git","198466","09566030e11b68dda68ea163b315c82903eb4b623558596d4b8b72d996123503"
"chess4","pdf/Kings_Gambit_Complete_Course/05_Study_Plan_Reference_and_Sources.pdf","library/pdf/Kings_Gambit_Complete_Course/05_Study_Plan_Reference_and_Sources.pdf","105253","09d63c9a265a336ab0313be68ea23549077a11039c6e14b7a714933d11e15f6e","git","105253","09d63c9a265a336ab0313be68ea23549077a11039c6e14b7a714933d11e15f6e"
"chess4","pdf/Kings_Gambit_Complete_Course/Artwork_Credits_and_Sources/ATTRIBUTION.txt","library/pdf/Kings_Gambit_Complete_Course/Artwork_Credits_and_Sources/ATTRIBUTION.txt","403","d19b855b11a661b767009b6a8abd34984eecc9eef27952e0ad3d9420821d97b0","git","403","d19b855b11a661b767009b6a8abd34984eecc9eef27952e0ad3d9420821d97b0"
"chess4","pdf/Kings_Gambit_Complete_Course/Artwork_Credits_and_Sources/black_bishop.svg","library/pdf/Kings_Gambit_Complete_Course/Artwork_Credits_and_Sources/black_bishop.svg","800","4a4c423a97b92ea2bc75b99dcc756d6ea9e135162a112132ee82e5638142318e","git","800","4a4c423a97b92ea2bc75b99dcc756d6ea9e135162a112132ee82e5638142318e"
"chess4","pdf/Kings_Gambit_Complete_Course/Artwork_Credits_and_Sources/black_king.svg","library/pdf/Kings_Gambit_Complete_Course/Artwork_Credits_and_Sources/black_king.svg","901","88d99c58085ca521ccd2212829322d1e80dbfe6a09a0d88c66949ac3ebdce9e7","git","901","88d99c58085ca521ccd2212829322d1e80dbfe6a09a0d88c66949ac3ebdce9e7"
"chess4","pdf/Kings_Gambit_Complete_Course/Artwork_Credits_and_Sources/black_knight.svg","library/pdf/Kings_Gambit_Complete_Course/Artwork_Credits_and_Sources/black_knight.svg","1313","5d5aabadd0900630656f134b29b1465c5888ed09c614f5f3200df89e46473d96","git","1313","5d5aabadd0900630656f134b29b1465c5888ed09c614f5f3200df89e46473d96"
"chess4","pdf/Kings_Gambit_Complete_Course/Artwork_Credits_and_Sources/black_pawn.svg","library/pdf/Kings_Gambit_Complete_Course/Artwork_Credits_and_Sources/black_pawn.svg","515","05cfc3dbfd86e6b01a08a9e92831aa48eddc27c1609c3a1d3602723ebd11cf34","git","515","05cfc3dbfd86e6b01a08a9e92831aa48eddc27c1609c3a1d3602723ebd11cf34"
"chess4","pdf/Kings_Gambit_Complete_Course/Artwork_Credits_and_Sources/black_queen.svg","library/pdf/Kings_Gambit_Complete_Course/Artwork_Credits_and_Sources/black_queen.svg","1033","04794ecd25e588aeb6e88fc17a00d3c67710dd8a9f7d4e7f39806df3ee0c321e","git","1033","04794ecd25e588aeb6e88fc17a00d3c67710dd8a9f7d4e7f39806df3ee0c321e"
"chess4","pdf/Kings_Gambit_Complete_Course/Artwork_Credits_and_Sources/black_rook.svg","library/pdf/Kings_Gambit_Complete_Course/Artwork_Credits_and_Sources/black_rook.svg","705","e99b71dd34a9d9d9ad278b150aaa9d4a33202a53646d2fef2c56684fd9924560","git","705","e99b71dd34a9d9d9ad278b150aaa9d4a33202a53646d2fef2c56684fd9924560"
"chess4","pdf/Kings_Gambit_Complete_Course/Artwork_Credits_and_Sources/GPL-2.0.txt","library/pdf/Kings_Gambit_Complete_Course/Artwork_Credits_and_Sources/GPL-2.0.txt","17337","aaf135472f81c5b4a0dca9367e5bb5e9750032b5bebe5442b36e4c0a47430df3","git","17337","aaf135472f81c5b4a0dca9367e5bb5e9750032b5bebe5442b36e4c0a47430df3"
"chess4","pdf/Kings_Gambit_Complete_Course/Artwork_Credits_and_Sources/white_bishop.svg","library/pdf/Kings_Gambit_Complete_Course/Artwork_Credits_and_Sources/white_bishop.svg","792","6c49bc6c79eb987bbe310fa2bb3b57726f214b993ea2ec2f5a0d9fdb5750d483","git","792","6c49bc6c79eb987bbe310fa2bb3b57726f214b993ea2ec2f5a0d9fdb5750d483"
"chess4","pdf/Kings_Gambit_Complete_Course/Artwork_Credits_and_Sources/white_king.svg","library/pdf/Kings_Gambit_Complete_Course/Artwork_Credits_and_Sources/white_king.svg","727","7d486ecb7e094e7d58d18f43244b0b9dc4a85674870caac9f2db0f85dbe01043","git","727","7d486ecb7e094e7d58d18f43244b0b9dc4a85674870caac9f2db0f85dbe01043"
"chess4","pdf/Kings_Gambit_Complete_Course/Artwork_Credits_and_Sources/white_knight.svg","library/pdf/Kings_Gambit_Complete_Course/Artwork_Credits_and_Sources/white_knight.svg","1038","e10f88376f43949f7c2af8c90d4b21acb5534c38a432ae7137234de970086878","git","1038","e10f88376f43949f7c2af8c90d4b21acb5534c38a432ae7137234de970086878"
"chess4","pdf/Kings_Gambit_Complete_Course/Artwork_Credits_and_Sources/white_pawn.svg","library/pdf/Kings_Gambit_Complete_Course/Artwork_Credits_and_Sources/white_pawn.svg","515","44239187782f14a85d25a2ca521ad38400d3304fe389b147c378b10d0313df24","git","515","44239187782f14a85d25a2ca521ad38400d3304fe389b147c378b10d0313df24"
"chess4","pdf/Kings_Gambit_Complete_Course/Artwork_Credits_and_Sources/white_queen.svg","library/pdf/Kings_Gambit_Complete_Course/Artwork_Credits_and_Sources/white_queen.svg","860","6a8a8d41df7ee761d317cbb964846c58b6d3c0e45d6a9e06de3922a9e4d8086e","git","860","6a8a8d41df7ee761d317cbb964846c58b6d3c0e45d6a9e06de3922a9e4d8086e"
"chess4","pdf/Kings_Gambit_Complete_Course/Artwork_Credits_and_Sources/white_rook.svg","library/pdf/Kings_Gambit_Complete_Course/Artwork_Credits_and_Sources/white_rook.svg","596","b54974a0d35a7b42ad07e14e29825b15d97cdeb59bc8b1781e65ac7238f474e9","git","596","b54974a0d35a7b42ad07e14e29825b15d97cdeb59bc8b1781e65ac7238f474e9"
"chess4","pdf/Kings_Gambit_Complete_Course/Exercise_Solutions.pgn","library/pdf/Kings_Gambit_Complete_Course/Exercise_Solutions.pgn","42251","370f09ab3bd689b28020876d643e11c650ac38a5688a95ccc5dd3eb2e75a963b","git","42251","370f09ab3bd689b28020876d643e11c650ac38a5688a95ccc5dd3eb2e75a963b"
"chess4","pdf/Kings_Gambit_Complete_Course/Middlegame_Laboratories.pgn","library/pdf/Kings_Gambit_Complete_Course/Middlegame_Laboratories.pgn","7935","d8292f74267ec588a463f8d4af4effdaa221c88c19f9402d8c658b0d1f0a1fa2","git","7935","d8292f74267ec588a463f8d4af4effdaa221c88c19f9402d8c658b0d1f0a1fa2"
"chess4","pdf/Kings_Gambit_Complete_Course/OPEN_COURSE.html","library/pdf/Kings_Gambit_Complete_Course/OPEN_COURSE.html","1690","636f3d9317353bf00db6829eab70e7543e191e5b3f1bba8b8ed59438b9562828","git","1690","636f3d9317353bf00db6829eab70e7543e191e5b3f1bba8b8ed59438b9562828"
"chess4","pdf/Kings_Gambit_Complete_Course/Repertoire_Lines.pgn","library/pdf/Kings_Gambit_Complete_Course/Repertoire_Lines.pgn","26790","ef75359a0a25394091bc35db42a69a4677d400c335340185bda9d7370758b519","git","26790","ef75359a0a25394091bc35db42a69a4677d400c335340185bda9d7370758b519"
"chess4","pdf/Kings_Gambit_Complete_Course/START_HERE.txt","library/pdf/Kings_Gambit_Complete_Course/START_HERE.txt","1102","96124fafa3eba12ffb258167b0b14eec5a1c294c841bf7807f95cc8ba9894746","git","1102","96124fafa3eba12ffb258167b0b14eec5a1c294c841bf7807f95cc8ba9894746"
"chess4","pdf/Kings_Gambit_Complete_Course/Verification_Manifest.json","library/pdf/Kings_Gambit_Complete_Course/Verification_Manifest.json","1581","fa973885cb673e4e725779bdf1239cf62d48192e8e9ab1fce6f0824be00f528b","git","1581","fa973885cb673e4e725779bdf1239cf62d48192e8e9ab1fce6f0824be00f528b"
"chess4","pdf/Kings_Indian_Attack_Complete_Course/00_Complete_Course.pdf","library/pdf/Kings_Indian_Attack_Complete_Course/00_Complete_Course.pdf","925033","07618d184e22733052e3251dad9641cd29c2662bc4e1edc1b4d4003ad8a3e125","git","925033","07618d184e22733052e3251dad9641cd29c2662bc4e1edc1b4d4003ad8a3e125"
"chess4","pdf/Kings_Indian_Attack_Complete_Course/00_Start_Here_and_Foundations.pdf","library/pdf/Kings_Indian_Attack_Complete_Course/00_Start_Here_and_Foundations.pdf","117052","450e81eafacaf6abbd88af6af24a2c58a4b8f9072240a98646b997ac8f05008b","git","117052","450e81eafacaf6abbd88af6af24a2c58a4b8f9072240a98646b997ac8f05008b"
"chess4","pdf/Kings_Indian_Attack_Complete_Course/01_Opening_Theory_and_Move_Orders.pdf","library/pdf/Kings_Indian_Attack_Complete_Course/01_Opening_Theory_and_Move_Orders.pdf","186817","37f88b08e51cd3c5683f423a0f9fb631503f6c9d97b81b5dff1486d7c0d027e6","git","186817","37f88b08e51cd3c5683f423a0f9fb631503f6c9d97b81b5dff1486d7c0d027e6"
"chess4","pdf/Kings_Indian_Attack_Complete_Course/02_Strategy_Tactics_and_Endgames.pdf","library/pdf/Kings_Indian_Attack_Complete_Course/02_Strategy_Tactics_and_Endgames.pdf","132450","4ea40b0200fbda0186aa6f90a40eb8503bb020446ad9780e94f3adf1ff3249e1","git","132450","4ea40b0200fbda0186aa6f90a40eb8503bb020446ad9780e94f3adf1ff3249e1"
"chess4","pdf/Kings_Indian_Attack_Complete_Course/03_Six_Middlegame_Laboratories.pdf","library/pdf/Kings_Indian_Attack_Complete_Course/03_Six_Middlegame_Laboratories.pdf","193217","7027c654f4b8a756faf0cbdbfd77e643925661b0c9f94e756178bb2064e668c6","git","193217","7027c654f4b8a756faf0cbdbfd77e643925661b0c9f94e756178bb2064e668c6"
"chess4","pdf/Kings_Indian_Attack_Complete_Course/04_48_Exercises_and_Explained_Answers.pdf","library/pdf/Kings_Indian_Attack_Complete_Course/04_48_Exercises_and_Explained_Answers.pdf","199845","3657bd0bd28302b9247f2aee5695a0e37fd114d866c00ff7e66dbe961722d4fc","git","199845","3657bd0bd28302b9247f2aee5695a0e37fd114d866c00ff7e66dbe961722d4fc"
"chess4","pdf/Kings_Indian_Attack_Complete_Course/05_Study_Plan_Reference_and_Sources.pdf","library/pdf/Kings_Indian_Attack_Complete_Course/05_Study_Plan_Reference_and_Sources.pdf","104809","73b0c222c201a897d0cc0cc330523c89ed34ef7de6a0ad964abbe44cf1c1e34b","git","104809","73b0c222c201a897d0cc0cc330523c89ed34ef7de6a0ad964abbe44cf1c1e34b"
"chess4","pdf/Kings_Indian_Attack_Complete_Course/Artwork_Credits_and_Sources/ATTRIBUTION.txt","library/pdf/Kings_Indian_Attack_Complete_Course/Artwork_Credits_and_Sources/ATTRIBUTION.txt","403","d19b855b11a661b767009b6a8abd34984eecc9eef27952e0ad3d9420821d97b0","git","403","d19b855b11a661b767009b6a8abd34984eecc9eef27952e0ad3d9420821d97b0"
"chess4","pdf/Kings_Indian_Attack_Complete_Course/Artwork_Credits_and_Sources/black_bishop.svg","library/pdf/Kings_Indian_Attack_Complete_Course/Artwork_Credits_and_Sources/black_bishop.svg","800","4a4c423a97b92ea2bc75b99dcc756d6ea9e135162a112132ee82e5638142318e","git","800","4a4c423a97b92ea2bc75b99dcc756d6ea9e135162a112132ee82e5638142318e"
"chess4","pdf/Kings_Indian_Attack_Complete_Course/Artwork_Credits_and_Sources/black_king.svg","library/pdf/Kings_Indian_Attack_Complete_Course/Artwork_Credits_and_Sources/black_king.svg","901","88d99c58085ca521ccd2212829322d1e80dbfe6a09a0d88c66949ac3ebdce9e7","git","901","88d99c58085ca521ccd2212829322d1e80dbfe6a09a0d88c66949ac3ebdce9e7"
"chess4","pdf/Kings_Indian_Attack_Complete_Course/Artwork_Credits_and_Sources/black_knight.svg","library/pdf/Kings_Indian_Attack_Complete_Course/Artwork_Credits_and_Sources/black_knight.svg","1313","5d5aabadd0900630656f134b29b1465c5888ed09c614f5f3200df89e46473d96","git","1313","5d5aabadd0900630656f134b29b1465c5888ed09c614f5f3200df89e46473d96"
"chess4","pdf/Kings_Indian_Attack_Complete_Course/Artwork_Credits_and_Sources/black_pawn.svg","library/pdf/Kings_Indian_Attack_Complete_Course/Artwork_Credits_and_Sources/black_pawn.svg","515","05cfc3dbfd86e6b01a08a9e92831aa48eddc27c1609c3a1d3602723ebd11cf34","git","515","05cfc3dbfd86e6b01a08a9e92831aa48eddc27c1609c3a1d3602723ebd11cf34"
"chess4","pdf/Kings_Indian_Attack_Complete_Course/Artwork_Credits_and_Sources/black_queen.svg","library/pdf/Kings_Indian_Attack_Complete_Course/Artwork_Credits_and_Sources/black_queen.svg","1033","04794ecd25e588aeb6e88fc17a00d3c67710dd8a9f7d4e7f39806df3ee0c321e","git","1033","04794ecd25e588aeb6e88fc17a00d3c67710dd8a9f7d4e7f39806df3ee0c321e"
"chess4","pdf/Kings_Indian_Attack_Complete_Course/Artwork_Credits_and_Sources/black_rook.svg","library/pdf/Kings_Indian_Attack_Complete_Course/Artwork_Credits_and_Sources/black_rook.svg","705","e99b71dd34a9d9d9ad278b150aaa9d4a33202a53646d2fef2c56684fd9924560","git","705","e99b71dd34a9d9d9ad278b150aaa9d4a33202a53646d2fef2c56684fd9924560"
"chess4","pdf/Kings_Indian_Attack_Complete_Course/Artwork_Credits_and_Sources/GPL-2.0.txt","library/pdf/Kings_Indian_Attack_Complete_Course/Artwork_Credits_and_Sources/GPL-2.0.txt","17337","aaf135472f81c5b4a0dca9367e5bb5e9750032b5bebe5442b36e4c0a47430df3","git","17337","aaf135472f81c5b4a0dca9367e5bb5e9750032b5bebe5442b36e4c0a47430df3"
"chess4","pdf/Kings_Indian_Attack_Complete_Course/Artwork_Credits_and_Sources/white_bishop.svg","library/pdf/Kings_Indian_Attack_Complete_Course/Artwork_Credits_and_Sources/white_bishop.svg","792","6c49bc6c79eb987bbe310fa2bb3b57726f214b993ea2ec2f5a0d9fdb5750d483","git","792","6c49bc6c79eb987bbe310fa2bb3b57726f214b993ea2ec2f5a0d9fdb5750d483"
"chess4","pdf/Kings_Indian_Attack_Complete_Course/Artwork_Credits_and_Sources/white_king.svg","library/pdf/Kings_Indian_Attack_Complete_Course/Artwork_Credits_and_Sources/white_king.svg","727","7d486ecb7e094e7d58d18f43244b0b9dc4a85674870caac9f2db0f85dbe01043","git","727","7d486ecb7e094e7d58d18f43244b0b9dc4a85674870caac9f2db0f85dbe01043"
"chess4","pdf/Kings_Indian_Attack_Complete_Course/Artwork_Credits_and_Sources/white_knight.svg","library/pdf/Kings_Indian_Attack_Complete_Course/Artwork_Credits_and_Sources/white_knight.svg","1038","e10f88376f43949f7c2af8c90d4b21acb5534c38a432ae7137234de970086878","git","1038","e10f88376f43949f7c2af8c90d4b21acb5534c38a432ae7137234de970086878"
"chess4","pdf/Kings_Indian_Attack_Complete_Course/Artwork_Credits_and_Sources/white_pawn.svg","library/pdf/Kings_Indian_Attack_Complete_Course/Artwork_Credits_and_Sources/white_pawn.svg","515","44239187782f14a85d25a2ca521ad38400d3304fe389b147c378b10d0313df24","git","515","44239187782f14a85d25a2ca521ad38400d3304fe389b147c378b10d0313df24"
"chess4","pdf/Kings_Indian_Attack_Complete_Course/Artwork_Credits_and_Sources/white_queen.svg","library/pdf/Kings_Indian_Attack_Complete_Course/Artwork_Credits_and_Sources/white_queen.svg","860","6a8a8d41df7ee761d317cbb964846c58b6d3c0e45d6a9e06de3922a9e4d8086e","git","860","6a8a8d41df7ee761d317cbb964846c58b6d3c0e45d6a9e06de3922a9e4d8086e"
"chess4","pdf/Kings_Indian_Attack_Complete_Course/Artwork_Credits_and_Sources/white_rook.svg","library/pdf/Kings_Indian_Attack_Complete_Course/Artwork_Credits_and_Sources/white_rook.svg","596","b54974a0d35a7b42ad07e14e29825b15d97cdeb59bc8b1781e65ac7238f474e9","git","596","b54974a0d35a7b42ad07e14e29825b15d97cdeb59bc8b1781e65ac7238f474e9"
"chess4","pdf/Kings_Indian_Attack_Complete_Course/Exercise_Solutions.pgn","library/pdf/Kings_Indian_Attack_Complete_Course/Exercise_Solutions.pgn","42568","1b8c949a3165ff276c8e0727752104e5ea013fc3abce2ee03997e6ff8159d68f","git","42568","1b8c949a3165ff276c8e0727752104e5ea013fc3abce2ee03997e6ff8159d68f"
"chess4","pdf/Kings_Indian_Attack_Complete_Course/Middlegame_Laboratories.pgn","library/pdf/Kings_Indian_Attack_Complete_Course/Middlegame_Laboratories.pgn","7851","438ced64342da5b5c0d9f30baedb2f6b31e2f3c55fb4c40abc921da4a64338ea","git","7851","438ced64342da5b5c0d9f30baedb2f6b31e2f3c55fb4c40abc921da4a64338ea"
"chess4","pdf/Kings_Indian_Attack_Complete_Course/OPEN_COURSE.html","library/pdf/Kings_Indian_Attack_Complete_Course/OPEN_COURSE.html","1699","195455efacb4a2e015c683f48a3cf186af8f3e1630b6340c2d1cf775ac0e8ff5","git","1699","195455efacb4a2e015c683f48a3cf186af8f3e1630b6340c2d1cf775ac0e8ff5"
"chess4","pdf/Kings_Indian_Attack_Complete_Course/Repertoire_Lines.pgn","library/pdf/Kings_Indian_Attack_Complete_Course/Repertoire_Lines.pgn","20050","d9628ac3b0cf32feb5cf975c1d6589ac250376cfadf9c7205f7765925a2690a6","git","20050","d9628ac3b0cf32feb5cf975c1d6589ac250376cfadf9c7205f7765925a2690a6"
"chess4","pdf/Kings_Indian_Attack_Complete_Course/START_HERE.txt","library/pdf/Kings_Indian_Attack_Complete_Course/START_HERE.txt","1104","5b090912b748bf08a2bc54de7f722bf7b133457aa91b2b6fea0579645179a143","git","1104","5b090912b748bf08a2bc54de7f722bf7b133457aa91b2b6fea0579645179a143"
"chess4","pdf/Kings_Indian_Attack_Complete_Course/Verification_Manifest.json","library/pdf/Kings_Indian_Attack_Complete_Course/Verification_Manifest.json","1588","7609e0e27c667e580bbeb1a05ae493c0a06796a9f3b7ec19c6636002af6a847d","git","1588","7609e0e27c667e580bbeb1a05ae493c0a06796a9f3b7ec19c6636002af6a847d"
"chess4","pdf/Kings_Indian_Defense_Complete_Course/00_START_HERE_the_Kings_Indian_course.pdf","library/pdf/Kings_Indian_Defense_Complete_Course/00_START_HERE_the_Kings_Indian_course.pdf","95594","435f78299d1f4473f8b49211379c825f5e91a3eb1b288b1e6e9c5c75915e88c7","git","95594","435f78299d1f4473f8b49211379c825f5e91a3eb1b288b1e6e9c5c75915e88c7"
"chess4","pdf/Kings_Indian_Defense_Complete_Course/01_Move_orders_and_when_to_leave_the_standard_setup.pdf","library/pdf/Kings_Indian_Defense_Complete_Course/01_Move_orders_and_when_to_leave_the_standard_setup.pdf","90770","80ef44af6d997e2645f844f8f45345302e416547da1bb8c6fa15af23fb8850ca","git","90770","80ef44af6d997e2645f844f8f45345302e416547da1bb8c6fa15af23fb8850ca"
"chess4","pdf/Kings_Indian_Defense_Complete_Course/02_Classical_gateway_meet_White_before_the_center_closes.pdf","library/pdf/Kings_Indian_Defense_Complete_Course/02_Classical_gateway_meet_White_before_the_center_closes.pdf","108026","1b180db70b2aa7655eb79c46547a74ff75b8cc4ff7617c53d4f7a1f643b0a20a","git","108026","1b180db70b2aa7655eb79c46547a74ff75b8cc4ff7617c53d4f7a1f643b0a20a"
"chess4","pdf/Kings_Indian_Defense_Complete_Course/03_Mar_del_Plata_the_9_Ne1_main_line.pdf","library/pdf/Kings_Indian_Defense_Complete_Course/03_Mar_del_Plata_the_9_Ne1_main_line.pdf","104571","a0d7d1c58975c6c500fe46510a4977608d13f82553bbe191af0107d89fd0c607","git","104571","a0d7d1c58975c6c500fe46510a4977608d13f82553bbe191af0107d89fd0c607"
"chess4","pdf/Kings_Indian_Defense_Complete_Course/04_Bayonet_Attack_meet_9_b4_with_Nh5.pdf","library/pdf/Kings_Indian_Defense_Complete_Course/04_Bayonet_Attack_meet_9_b4_with_Nh5.pdf","104361","d9ec70fd2b083fed03947729c8811110655789b2126b995ce60217acbf762f1b","git","104361","d9ec70fd2b083fed03947729c8811110655789b2126b995ce60217acbf762f1b"
"chess4","pdf/Kings_Indian_Defense_Complete_Course/05_Other_ninth_moves_in_the_closed_Classical.pdf","library/pdf/Kings_Indian_Defense_Complete_Course/05_Other_ninth_moves_in_the_closed_Classical.pdf","104119","f06d06ce10beca967ca700625cbce79d2b850f24d38ce0fac81e171d5b63ccd5","git","104119","f06d06ce10beca967ca700625cbce79d2b850f24d38ce0fac81e171d5b63ccd5"
"chess4","pdf/Kings_Indian_Defense_Complete_Course/06_Exchange_Variation_play_the_queenless_middlegame.pdf","library/pdf/Kings_Indian_Defense_Complete_Course/06_Exchange_Variation_play_the_queenless_middlegame.pdf","100159","6892907c338b453654820419b450e1f380a8824f0dbe9a8ccd9aeb9af9c69b94","git","100159","6892907c338b453654820419b450e1f380a8824f0dbe9a8ccd9aeb9af9c69b94"
"chess4","pdf/Kings_Indian_Defense_Complete_Course/07_Petrosian_Variation_7_d5_before_castling.pdf","library/pdf/Kings_Indian_Defense_Complete_Course/07_Petrosian_Variation_7_d5_before_castling.pdf","100460","b36d76bc9312b759ef9225042fcca3b156a774e3378b7c67ded85f5ad3b746c2","git","100460","b36d76bc9312b759ef9225042fcca3b156a774e3378b7c67ded85f5ad3b746c2"
"chess4","pdf/Kings_Indian_Defense_Complete_Course/08_Gligoric_System_7_Be3_before_castling.pdf","library/pdf/Kings_Indian_Defense_Complete_Course/08_Gligoric_System_7_Be3_before_castling.pdf","100314","3af11e86768d00e1abcbec0476a0d94b32313c0c11153bb7497882e27bb8bcfa","git","100314","3af11e86768d00e1abcbec0476a0d94b32313c0c11153bb7497882e27bb8bcfa"
"chess4","pdf/Kings_Indian_Defense_Complete_Course/09_Samisch_the_Panno_main_repertoire.pdf","library/pdf/Kings_Indian_Defense_Complete_Course/09_Samisch_the_Panno_main_repertoire.pdf","107723","4af607fc861e66ea3594b7d69692422d311cb66feee882783718616b6d59d193","git","107723","4af607fc861e66ea3594b7d69692422d311cb66feee882783718616b6d59d193"
"chess4","pdf/Kings_Indian_Defense_Complete_Course/10_Samisch_deviations_Bg5_and_early_pawn_attacks.pdf","library/pdf/Kings_Indian_Defense_Complete_Course/10_Samisch_deviations_Bg5_and_early_pawn_attacks.pdf","107978","d739d9843b02e2cf5e26df6568d54c3295bc978acd22a52085fa3abb86e36935","git","107978","d739d9843b02e2cf5e26df6568d54c3295bc978acd22a52085fa3abb86e36935"
"chess4","pdf/Kings_Indian_Defense_Complete_Course/11_Four_Pawns_Attack_strike_with_c5_and_e6.pdf","library/pdf/Kings_Indian_Defense_Complete_Course/11_Four_Pawns_Attack_strike_with_c5_and_e6.pdf","111371","885ac3dd80a27a5294b4e44f5765f2be9a0539f6802d6f8058a84aca1aee8d93","git","111371","885ac3dd80a27a5294b4e44f5765f2be9a0539f6802d6f8058a84aca1aee8d93"
"chess4","pdf/Kings_Indian_Defense_Complete_Course/12_Averbakh_meet_6_Bg5_with_a_central_break.pdf","library/pdf/Kings_Indian_Defense_Complete_Course/12_Averbakh_meet_6_Bg5_with_a_central_break.pdf","104017","0cdf39b246f86d215bdcdd209c5c92c3405157a225bcd70021017b9d41105e5b","git","104017","0cdf39b246f86d215bdcdd209c5c92c3405157a225bcd70021017b9d41105e5b"
"chess4","pdf/Kings_Indian_Defense_Complete_Course/13_Makogonov_and_h3_systems.pdf","library/pdf/Kings_Indian_Defense_Complete_Course/13_Makogonov_and_h3_systems.pdf","103959","1edb78377cf32fb3762ed75785034211e4b1017077cd1dc7b55fd8996fc75375","git","103959","1edb78377cf32fb3762ed75785034211e4b1017077cd1dc7b55fd8996fc75375"
"chess4","pdf/Kings_Indian_Defense_Complete_Course/14_Fianchetto_a_classical_Nbd7_repertoire.pdf","library/pdf/Kings_Indian_Defense_Complete_Course/14_Fianchetto_a_classical_Nbd7_repertoire.pdf","107902","7adacb8d05ed014ab3e5f0281fea3727b87e90dca3ea42ea9887b14caf14bfef","git","107902","7adacb8d05ed014ab3e5f0281fea3727b87e90dca3ea42ea9887b14caf14bfef"
"chess4","pdf/Kings_Indian_Defense_Complete_Course/15_Optional_Fianchetto_expansion_the_Panno.pdf","library/pdf/Kings_Indian_Defense_Complete_Course/15_Optional_Fianchetto_expansion_the_Panno.pdf","100398","c4d4a341ad1d58be67f133504e17fac544b9cc897497e79af75701e5d1fc544e","git","100398","c4d4a341ad1d58be67f133504e17fac544b9cc897497e79af75701e5d1fc544e"
"chess4","pdf/Kings_Indian_Defense_Complete_Course/16_Early_bishops_and_unusual_central_systems.pdf","library/pdf/Kings_Indian_Defense_Complete_Course/16_Early_bishops_and_unusual_central_systems.pdf","118937","9b30f1583ef69fd90d858a76f66c2882013cc12b61ab768e1823e99c343dbccb","git","118937","9b30f1583ef69fd90d858a76f66c2882013cc12b61ab768e1823e99c343dbccb"
"chess4","pdf/Kings_Indian_Defense_Complete_Course/17_White_omits_e4_e3_and_quiet_c4_systems.pdf","library/pdf/Kings_Indian_Defense_Complete_Course/17_White_omits_e4_e3_and_quiet_c4_systems.pdf","103837","bef6ddb6ac3742abe645fbf6fd459954a5a5cf1c290fd68377780f5625935529","git","103837","bef6ddb6ac3742abe645fbf6fd459954a5a5cf1c290fd68377780f5625935529"
"chess4","pdf/Kings_Indian_Defense_Complete_Course/18_English_and_Reti_move_orders.pdf","library/pdf/Kings_Indian_Defense_Complete_Course/18_English_and_Reti_move_orders.pdf","103893","00cda53f3211c3f55e1dbec3aff1d556c7921b0d717071439b4146c20e9cd49a","git","103893","00cda53f3211c3f55e1dbec3aff1d556c7921b0d717071439b4146c20e9cd49a"
"chess4","pdf/Kings_Indian_Defense_Complete_Course/19_London_Torre_and_Colle_when_White_omits_c4.pdf","library/pdf/Kings_Indian_Defense_Complete_Course/19_London_Torre_and_Colle_when_White_omits_c4.pdf","104084","b8979e0ddad7fa25cf31f9dd7ad0b8b94d20048df1d368eb52119f507987cfd0","git","104084","b8979e0ddad7fa25cf31f9dd7ad0b8b94d20048df1d368eb52119f507987cfd0"
"chess4","pdf/Kings_Indian_Defense_Complete_Course/20_Trompowsky_Veresov_and_early_deviations.pdf","library/pdf/Kings_Indian_Defense_Complete_Course/20_Trompowsky_Veresov_and_early_deviations.pdf","107648","ad00baac3a6bc7fb068b28e90f1f03edba8e66f3d496bc8dd23dfc022d245417","git","107648","ad00baac3a6bc7fb068b28e90f1f03edba8e66f3d496bc8dd23dfc022d245417"
"chess4","pdf/Kings_Indian_Defense_Complete_Course/21_Pawn_structures_and_strategic_decisions.pdf","library/pdf/Kings_Indian_Defense_Complete_Course/21_Pawn_structures_and_strategic_decisions.pdf","118211","487fb6dbd9c067b9fec8a5417db7406eb1ba950ea666ebd02f5466371bebf6fd","git","118211","487fb6dbd9c067b9fec8a5417db7406eb1ba950ea666ebd02f5466371bebf6fd"
"chess4","pdf/Kings_Indian_Defense_Complete_Course/22_Tactics_defense_and_endgame_transitions.pdf","library/pdf/Kings_Indian_Defense_Complete_Course/22_Tactics_defense_and_endgame_transitions.pdf","121053","aa71397e5ebb5dd025ac2a4c508bbf93ef1153d0bc98be0d6f934ed5d3c3fd44","git","121053","aa71397e5ebb5dd025ac2a4c508bbf93ef1153d0bc98be0d6f934ed5d3c3fd44"
"chess4","pdf/Kings_Indian_Defense_Complete_Course/23_Ten_middlegame_laboratories.pdf","library/pdf/Kings_Indian_Defense_Complete_Course/23_Ten_middlegame_laboratories.pdf","156913","c3192bdb058d6a7de602d7a355e8293fecec0bbc1056587c78f80d19038cf7f0","git","156913","c3192bdb058d6a7de602d7a355e8293fecec0bbc1056587c78f80d19038cf7f0"
"chess4","pdf/Kings_Indian_Defense_Complete_Course/24_72_exercises_with_explained_answers.pdf","library/pdf/Kings_Indian_Defense_Complete_Course/24_72_exercises_with_explained_answers.pdf","237113","ce230468cab46989313a562bac71f5da6f9c2f26a42ce0142248717921e6204d","git","237113","ce230468cab46989313a562bac71f5da6f9c2f26a42ce0142248717921e6204d"
"chess4","pdf/Kings_Indian_Defense_Complete_Course/25_12_week_study_plan_and_quick_reference_cards.pdf","library/pdf/Kings_Indian_Defense_Complete_Course/25_12_week_study_plan_and_quick_reference_cards.pdf","91850","bda95f9824b767845c7be1962311f1862f0b943fd9921483741463a5f8ca2700","git","91850","bda95f9824b767845c7be1962311f1862f0b943fd9921483741463a5f8ca2700"
"chess4","pdf/Kings_Indian_Defense_Complete_Course/26_Sources_glossary_and_verification_method.pdf","library/pdf/Kings_Indian_Defense_Complete_Course/26_Sources_glossary_and_verification_method.pdf","94190","902feee1478b17eb51b73003d0b622869c30d2b385843acb5e90124744a8f129","git","94190","902feee1478b17eb51b73003d0b622869c30d2b385843acb5e90124744a8f129"
"chess4","pdf/Kings_Indian_Defense_Complete_Course/Artwork_Credits_and_Sources/ATTRIBUTION.txt","library/pdf/Kings_Indian_Defense_Complete_Course/Artwork_Credits_and_Sources/ATTRIBUTION.txt","1332","c3c449653e69ea8f582160771e5617552627aca036034a07b87f6de560c38f88","git","1332","c3c449653e69ea8f582160771e5617552627aca036034a07b87f6de560c38f88"
"chess4","pdf/Kings_Indian_Defense_Complete_Course/Artwork_Credits_and_Sources/black_bishop.svg","library/pdf/Kings_Indian_Defense_Complete_Course/Artwork_Credits_and_Sources/black_bishop.svg","800","4a4c423a97b92ea2bc75b99dcc756d6ea9e135162a112132ee82e5638142318e","git","800","4a4c423a97b92ea2bc75b99dcc756d6ea9e135162a112132ee82e5638142318e"
"chess4","pdf/Kings_Indian_Defense_Complete_Course/Artwork_Credits_and_Sources/black_king.svg","library/pdf/Kings_Indian_Defense_Complete_Course/Artwork_Credits_and_Sources/black_king.svg","901","88d99c58085ca521ccd2212829322d1e80dbfe6a09a0d88c66949ac3ebdce9e7","git","901","88d99c58085ca521ccd2212829322d1e80dbfe6a09a0d88c66949ac3ebdce9e7"
"chess4","pdf/Kings_Indian_Defense_Complete_Course/Artwork_Credits_and_Sources/black_knight.svg","library/pdf/Kings_Indian_Defense_Complete_Course/Artwork_Credits_and_Sources/black_knight.svg","1313","5d5aabadd0900630656f134b29b1465c5888ed09c614f5f3200df89e46473d96","git","1313","5d5aabadd0900630656f134b29b1465c5888ed09c614f5f3200df89e46473d96"
"chess4","pdf/Kings_Indian_Defense_Complete_Course/Artwork_Credits_and_Sources/black_pawn.svg","library/pdf/Kings_Indian_Defense_Complete_Course/Artwork_Credits_and_Sources/black_pawn.svg","515","05cfc3dbfd86e6b01a08a9e92831aa48eddc27c1609c3a1d3602723ebd11cf34","git","515","05cfc3dbfd86e6b01a08a9e92831aa48eddc27c1609c3a1d3602723ebd11cf34"
"chess4","pdf/Kings_Indian_Defense_Complete_Course/Artwork_Credits_and_Sources/black_queen.svg","library/pdf/Kings_Indian_Defense_Complete_Course/Artwork_Credits_and_Sources/black_queen.svg","1033","04794ecd25e588aeb6e88fc17a00d3c67710dd8a9f7d4e7f39806df3ee0c321e","git","1033","04794ecd25e588aeb6e88fc17a00d3c67710dd8a9f7d4e7f39806df3ee0c321e"
"chess4","pdf/Kings_Indian_Defense_Complete_Course/Artwork_Credits_and_Sources/black_rook.svg","library/pdf/Kings_Indian_Defense_Complete_Course/Artwork_Credits_and_Sources/black_rook.svg","705","e99b71dd34a9d9d9ad278b150aaa9d4a33202a53646d2fef2c56684fd9924560","git","705","e99b71dd34a9d9d9ad278b150aaa9d4a33202a53646d2fef2c56684fd9924560"
"chess4","pdf/Kings_Indian_Defense_Complete_Course/Artwork_Credits_and_Sources/GPL-2.0.txt","library/pdf/Kings_Indian_Defense_Complete_Course/Artwork_Credits_and_Sources/GPL-2.0.txt","17337","aaf135472f81c5b4a0dca9367e5bb5e9750032b5bebe5442b36e4c0a47430df3","git","17337","aaf135472f81c5b4a0dca9367e5bb5e9750032b5bebe5442b36e4c0a47430df3"
"chess4","pdf/Kings_Indian_Defense_Complete_Course/Artwork_Credits_and_Sources/white_bishop.svg","library/pdf/Kings_Indian_Defense_Complete_Course/Artwork_Credits_and_Sources/white_bishop.svg","792","6c49bc6c79eb987bbe310fa2bb3b57726f214b993ea2ec2f5a0d9fdb5750d483","git","792","6c49bc6c79eb987bbe310fa2bb3b57726f214b993ea2ec2f5a0d9fdb5750d483"
"chess4","pdf/Kings_Indian_Defense_Complete_Course/Artwork_Credits_and_Sources/white_king.svg","library/pdf/Kings_Indian_Defense_Complete_Course/Artwork_Credits_and_Sources/white_king.svg","727","7d486ecb7e094e7d58d18f43244b0b9dc4a85674870caac9f2db0f85dbe01043","git","727","7d486ecb7e094e7d58d18f43244b0b9dc4a85674870caac9f2db0f85dbe01043"
"chess4","pdf/Kings_Indian_Defense_Complete_Course/Artwork_Credits_and_Sources/white_knight.svg","library/pdf/Kings_Indian_Defense_Complete_Course/Artwork_Credits_and_Sources/white_knight.svg","1038","e10f88376f43949f7c2af8c90d4b21acb5534c38a432ae7137234de970086878","git","1038","e10f88376f43949f7c2af8c90d4b21acb5534c38a432ae7137234de970086878"
"chess4","pdf/Kings_Indian_Defense_Complete_Course/Artwork_Credits_and_Sources/white_pawn.svg","library/pdf/Kings_Indian_Defense_Complete_Course/Artwork_Credits_and_Sources/white_pawn.svg","515","44239187782f14a85d25a2ca521ad38400d3304fe389b147c378b10d0313df24","git","515","44239187782f14a85d25a2ca521ad38400d3304fe389b147c378b10d0313df24"
"chess4","pdf/Kings_Indian_Defense_Complete_Course/Artwork_Credits_and_Sources/white_queen.svg","library/pdf/Kings_Indian_Defense_Complete_Course/Artwork_Credits_and_Sources/white_queen.svg","860","6a8a8d41df7ee761d317cbb964846c58b6d3c0e45d6a9e06de3922a9e4d8086e","git","860","6a8a8d41df7ee761d317cbb964846c58b6d3c0e45d6a9e06de3922a9e4d8086e"
"chess4","pdf/Kings_Indian_Defense_Complete_Course/Artwork_Credits_and_Sources/white_rook.svg","library/pdf/Kings_Indian_Defense_Complete_Course/Artwork_Credits_and_Sources/white_rook.svg","596","b54974a0d35a7b42ad07e14e29825b15d97cdeb59bc8b1781e65ac7238f474e9","git","596","b54974a0d35a7b42ad07e14e29825b15d97cdeb59bc8b1781e65ac7238f474e9"
"chess4","pdf/Kings_Indian_Defense_Complete_Course/COMPLETE_Kings_Indian_Defense_Course.pdf","library/pdf/Kings_Indian_Defense_Complete_Course/COMPLETE_Kings_Indian_Defense_Course.pdf","2968215","72bc193ea7ed2d6173f98e5dff7465e6876fd1e450847a09a95b26e795145df8","git","2968215","72bc193ea7ed2d6173f98e5dff7465e6876fd1e450847a09a95b26e795145df8"
"chess4","pdf/Kings_Indian_Defense_Complete_Course/Course_Manifest.json","library/pdf/Kings_Indian_Defense_Complete_Course/Course_Manifest.json","5968","98b36bca94e531f2044918b2ec83625ecf808f42715c8c4771976c108d403723","git","5968","98b36bca94e531f2044918b2ec83625ecf808f42715c8c4771976c108d403723"
"chess4","pdf/Kings_Indian_Defense_Complete_Course/Exercises.pgn","library/pdf/Kings_Indian_Defense_Complete_Course/Exercises.pgn","47091","491834a117c0551916657da59b0e0ae67063cc33197a861ef8463e721b121c0e","git","47091","491834a117c0551916657da59b0e0ae67063cc33197a861ef8463e721b121c0e"
"chess4","pdf/Kings_Indian_Defense_Complete_Course/Middlegame_Laboratory.pgn","library/pdf/Kings_Indian_Defense_Complete_Course/Middlegame_Laboratory.pgn","5292","b3caf41206f3b2b353382a2524873dbf2abe129463754a2e40254010d8142180","git","5292","b3caf41206f3b2b353382a2524873dbf2abe129463754a2e40254010d8142180"
"chess4","pdf/Kings_Indian_Defense_Complete_Course/READ_ME_FIRST.txt","library/pdf/Kings_Indian_Defense_Complete_Course/READ_ME_FIRST.txt","1936","55cad6542c831fdcba96147fec74cf5cf756034e9c9a2d5849ec6a233718494e","git","1936","55cad6542c831fdcba96147fec74cf5cf756034e9c9a2d5849ec6a233718494e"
"chess4","pdf/Kings_Indian_Defense_Complete_Course/Repertoire_Lines.pgn","library/pdf/Kings_Indian_Defense_Complete_Course/Repertoire_Lines.pgn","65125","13978c3997fe316330f9c2c91d90ec825b936c0107278b9fce61985740a7fd4b","git","65125","13978c3997fe316330f9c2c91d90ec825b936c0107278b9fce61985740a7fd4b"
"chess4","pdf/Kings_Indian_Defense_Complete_Course/Verification_Summary.txt","library/pdf/Kings_Indian_Defense_Complete_Course/Verification_Summary.txt","857","6f8b8395e7ebba2c653441130f03e14ba9f7dd995c651590f579a8f428e9c0c0","git","857","6f8b8395e7ebba2c653441130f03e14ba9f7dd995c651590f579a8f428e9c0c0"
"chess4","pdf/Scandinavian_Defense_Complete_Course/00_Complete_Course.pdf","library/pdf/Scandinavian_Defense_Complete_Course/00_Complete_Course.pdf","926803","9f2719823425e31f4aff2182b406ddffa56bc1f8439f94191a081d621372f973","git","926803","9f2719823425e31f4aff2182b406ddffa56bc1f8439f94191a081d621372f973"
"chess4","pdf/Scandinavian_Defense_Complete_Course/00_Start_Here_and_Foundations.pdf","library/pdf/Scandinavian_Defense_Complete_Course/00_Start_Here_and_Foundations.pdf","115801","76c0a7a9395e3c96ae33bb9d14b827d9d9839fd86f2458355b8198959eda1976","git","115801","76c0a7a9395e3c96ae33bb9d14b827d9d9839fd86f2458355b8198959eda1976"
"chess4","pdf/Scandinavian_Defense_Complete_Course/01_Opening_Theory_and_Move_Orders.pdf","library/pdf/Scandinavian_Defense_Complete_Course/01_Opening_Theory_and_Move_Orders.pdf","193365","5af594e61fead635908216a683305153e35bab347c181b54a129b0b1029781e6","git","193365","5af594e61fead635908216a683305153e35bab347c181b54a129b0b1029781e6"
"chess4","pdf/Scandinavian_Defense_Complete_Course/02_Strategy_Tactics_and_Endgames.pdf","library/pdf/Scandinavian_Defense_Complete_Course/02_Strategy_Tactics_and_Endgames.pdf","132357","4ef5091f482c446625761cd3d219cd08aab24ca7035871f2672c5e4de54b8d46","git","132357","4ef5091f482c446625761cd3d219cd08aab24ca7035871f2672c5e4de54b8d46"
"chess4","pdf/Scandinavian_Defense_Complete_Course/03_Six_Middlegame_Laboratories.pdf","library/pdf/Scandinavian_Defense_Complete_Course/03_Six_Middlegame_Laboratories.pdf","191716","60582223c79389bbafb806fea701afef214cbe508fa3007f48c3909094a6d256","git","191716","60582223c79389bbafb806fea701afef214cbe508fa3007f48c3909094a6d256"
"chess4","pdf/Scandinavian_Defense_Complete_Course/04_48_Exercises_and_Explained_Answers.pdf","library/pdf/Scandinavian_Defense_Complete_Course/04_48_Exercises_and_Explained_Answers.pdf","197911","0c4c436ead897691f48f1e339a45dde28b3ccdb70cd5758940df7152702ea32f","git","197911","0c4c436ead897691f48f1e339a45dde28b3ccdb70cd5758940df7152702ea32f"
"chess4","pdf/Scandinavian_Defense_Complete_Course/05_Study_Plan_Reference_and_Sources.pdf","library/pdf/Scandinavian_Defense_Complete_Course/05_Study_Plan_Reference_and_Sources.pdf","104901","9117aa362b7060fcae3e008013054a5fd45b65165fbed2c40545660d7aab7908","git","104901","9117aa362b7060fcae3e008013054a5fd45b65165fbed2c40545660d7aab7908"
"chess4","pdf/Scandinavian_Defense_Complete_Course/Artwork_Credits_and_Sources/ATTRIBUTION.txt","library/pdf/Scandinavian_Defense_Complete_Course/Artwork_Credits_and_Sources/ATTRIBUTION.txt","403","f08eab04d0d78d56efe77b072b59958815dce0d935c4c38fdebf98b74a14d55e","git","403","f08eab04d0d78d56efe77b072b59958815dce0d935c4c38fdebf98b74a14d55e"
"chess4","pdf/Scandinavian_Defense_Complete_Course/Artwork_Credits_and_Sources/black_bishop.svg","library/pdf/Scandinavian_Defense_Complete_Course/Artwork_Credits_and_Sources/black_bishop.svg","800","4a4c423a97b92ea2bc75b99dcc756d6ea9e135162a112132ee82e5638142318e","git","800","4a4c423a97b92ea2bc75b99dcc756d6ea9e135162a112132ee82e5638142318e"
"chess4","pdf/Scandinavian_Defense_Complete_Course/Artwork_Credits_and_Sources/black_king.svg","library/pdf/Scandinavian_Defense_Complete_Course/Artwork_Credits_and_Sources/black_king.svg","901","88d99c58085ca521ccd2212829322d1e80dbfe6a09a0d88c66949ac3ebdce9e7","git","901","88d99c58085ca521ccd2212829322d1e80dbfe6a09a0d88c66949ac3ebdce9e7"
"chess4","pdf/Scandinavian_Defense_Complete_Course/Artwork_Credits_and_Sources/black_knight.svg","library/pdf/Scandinavian_Defense_Complete_Course/Artwork_Credits_and_Sources/black_knight.svg","1313","5d5aabadd0900630656f134b29b1465c5888ed09c614f5f3200df89e46473d96","git","1313","5d5aabadd0900630656f134b29b1465c5888ed09c614f5f3200df89e46473d96"
"chess4","pdf/Scandinavian_Defense_Complete_Course/Artwork_Credits_and_Sources/black_pawn.svg","library/pdf/Scandinavian_Defense_Complete_Course/Artwork_Credits_and_Sources/black_pawn.svg","515","05cfc3dbfd86e6b01a08a9e92831aa48eddc27c1609c3a1d3602723ebd11cf34","git","515","05cfc3dbfd86e6b01a08a9e92831aa48eddc27c1609c3a1d3602723ebd11cf34"
"chess4","pdf/Scandinavian_Defense_Complete_Course/Artwork_Credits_and_Sources/black_queen.svg","library/pdf/Scandinavian_Defense_Complete_Course/Artwork_Credits_and_Sources/black_queen.svg","1033","04794ecd25e588aeb6e88fc17a00d3c67710dd8a9f7d4e7f39806df3ee0c321e","git","1033","04794ecd25e588aeb6e88fc17a00d3c67710dd8a9f7d4e7f39806df3ee0c321e"
"chess4","pdf/Scandinavian_Defense_Complete_Course/Artwork_Credits_and_Sources/black_rook.svg","library/pdf/Scandinavian_Defense_Complete_Course/Artwork_Credits_and_Sources/black_rook.svg","705","e99b71dd34a9d9d9ad278b150aaa9d4a33202a53646d2fef2c56684fd9924560","git","705","e99b71dd34a9d9d9ad278b150aaa9d4a33202a53646d2fef2c56684fd9924560"
"chess4","pdf/Scandinavian_Defense_Complete_Course/Artwork_Credits_and_Sources/GPL-2.0.txt","library/pdf/Scandinavian_Defense_Complete_Course/Artwork_Credits_and_Sources/GPL-2.0.txt","17337","aaf135472f81c5b4a0dca9367e5bb5e9750032b5bebe5442b36e4c0a47430df3","git","17337","aaf135472f81c5b4a0dca9367e5bb5e9750032b5bebe5442b36e4c0a47430df3"
"chess4","pdf/Scandinavian_Defense_Complete_Course/Artwork_Credits_and_Sources/white_bishop.svg","library/pdf/Scandinavian_Defense_Complete_Course/Artwork_Credits_and_Sources/white_bishop.svg","792","6c49bc6c79eb987bbe310fa2bb3b57726f214b993ea2ec2f5a0d9fdb5750d483","git","792","6c49bc6c79eb987bbe310fa2bb3b57726f214b993ea2ec2f5a0d9fdb5750d483"
"chess4","pdf/Scandinavian_Defense_Complete_Course/Artwork_Credits_and_Sources/white_king.svg","library/pdf/Scandinavian_Defense_Complete_Course/Artwork_Credits_and_Sources/white_king.svg","727","7d486ecb7e094e7d58d18f43244b0b9dc4a85674870caac9f2db0f85dbe01043","git","727","7d486ecb7e094e7d58d18f43244b0b9dc4a85674870caac9f2db0f85dbe01043"
"chess4","pdf/Scandinavian_Defense_Complete_Course/Artwork_Credits_and_Sources/white_knight.svg","library/pdf/Scandinavian_Defense_Complete_Course/Artwork_Credits_and_Sources/white_knight.svg","1038","e10f88376f43949f7c2af8c90d4b21acb5534c38a432ae7137234de970086878","git","1038","e10f88376f43949f7c2af8c90d4b21acb5534c38a432ae7137234de970086878"
"chess4","pdf/Scandinavian_Defense_Complete_Course/Artwork_Credits_and_Sources/white_pawn.svg","library/pdf/Scandinavian_Defense_Complete_Course/Artwork_Credits_and_Sources/white_pawn.svg","515","44239187782f14a85d25a2ca521ad38400d3304fe389b147c378b10d0313df24","git","515","44239187782f14a85d25a2ca521ad38400d3304fe389b147c378b10d0313df24"
"chess4","pdf/Scandinavian_Defense_Complete_Course/Artwork_Credits_and_Sources/white_queen.svg","library/pdf/Scandinavian_Defense_Complete_Course/Artwork_Credits_and_Sources/white_queen.svg","860","6a8a8d41df7ee761d317cbb964846c58b6d3c0e45d6a9e06de3922a9e4d8086e","git","860","6a8a8d41df7ee761d317cbb964846c58b6d3c0e45d6a9e06de3922a9e4d8086e"
"chess4","pdf/Scandinavian_Defense_Complete_Course/Artwork_Credits_and_Sources/white_rook.svg","library/pdf/Scandinavian_Defense_Complete_Course/Artwork_Credits_and_Sources/white_rook.svg","596","b54974a0d35a7b42ad07e14e29825b15d97cdeb59bc8b1781e65ac7238f474e9","git","596","b54974a0d35a7b42ad07e14e29825b15d97cdeb59bc8b1781e65ac7238f474e9"
"chess4","pdf/Scandinavian_Defense_Complete_Course/Exercise_Solutions.pgn","library/pdf/Scandinavian_Defense_Complete_Course/Exercise_Solutions.pgn","42864","85003ddaee7515fd02b1062205982b0c660733b0f64fa37c99ddfda7af60fbf0","git","42864","85003ddaee7515fd02b1062205982b0c660733b0f64fa37c99ddfda7af60fbf0"
"chess4","pdf/Scandinavian_Defense_Complete_Course/Middlegame_Laboratories.pgn","library/pdf/Scandinavian_Defense_Complete_Course/Middlegame_Laboratories.pgn","7985","78da291c12169ef7586b99bd6bd4e137555cfd0f0b810d5698209bd199db9df0","git","7985","78da291c12169ef7586b99bd6bd4e137555cfd0f0b810d5698209bd199db9df0"
"chess4","pdf/Scandinavian_Defense_Complete_Course/OPEN_COURSE.html","library/pdf/Scandinavian_Defense_Complete_Course/OPEN_COURSE.html","1717","10ae48f9c120e0b376459a8a3c670496d2f4b47ab2c53db9f101600f26acf4a8","git","1717","10ae48f9c120e0b376459a8a3c670496d2f4b47ab2c53db9f101600f26acf4a8"
"chess4","pdf/Scandinavian_Defense_Complete_Course/Repertoire_Lines.pgn","library/pdf/Scandinavian_Defense_Complete_Course/Repertoire_Lines.pgn","21642","694ab0157bc88860dababc4fe57d027869abedf8e69541366db0926835950ff8","git","21642","694ab0157bc88860dababc4fe57d027869abedf8e69541366db0926835950ff8"
"chess4","pdf/Scandinavian_Defense_Complete_Course/START_HERE.txt","library/pdf/Scandinavian_Defense_Complete_Course/START_HERE.txt","1132","382a9f6492a7e533b73aeb0cc25d778565300677267679bd014970a3a5bddf94","git","1132","382a9f6492a7e533b73aeb0cc25d778565300677267679bd014970a3a5bddf94"
"chess4","pdf/Scandinavian_Defense_Complete_Course/Verification_Manifest.json","library/pdf/Scandinavian_Defense_Complete_Course/Verification_Manifest.json","1588","a1acb4ee329d54f64bc93ed205a0a5febb7594d12b05650f19a6e9fca09d18aa","git","1588","a1acb4ee329d54f64bc93ed205a0a5febb7594d12b05650f19a6e9fca09d18aa"
"chess4","README.md","library/README.md","3007","98238e3a18a01461b377e305907c2a2489e14489015489a28730e3d42eb95153","git","3007","98238e3a18a01461b377e305907c2a2489e14489015489a28730e3d42eb95153"
